country,year,co2_mt
ABW,1850,0
ABW,1851,0
ABW,1852,0
ABW,1853,0
ABW,1854,0
ABW,1855,0
ABW,1856,0
ABW,1857,0
ABW,1858,0
ABW,1859,0
ABW,1860,0
ABW,1861,0
ABW,1862,0
ABW,1863,0
ABW,1864,0
ABW,1865,0
ABW,1866,0
ABW,1867,0
ABW,1868,0
ABW,1869,0
ABW,1870,0
ABW,1871,0
ABW,1872,0
ABW,1873,0
ABW,1874,0
ABW,1875,0
ABW,1876,0
ABW,1877,0
ABW,1878,0
ABW,1879,0
ABW,1880,0
ABW,1881,0
ABW,1882,0
ABW,1883,0
ABW,1884,0
ABW,1885,0
ABW,1886,0
ABW,1887,0
ABW,1888,0
ABW,1889,0
ABW,1890,0
ABW,1891,0
ABW,1892,0
ABW,1893,0
ABW,1894,0
ABW,1895,0
ABW,1896,0
ABW,1897,0
ABW,1898,0
ABW,1899,0
ABW,1900,0
ABW,1901,0
ABW,1902,0
ABW,1903,0
ABW,1904,0
ABW,1905,0
ABW,1906,0
ABW,1907,0
ABW,1908,0
ABW,1909,0
ABW,1910,0
ABW,1911,0
ABW,1912,0
ABW,1913,0
ABW,1914,0
ABW,1915,0
ABW,1916,0
ABW,1917,0
ABW,1918,0
ABW,1919,0
ABW,1920,0
ABW,1921,0
ABW,1922,0
ABW,1923,0
ABW,1924,0
ABW,1925,0
ABW,1926,0
ABW,1927,0
ABW,1928,0
ABW,1929,0
ABW,1930,0
ABW,1931,0
ABW,1932,0
ABW,1933,0
ABW,1934,0
ABW,1935,0
ABW,1936,0
ABW,1937,0
ABW,1938,0
ABW,1939,0
ABW,1940,0
ABW,1941,0
ABW,1942,0
ABW,1943,0
ABW,1944,0
ABW,1945,0
ABW,1946,0
ABW,1947,0
ABW,1948,0
ABW,1949,0
ABW,1950,0.41
ABW,1951,0.646
ABW,1952,0.373
ABW,1953,0.432
ABW,1954,0.873
ABW,1955,0.722
ABW,1956,0.934
ABW,1957,0.638
ABW,1958,0.559
ABW,1959,0.719
ABW,1960,0.619
ABW,1961,0.646
ABW,1962,0.709
ABW,1963,0.679
ABW,1964,0.66
ABW,1965,0.592
ABW,1966,0.554
ABW,1967,0.682
ABW,1968,0.635
ABW,1969,0.83
ABW,1970,0.929
ABW,1971,0.808
ABW,1972,0.784
ABW,1973,0.869
ABW,1974,0.788
ABW,1975,0.571
ABW,1976,1.219
ABW,1977,0.637
ABW,1978,0.542
ABW,1979,0.569
ABW,1980,0.585
ABW,1981,0.558
ABW,1982,0.623
ABW,1983,0.32
ABW,1984,0.8
ABW,1985,0.937
ABW,1986,0.18
ABW,1987,0.447
ABW,1988,0.612
ABW,1989,0.649
ABW,1990,0.487
ABW,1991,0.531
ABW,1992,0.539
ABW,1993,0.649
ABW,1994,0.66
ABW,1995,0.711
ABW,1996,0.722
ABW,1997,0.758
ABW,1998,0.806
ABW,1999,0.81
ABW,2000,2.378
ABW,2001,2.407
ABW,2002,2.437
ABW,2003,2.561
ABW,2004,2.616
ABW,2005,2.715
ABW,2006,2.711
ABW,2007,2.821
ABW,2008,2.656
ABW,2009,2.627
ABW,2010,2.506
ABW,2011,2.495
ABW,2012,1.345
ABW,2013,0.861
ABW,2014,0.872
ABW,2015,0.898
ABW,2016,0.883
ABW,2017,0.89
ABW,2018,0.868
ABW,2019,0.832
ABW,2020,0.821
ABW,2021,0.861
ABW,2022,0.888
ABW,2023,0.887
ABW,2024,0.921
AFG,1750,0
AFG,1751,0
AFG,1752,0
AFG,1753,0
AFG,1754,0
AFG,1755,0
AFG,1756,0
AFG,1757,0
AFG,1758,0
AFG,1759,0
AFG,1760,0
AFG,1761,0
AFG,1762,0
AFG,1763,0
AFG,1764,0
AFG,1765,0
AFG,1766,0
AFG,1767,0
AFG,1768,0
AFG,1769,0
AFG,1770,0
AFG,1771,0
AFG,1772,0
AFG,1773,0
AFG,1774,0
AFG,1775,0
AFG,1776,0
AFG,1777,0
AFG,1778,0
AFG,1779,0
AFG,1780,0
AFG,1781,0
AFG,1782,0
AFG,1783,0
AFG,1784,0
AFG,1785,0
AFG,1786,0
AFG,1787,0
AFG,1788,0
AFG,1789,0
AFG,1790,0
AFG,1791,0
AFG,1792,0
AFG,1793,0
AFG,1794,0
AFG,1795,0
AFG,1796,0
AFG,1797,0
AFG,1798,0
AFG,1799,0
AFG,1800,0
AFG,1801,0
AFG,1802,0
AFG,1803,0
AFG,1804,0
AFG,1805,0
AFG,1806,0
AFG,1807,0
AFG,1808,0
AFG,1809,0
AFG,1810,0
AFG,1811,0
AFG,1812,0
AFG,1813,0
AFG,1814,0
AFG,1815,0
AFG,1816,0
AFG,1817,0
AFG,1818,0
AFG,1819,0
AFG,1820,0
AFG,1821,0
AFG,1822,0
AFG,1823,0
AFG,1824,0
AFG,1825,0
AFG,1826,0
AFG,1827,0
AFG,1828,0
AFG,1829,0
AFG,1830,0
AFG,1831,0
AFG,1832,0
AFG,1833,0
AFG,1834,0
AFG,1835,0
AFG,1836,0
AFG,1837,0
AFG,1838,0
AFG,1839,0
AFG,1840,0
AFG,1841,0
AFG,1842,0
AFG,1843,0
AFG,1844,0
AFG,1845,0
AFG,1846,0
AFG,1847,0
AFG,1848,0
AFG,1849,0
AFG,1850,0
AFG,1851,0
AFG,1852,0
AFG,1853,0
AFG,1854,0
AFG,1855,0
AFG,1856,0
AFG,1857,0
AFG,1858,0
AFG,1859,0
AFG,1860,0
AFG,1861,0
AFG,1862,0
AFG,1863,0
AFG,1864,0
AFG,1865,0
AFG,1866,0
AFG,1867,0
AFG,1868,0
AFG,1869,0
AFG,1870,0
AFG,1871,0
AFG,1872,0
AFG,1873,0
AFG,1874,0
AFG,1875,0
AFG,1876,0
AFG,1877,0
AFG,1878,0
AFG,1879,0
AFG,1880,0
AFG,1881,0
AFG,1882,0
AFG,1883,0
AFG,1884,0
AFG,1885,0
AFG,1886,0
AFG,1887,0
AFG,1888,0
AFG,1889,0
AFG,1890,0
AFG,1891,0
AFG,1892,0
AFG,1893,0
AFG,1894,0
AFG,1895,0
AFG,1896,0
AFG,1897,0
AFG,1898,0
AFG,1899,0
AFG,1900,0
AFG,1901,0
AFG,1902,0
AFG,1903,0
AFG,1904,0
AFG,1905,0
AFG,1906,0
AFG,1907,0
AFG,1908,0
AFG,1909,0
AFG,1910,0
AFG,1911,0
AFG,1912,0
AFG,1913,0
AFG,1914,0
AFG,1915,0
AFG,1916,0
AFG,1917,0
AFG,1918,0
AFG,1919,0
AFG,1920,0
AFG,1921,0
AFG,1922,0
AFG,1923,0
AFG,1924,0
AFG,1925,0
AFG,1926,0
AFG,1927,0
AFG,1928,0
AFG,1929,0
AFG,1930,0
AFG,1931,0
AFG,1932,0
AFG,1933,0
AFG,1934,0
AFG,1935,0
AFG,1936,0
AFG,1937,0
AFG,1938,0
AFG,1939,0
AFG,1940,0
AFG,1941,0
AFG,1942,0
AFG,1943,0
AFG,1944,0
AFG,1945,0
AFG,1946,0
AFG,1947,0
AFG,1948,0
AFG,1949,0.015
AFG,1950,0.084
AFG,1951,0.092
AFG,1952,0.092
AFG,1953,0.106
AFG,1954,0.106
AFG,1955,0.154
AFG,1956,0.183
AFG,1957,0.293
AFG,1958,0.33
AFG,1959,0.385
AFG,1960,0.414
AFG,1961,0.491
AFG,1962,0.689
AFG,1963,0.707
AFG,1964,0.839
AFG,1965,1.007
AFG,1966,1.091
AFG,1967,1.282
AFG,1968,1.223
AFG,1969,0.941
AFG,1970,1.67
AFG,1971,1.894
AFG,1972,1.53
AFG,1973,1.635
AFG,1974,1.913
AFG,1975,2.121
AFG,1976,1.981
AFG,1977,2.384
AFG,1978,2.153
AFG,1979,2.233
AFG,1980,1.756
AFG,1981,1.978
AFG,1982,2.095
AFG,1983,2.52
AFG,1984,2.822
AFG,1985,3.501
AFG,1986,3.134
AFG,1987,3.114
AFG,1988,2.857
AFG,1989,2.765
AFG,1990,2.024
AFG,1991,1.914
AFG,1992,1.482
AFG,1993,1.487
AFG,1994,1.454
AFG,1995,1.417
AFG,1996,1.37
AFG,1997,1.304
AFG,1998,1.279
AFG,1999,1.092
AFG,2000,1.047
AFG,2001,1.069
AFG,2002,1.341
AFG,2003,1.56
AFG,2004,1.237
AFG,2005,1.89
AFG,2006,2.159
AFG,2007,2.8
AFG,2008,4.254
AFG,2009,6.388
AFG,2010,8.365
AFG,2011,11.41
AFG,2012,9.731
AFG,2013,8.891
AFG,2014,8.698
AFG,2015,9.384
AFG,2016,8.606
AFG,2017,9.311
AFG,2018,10.192
AFG,2019,10.4
AFG,2020,11.119
AFG,2021,9.869
AFG,2022,10.17
AFG,2023,10.516
AFG,2024,10.826
AGO,1850,0
AGO,1851,0
AGO,1852,0
AGO,1853,0
AGO,1854,0
AGO,1855,0
AGO,1856,0
AGO,1857,0
AGO,1858,0
AGO,1859,0
AGO,1860,0
AGO,1861,0
AGO,1862,0
AGO,1863,0
AGO,1864,0
AGO,1865,0
AGO,1866,0
AGO,1867,0
AGO,1868,0
AGO,1869,0
AGO,1870,0
AGO,1871,0
AGO,1872,0
AGO,1873,0
AGO,1874,0
AGO,1875,0
AGO,1876,0
AGO,1877,0
AGO,1878,0
AGO,1879,0
AGO,1880,0
AGO,1881,0
AGO,1882,0
AGO,1883,0
AGO,1884,0
AGO,1885,0
AGO,1886,0
AGO,1887,0
AGO,1888,0
AGO,1889,0
AGO,1890,0
AGO,1891,0
AGO,1892,0
AGO,1893,0
AGO,1894,0
AGO,1895,0
AGO,1896,0
AGO,1897,0
AGO,1898,0
AGO,1899,0
AGO,1900,0
AGO,1901,0
AGO,1902,0
AGO,1903,0
AGO,1904,0
AGO,1905,0
AGO,1906,0
AGO,1907,0
AGO,1908,0
AGO,1909,0
AGO,1910,0
AGO,1911,0
AGO,1912,0
AGO,1913,0
AGO,1914,0
AGO,1915,0
AGO,1916,0
AGO,1917,0
AGO,1918,0
AGO,1919,0
AGO,1920,0
AGO,1921,0
AGO,1922,0
AGO,1923,0
AGO,1924,0
AGO,1925,0
AGO,1926,0
AGO,1927,0
AGO,1928,0
AGO,1929,0
AGO,1930,0
AGO,1931,0
AGO,1932,0
AGO,1933,0
AGO,1934,0
AGO,1935,0
AGO,1936,0
AGO,1937,0
AGO,1938,0
AGO,1939,0
AGO,1940,0
AGO,1941,0
AGO,1942,0
AGO,1943,0
AGO,1944,0
AGO,1945,0
AGO,1946,0
AGO,1947,0
AGO,1948,0
AGO,1949,0
AGO,1950,0.187
AGO,1951,0.249
AGO,1952,0.311
AGO,1953,0.275
AGO,1954,0.348
AGO,1955,0.414
AGO,1956,0.502
AGO,1957,0.619
AGO,1958,0.593
AGO,1959,0.619
AGO,1960,0.549
AGO,1961,0.454
AGO,1962,1.179
AGO,1963,1.15
AGO,1964,1.223
AGO,1965,1.186
AGO,1966,1.552
AGO,1967,0.992
AGO,1968,1.67
AGO,1969,2.783
AGO,1970,3.578
AGO,1971,3.405
AGO,1972,4.501
AGO,1973,4.874
AGO,1974,4.866
AGO,1975,4.409
AGO,1976,3.28
AGO,1977,3.528
AGO,1978,5.4
AGO,1979,5.489
AGO,1980,5.334
AGO,1981,5.267
AGO,1982,4.635
AGO,1983,5.101
AGO,1984,4.986
AGO,1985,4.676
AGO,1986,4.634
AGO,1987,5.786
AGO,1988,5.049
AGO,1989,4.923
AGO,1990,5.09
AGO,1991,5.064
AGO,1992,5.164
AGO,1993,5.748
AGO,1994,11.353
AGO,1995,12.617
AGO,1996,15.249
AGO,1997,15.884
AGO,1998,16.513
AGO,1999,17.261
AGO,2000,15.995
AGO,2001,15.908
AGO,2002,16.08
AGO,2003,17.484
AGO,2004,17.016
AGO,2005,15.387
AGO,2006,17.145
AGO,2007,17.588
AGO,2008,18.75
AGO,2009,20.668
AGO,2010,22.983
AGO,2011,23.397
AGO,2012,25.941
AGO,2013,25.71
AGO,2014,26.092
AGO,2015,27.505
AGO,2016,25.466
AGO,2017,23.601
AGO,2018,23.278
AGO,2019,22.21
AGO,2020,16.549
AGO,2021,19.219
AGO,2022,21.089
AGO,2023,21.675
AGO,2024,22.334
AIA,1850,0
AIA,1851,0
AIA,1852,0
AIA,1853,0
AIA,1854,0
AIA,1855,0
AIA,1856,0
AIA,1857,0
AIA,1858,0
AIA,1859,0
AIA,1860,0
AIA,1861,0
AIA,1862,0
AIA,1863,0
AIA,1864,0
AIA,1865,0
AIA,1866,0
AIA,1867,0
AIA,1868,0
AIA,1869,0
AIA,1870,0
AIA,1871,0
AIA,1872,0
AIA,1873,0
AIA,1874,0
AIA,1875,0
AIA,1876,0
AIA,1877,0
AIA,1878,0
AIA,1879,0
AIA,1880,0
AIA,1881,0
AIA,1882,0
AIA,1883,0
AIA,1884,0
AIA,1885,0
AIA,1886,0
AIA,1887,0
AIA,1888,0
AIA,1889,0
AIA,1890,0
AIA,1891,0
AIA,1892,0
AIA,1893,0
AIA,1894,0
AIA,1895,0
AIA,1896,0
AIA,1897,0
AIA,1898,0
AIA,1899,0
AIA,1900,0
AIA,1901,0
AIA,1902,0
AIA,1903,0
AIA,1904,0
AIA,1905,0
AIA,1906,0
AIA,1907,0
AIA,1908,0
AIA,1909,0
AIA,1910,0
AIA,1911,0
AIA,1912,0
AIA,1913,0
AIA,1914,0
AIA,1915,0
AIA,1916,0
AIA,1917,0
AIA,1918,0
AIA,1919,0
AIA,1920,0
AIA,1921,0
AIA,1922,0
AIA,1923,0
AIA,1924,0
AIA,1925,0
AIA,1926,0
AIA,1927,0
AIA,1928,0
AIA,1929,0
AIA,1930,0
AIA,1931,0
AIA,1932,0
AIA,1933,0
AIA,1934,0
AIA,1935,0
AIA,1936,0
AIA,1937,0
AIA,1938,0
AIA,1939,0
AIA,1940,0
AIA,1941,0
AIA,1942,0
AIA,1943,0
AIA,1944,0
AIA,1945,0
AIA,1946,0
AIA,1947,0
AIA,1948,0
AIA,1949,0
AIA,1950,0
AIA,1951,0
AIA,1952,0
AIA,1953,0
AIA,1954,0
AIA,1955,0
AIA,1956,0
AIA,1957,0
AIA,1958,0
AIA,1959,0
AIA,1960,0
AIA,1961,0
AIA,1962,0
AIA,1963,0
AIA,1964,0
AIA,1965,0
AIA,1966,0
AIA,1967,0
AIA,1968,0
AIA,1969,0
AIA,1970,0
AIA,1971,0
AIA,1972,0
AIA,1973,0
AIA,1974,0
AIA,1975,0
AIA,1976,0
AIA,1977,0
AIA,1978,0
AIA,1979,0
AIA,1980,0
AIA,1981,0
AIA,1982,0
AIA,1983,0
AIA,1984,0
AIA,1985,0
AIA,1986,0
AIA,1987,0
AIA,1988,0
AIA,1989,0
AIA,1990,0.044
AIA,1991,0.044
AIA,1992,0.048
AIA,1993,0.055
AIA,1994,0.055
AIA,1995,0.055
AIA,1996,0.059
AIA,1997,0.059
AIA,1998,0.066
AIA,1999,0.07
AIA,2000,0.081
AIA,2001,0.084
AIA,2002,0.084
AIA,2003,0.088
AIA,2004,0.099
AIA,2005,0.11
AIA,2006,0.121
AIA,2007,0.125
AIA,2008,0.125
AIA,2009,0.125
AIA,2010,0.128
AIA,2011,0.125
AIA,2012,0.121
AIA,2013,0.114
AIA,2014,0.121
AIA,2015,0.136
AIA,2016,0.139
AIA,2017,0.128
AIA,2018,0.132
AIA,2019,0.143
AIA,2020,0.136
AIA,2021,0.139
AIA,2022,0.143
AIA,2023,0.143
AIA,2024,0.148
ALB,1850,0
ALB,1851,0
ALB,1852,0
ALB,1853,0
ALB,1854,0
ALB,1855,0
ALB,1856,0
ALB,1857,0
ALB,1858,0
ALB,1859,0
ALB,1860,0
ALB,1861,0
ALB,1862,0
ALB,1863,0
ALB,1864,0
ALB,1865,0
ALB,1866,0
ALB,1867,0
ALB,1868,0
ALB,1869,0
ALB,1870,0
ALB,1871,0
ALB,1872,0
ALB,1873,0
ALB,1874,0
ALB,1875,0
ALB,1876,0
ALB,1877,0
ALB,1878,0
ALB,1879,0
ALB,1880,0
ALB,1881,0
ALB,1882,0
ALB,1883,0
ALB,1884,0
ALB,1885,0
ALB,1886,0
ALB,1887,0
ALB,1888,0
ALB,1889,0
ALB,1890,0
ALB,1891,0
ALB,1892,0
ALB,1893,0
ALB,1894,0
ALB,1895,0
ALB,1896,0
ALB,1897,0
ALB,1898,0
ALB,1899,0
ALB,1900,0
ALB,1901,0
ALB,1902,0
ALB,1903,0
ALB,1904,0
ALB,1905,0
ALB,1906,0
ALB,1907,0
ALB,1908,0
ALB,1909,0
ALB,1910,0
ALB,1911,0
ALB,1912,0
ALB,1913,0
ALB,1914,0
ALB,1915,0
ALB,1916,0
ALB,1917,0
ALB,1918,0
ALB,1919,0
ALB,1920,0
ALB,1921,0
ALB,1922,0
ALB,1923,0
ALB,1924,0
ALB,1925,0
ALB,1926,0
ALB,1927,0
ALB,1928,0
ALB,1929,0
ALB,1930,0
ALB,1931,0
ALB,1932,0
ALB,1933,0.007
ALB,1934,0.007
ALB,1935,0.018
ALB,1936,0.128
ALB,1937,0.297
ALB,1938,0.348
ALB,1939,0.432
ALB,1940,0.692
ALB,1941,0.626
ALB,1942,0.744
ALB,1943,0.462
ALB,1944,0.154
ALB,1945,0.121
ALB,1946,0.484
ALB,1947,0.927
ALB,1948,0.703
ALB,1949,1.015
ALB,1950,0.297
ALB,1951,0.403
ALB,1952,0.374
ALB,1953,0.414
ALB,1954,0.502
ALB,1955,0.663
ALB,1956,0.839
ALB,1957,1.506
ALB,1958,1.201
ALB,1959,1.443
ALB,1960,2.022
ALB,1961,2.279
ALB,1962,2.462
ALB,1963,2.081
ALB,1964,2.015
ALB,1965,2.172
ALB,1966,2.55
ALB,1967,2.677
ALB,1968,3.069
ALB,1969,3.241
ALB,1970,3.739
ALB,1971,4.348
ALB,1972,5.638
ALB,1973,5.286
ALB,1974,4.342
ALB,1975,4.591
ALB,1976,4.947
ALB,1977,5.717
ALB,1978,6.491
ALB,1979,7.584
ALB,1980,5.171
ALB,1981,7.343
ALB,1982,7.308
ALB,1983,7.631
ALB,1984,7.826
ALB,1985,7.882
ALB,1986,8.058
ALB,1987,7.447
ALB,1988,7.329
ALB,1989,8.986
ALB,1990,5.521
ALB,1991,4.29
ALB,1992,2.517
ALB,1993,2.338
ALB,1994,1.924
ALB,1995,2.089
ALB,1996,2.018
ALB,1997,1.543
ALB,1998,1.755
ALB,1999,2.986
ALB,2000,3.025
ALB,2001,3.221
ALB,2002,3.748
ALB,2003,4.303
ALB,2004,4.177
ALB,2005,4.261
ALB,2006,3.911
ALB,2007,4.004
ALB,2008,4.448
ALB,2009,4.37
ALB,2010,4.817
ALB,2011,5.175
ALB,2012,4.93
ALB,2013,5.346
ALB,2014,6.072
ALB,2015,4.712
ALB,2016,4.555
ALB,2017,5.344
ALB,2018,5.195
ALB,2019,4.941
ALB,2020,4.865
ALB,2021,5.137
ALB,2022,4.498
ALB,2023,4.417
ALB,2024,4.444
AND,1750,0
AND,1751,0
AND,1752,0
AND,1753,0
AND,1754,0
AND,1755,0
AND,1756,0
AND,1757,0
AND,1758,0
AND,1759,0
AND,1760,0
AND,1761,0
AND,1762,0
AND,1763,0
AND,1764,0
AND,1765,0
AND,1766,0
AND,1767,0
AND,1768,0
AND,1769,0
AND,1770,0
AND,1771,0
AND,1772,0
AND,1773,0
AND,1774,0
AND,1775,0
AND,1776,0
AND,1777,0
AND,1778,0
AND,1779,0
AND,1780,0
AND,1781,0
AND,1782,0
AND,1783,0
AND,1784,0
AND,1785,0
AND,1786,0
AND,1787,0
AND,1788,0
AND,1789,0
AND,1790,0
AND,1791,0
AND,1792,0
AND,1793,0
AND,1794,0
AND,1795,0
AND,1796,0
AND,1797,0
AND,1798,0
AND,1799,0
AND,1800,0
AND,1801,0
AND,1802,0
AND,1803,0
AND,1804,0
AND,1805,0
AND,1806,0
AND,1807,0
AND,1808,0
AND,1809,0
AND,1810,0
AND,1811,0
AND,1812,0
AND,1813,0
AND,1814,0
AND,1815,0
AND,1816,0
AND,1817,0
AND,1818,0
AND,1819,0
AND,1820,0
AND,1821,0
AND,1822,0
AND,1823,0
AND,1824,0
AND,1825,0
AND,1826,0
AND,1827,0
AND,1828,0
AND,1829,0
AND,1830,0
AND,1831,0
AND,1832,0
AND,1833,0
AND,1834,0
AND,1835,0
AND,1836,0
AND,1837,0
AND,1838,0
AND,1839,0
AND,1840,0
AND,1841,0
AND,1842,0
AND,1843,0
AND,1844,0
AND,1845,0
AND,1846,0
AND,1847,0
AND,1848,0
AND,1849,0
AND,1850,0
AND,1851,0
AND,1852,0
AND,1853,0
AND,1854,0
AND,1855,0
AND,1856,0
AND,1857,0
AND,1858,0
AND,1859,0
AND,1860,0
AND,1861,0
AND,1862,0
AND,1863,0
AND,1864,0
AND,1865,0
AND,1866,0
AND,1867,0
AND,1868,0
AND,1869,0
AND,1870,0
AND,1871,0
AND,1872,0
AND,1873,0
AND,1874,0
AND,1875,0
AND,1876,0
AND,1877,0
AND,1878,0
AND,1879,0
AND,1880,0
AND,1881,0
AND,1882,0
AND,1883,0
AND,1884,0
AND,1885,0
AND,1886,0
AND,1887,0
AND,1888,0
AND,1889,0
AND,1890,0
AND,1891,0
AND,1892,0
AND,1893,0
AND,1894,0
AND,1895,0
AND,1896,0
AND,1897,0
AND,1898,0
AND,1899,0
AND,1900,0
AND,1901,0
AND,1902,0
AND,1903,0
AND,1904,0
AND,1905,0
AND,1906,0
AND,1907,0
AND,1908,0
AND,1909,0
AND,1910,0
AND,1911,0
AND,1912,0
AND,1913,0
AND,1914,0
AND,1915,0
AND,1916,0
AND,1917,0
AND,1918,0
AND,1919,0
AND,1920,0
AND,1921,0
AND,1922,0
AND,1923,0
AND,1924,0
AND,1925,0
AND,1926,0
AND,1927,0
AND,1928,0
AND,1929,0
AND,1930,0
AND,1931,0
AND,1932,0
AND,1933,0
AND,1934,0
AND,1935,0
AND,1936,0
AND,1937,0
AND,1938,0
AND,1939,0
AND,1940,0
AND,1941,0
AND,1942,0
AND,1943,0
AND,1944,0
AND,1945,0
AND,1946,0
AND,1947,0
AND,1948,0
AND,1949,0
AND,1950,0
AND,1951,0
AND,1952,0
AND,1953,0
AND,1954,0
AND,1955,0
AND,1956,0
AND,1957,0
AND,1958,0
AND,1959,0
AND,1960,0
AND,1961,0
AND,1962,0
AND,1963,0
AND,1964,0
AND,1965,0
AND,1966,0
AND,1967,0
AND,1968,0
AND,1969,0
AND,1970,0
AND,1971,0
AND,1972,0
AND,1973,0
AND,1974,0
AND,1975,0
AND,1976,0
AND,1977,0
AND,1978,0
AND,1979,0
AND,1980,0
AND,1981,0
AND,1982,0
AND,1983,0
AND,1984,0
AND,1985,0
AND,1986,0
AND,1987,0
AND,1988,0
AND,1989,0
AND,1990,0.403
AND,1991,0.403
AND,1992,0.403
AND,1993,0.407
AND,1994,0.403
AND,1995,0.425
AND,1996,0.454
AND,1997,0.465
AND,1998,0.491
AND,1999,0.513
AND,2000,0.524
AND,2001,0.524
AND,2002,0.531
AND,2003,0.535
AND,2004,0.564
AND,2005,0.579
AND,2006,0.546
AND,2007,0.539
AND,2008,0.539
AND,2009,0.517
AND,2010,0.517
AND,2011,0.491
AND,2012,0.487
AND,2013,0.476
AND,2014,0.462
AND,2015,0.465
AND,2016,0.473
AND,2017,0.473
AND,2018,0.498
AND,2019,0.491
AND,2020,0.377
AND,2021,0.414
AND,2022,0.423
AND,2023,0.418
AND,2024,0.425
ARE,1750,0
ARE,1751,0
ARE,1752,0
ARE,1753,0
ARE,1754,0
ARE,1755,0
ARE,1756,0
ARE,1757,0
ARE,1758,0
ARE,1759,0
ARE,1760,0
ARE,1761,0
ARE,1762,0
ARE,1763,0
ARE,1764,0
ARE,1765,0
ARE,1766,0
ARE,1767,0
ARE,1768,0
ARE,1769,0
ARE,1770,0
ARE,1771,0
ARE,1772,0
ARE,1773,0
ARE,1774,0
ARE,1775,0
ARE,1776,0
ARE,1777,0
ARE,1778,0
ARE,1779,0
ARE,1780,0
ARE,1781,0
ARE,1782,0
ARE,1783,0
ARE,1784,0
ARE,1785,0
ARE,1786,0
ARE,1787,0
ARE,1788,0
ARE,1789,0
ARE,1790,0
ARE,1791,0
ARE,1792,0
ARE,1793,0
ARE,1794,0
ARE,1795,0
ARE,1796,0
ARE,1797,0
ARE,1798,0
ARE,1799,0
ARE,1800,0
ARE,1801,0
ARE,1802,0
ARE,1803,0
ARE,1804,0
ARE,1805,0
ARE,1806,0
ARE,1807,0
ARE,1808,0
ARE,1809,0
ARE,1810,0
ARE,1811,0
ARE,1812,0
ARE,1813,0
ARE,1814,0
ARE,1815,0
ARE,1816,0
ARE,1817,0
ARE,1818,0
ARE,1819,0
ARE,1820,0
ARE,1821,0
ARE,1822,0
ARE,1823,0
ARE,1824,0
ARE,1825,0
ARE,1826,0
ARE,1827,0
ARE,1828,0
ARE,1829,0
ARE,1830,0
ARE,1831,0
ARE,1832,0
ARE,1833,0
ARE,1834,0
ARE,1835,0
ARE,1836,0
ARE,1837,0
ARE,1838,0
ARE,1839,0
ARE,1840,0
ARE,1841,0
ARE,1842,0
ARE,1843,0
ARE,1844,0
ARE,1845,0
ARE,1846,0
ARE,1847,0
ARE,1848,0
ARE,1849,0
ARE,1850,0
ARE,1851,0
ARE,1852,0
ARE,1853,0
ARE,1854,0
ARE,1855,0
ARE,1856,0
ARE,1857,0
ARE,1858,0
ARE,1859,0
ARE,1860,0
ARE,1861,0
ARE,1862,0
ARE,1863,0
ARE,1864,0
ARE,1865,0
ARE,1866,0
ARE,1867,0
ARE,1868,0
ARE,1869,0
ARE,1870,0
ARE,1871,0
ARE,1872,0
ARE,1873,0
ARE,1874,0
ARE,1875,0
ARE,1876,0
ARE,1877,0
ARE,1878,0
ARE,1879,0
ARE,1880,0
ARE,1881,0
ARE,1882,0
ARE,1883,0
ARE,1884,0
ARE,1885,0
ARE,1886,0
ARE,1887,0
ARE,1888,0
ARE,1889,0
ARE,1890,0
ARE,1891,0
ARE,1892,0
ARE,1893,0
ARE,1894,0
ARE,1895,0
ARE,1896,0
ARE,1897,0
ARE,1898,0
ARE,1899,0
ARE,1900,0
ARE,1901,0
ARE,1902,0
ARE,1903,0
ARE,1904,0
ARE,1905,0
ARE,1906,0
ARE,1907,0
ARE,1908,0
ARE,1909,0
ARE,1910,0
ARE,1911,0
ARE,1912,0
ARE,1913,0
ARE,1914,0
ARE,1915,0
ARE,1916,0
ARE,1917,0
ARE,1918,0
ARE,1919,0
ARE,1920,0
ARE,1921,0
ARE,1922,0
ARE,1923,0
ARE,1924,0
ARE,1925,0
ARE,1926,0
ARE,1927,0
ARE,1928,0
ARE,1929,0
ARE,1930,0
ARE,1931,0
ARE,1932,0
ARE,1933,0
ARE,1934,0
ARE,1935,0
ARE,1936,0
ARE,1937,0
ARE,1938,0
ARE,1939,0
ARE,1940,0
ARE,1941,0
ARE,1942,0
ARE,1943,0
ARE,1944,0
ARE,1945,0
ARE,1946,0
ARE,1947,0
ARE,1948,0
ARE,1949,0
ARE,1950,0
ARE,1951,0
ARE,1952,0
ARE,1953,0
ARE,1954,0
ARE,1955,0
ARE,1956,0
ARE,1957,0
ARE,1958,0
ARE,1959,0.011
ARE,1960,0.011
ARE,1961,0.011
ARE,1962,0.018
ARE,1963,0.022
ARE,1964,0.018
ARE,1965,0.022
ARE,1966,0.026
ARE,1967,0.916
ARE,1968,1.242
ARE,1969,20.507
ARE,1970,15.235
ARE,1971,21.167
ARE,1972,23.435
ARE,1973,30.605
ARE,1974,31.302
ARE,1975,31.045
ARE,1976,39.618
ARE,1977,38.753
ARE,1978,44.769
ARE,1979,36.568
ARE,1980,36.859
ARE,1981,36.81
ARE,1982,36.818
ARE,1983,35.289
ARE,1984,46.306
ARE,1985,49.828
ARE,1986,47.156
ARE,1987,47.606
ARE,1988,48.274
ARE,1989,54.384
ARE,1990,51.908
ARE,1991,56.896
ARE,1992,58.005
ARE,1993,65.832
ARE,1994,75.35
ARE,1995,72.874
ARE,1996,75.836
ARE,1997,73.298
ARE,1998,80.625
ARE,1999,77.844
ARE,2000,112.277
ARE,2001,101.896
ARE,2002,85.213
ARE,2003,107.106
ARE,2004,112.469
ARE,2005,115.273
ARE,2006,122.723
ARE,2007,134.103
ARE,2008,155.03
ARE,2009,169.088
ARE,2010,185.848
ARE,2011,198.518
ARE,2012,208.324
ARE,2013,214.188
ARE,2014,214.53
ARE,2015,225.045
ARE,2016,227.898
ARE,2017,196.493
ARE,2018,204.105
ARE,2019,204.058
ARE,2020,215.266
ARE,2021,212.173
ARE,2022,207.103
ARE,2023,210.425
ARE,2024,221.988
ARG,1850,0
ARG,1851,0
ARG,1852,0
ARG,1853,0
ARG,1854,0
ARG,1855,0
ARG,1856,0.017
ARG,1857,0.041
ARG,1858,0.053
ARG,1859,0.034
ARG,1860,0.042
ARG,1861,0.05
ARG,1862,0.041
ARG,1863,0.061
ARG,1864,0.052
ARG,1865,0.089
ARG,1866,0.141
ARG,1867,0.102
ARG,1868,0.151
ARG,1869,0.175
ARG,1870,0.16
ARG,1871,0.174
ARG,1872,0.169
ARG,1873,0.188
ARG,1874,0.223
ARG,1875,0.13
ARG,1876,0.127
ARG,1877,0.1
ARG,1878,0.081
ARG,1879,0.192
ARG,1880,0.194
ARG,1881,0.308
ARG,1882,0.344
ARG,1883,0.481
ARG,1884,0.657
ARG,1885,0.762
ARG,1886,0.784
ARG,1887,1.208
ARG,1888,1.199
ARG,1889,1.968
ARG,1890,1.453
ARG,1891,1.084
ARG,1892,1.685
ARG,1893,1.671
ARG,1894,1.947
ARG,1895,2.34
ARG,1896,2.284
ARG,1897,2.237
ARG,1898,2.227
ARG,1899,2.643
ARG,1900,2.026
ARG,1901,2.408
ARG,1902,2.555
ARG,1903,2.923
ARG,1904,3.739
ARG,1905,4.655
ARG,1906,6.214
ARG,1907,5.458
ARG,1908,5.895
ARG,1909,5.465
ARG,1910,6.925
ARG,1911,8.445
ARG,1912,8.567
ARG,1913,9.347
ARG,1914,8.294
ARG,1915,5.522
ARG,1916,4.215
ARG,1917,2.411
ARG,1918,1.569
ARG,1919,3.41
ARG,1920,5.609
ARG,1921,4.761
ARG,1922,6.056
ARG,1923,7.343
ARG,1924,9.864
ARG,1925,10.157
ARG,1926,10.323
ARG,1927,12.499
ARG,1928,12.191
ARG,1929,12.607
ARG,1930,12.338
ARG,1931,12.466
ARG,1932,12.898
ARG,1933,13.524
ARG,1934,14.66
ARG,1935,14.432
ARG,1936,15.317
ARG,1937,16.408
ARG,1938,16.175
ARG,1939,16.485
ARG,1940,15.648
ARG,1941,13.94
ARG,1942,13.479
ARG,1943,14.077
ARG,1944,13.952
ARG,1945,13.666
ARG,1946,13.702
ARG,1947,14.515
ARG,1948,17.392
ARG,1949,15.365
ARG,1950,29.921
ARG,1951,34.963
ARG,1952,36.099
ARG,1953,35.135
ARG,1954,36.75
ARG,1955,39.56
ARG,1956,44.297
ARG,1957,47.608
ARG,1958,44.193
ARG,1959,48.949
ARG,1960,48.764
ARG,1961,51.127
ARG,1962,53.64
ARG,1963,50.033
ARG,1964,55.67
ARG,1965,58.805
ARG,1966,63.073
ARG,1967,65.476
ARG,1968,69.009
ARG,1969,77.249
ARG,1970,82.648
ARG,1971,88.85
ARG,1972,90.073
ARG,1973,93.984
ARG,1974,95.492
ARG,1975,94.86
ARG,1976,99.718
ARG,1977,100.729
ARG,1978,102.583
ARG,1979,110.649
ARG,1980,108.695
ARG,1981,102.009
ARG,1982,103.388
ARG,1983,105.182
ARG,1984,106.492
ARG,1985,100.569
ARG,1986,104.199
ARG,1987,114.936
ARG,1988,121.464
ARG,1989,117.067
ARG,1990,112.188
ARG,1991,117.727
ARG,1992,121.514
ARG,1993,118.021
ARG,1994,118.507
ARG,1995,125.415
ARG,1996,131.446
ARG,1997,136.617
ARG,1998,139.505
ARG,1999,148.345
ARG,2000,143.355
ARG,2001,135.004
ARG,2002,124.93
ARG,2003,134.421
ARG,2004,157.235
ARG,2005,161.728
ARG,2006,174.342
ARG,2007,173.764
ARG,2008,187.596
ARG,2009,178.378
ARG,2010,186.121
ARG,2011,189.884
ARG,2012,191.715
ARG,2013,189.525
ARG,2014,188.539
ARG,2015,191.809
ARG,2016,190.02
ARG,2017,187.068
ARG,2018,182.483
ARG,2019,180.428
ARG,2020,164.613
ARG,2021,190.197
ARG,2022,183.768
ARG,2023,178.407
ARG,2024,171.059
ARM,1830,0
ARM,1831,0
ARM,1832,0
ARM,1833,0
ARM,1850,0
ARM,1851,0
ARM,1852,0
ARM,1853,0
ARM,1854,0
ARM,1855,0.001
ARM,1856,0
ARM,1857,0
ARM,1858,0.001
ARM,1859,0.001
ARM,1860,0.001
ARM,1861,0.002
ARM,1862,0.002
ARM,1863,0.002
ARM,1864,0.002
ARM,1865,0.002
ARM,1866,0.006
ARM,1867,0.007
ARM,1868,0.006
ARM,1869,0.008
ARM,1870,0.009
ARM,1871,0.012
ARM,1872,0.012
ARM,1873,0.011
ARM,1874,0.014
ARM,1875,0.016
ARM,1876,0.019
ARM,1877,0.02
ARM,1878,0.026
ARM,1879,0.026
ARM,1880,0.031
ARM,1881,0.033
ARM,1882,0.034
ARM,1883,0.039
ARM,1884,0.04
ARM,1885,0.043
ARM,1886,0.044
ARM,1887,0.047
ARM,1888,0.049
ARM,1889,0.053
ARM,1890,0.06
ARM,1891,0.066
ARM,1892,0.07
ARM,1893,0.082
ARM,1894,0.083
ARM,1895,0.096
ARM,1896,0.098
ARM,1897,0.113
ARM,1898,0.127
ARM,1899,0.147
ARM,1900,0.166
ARM,1901,0.171
ARM,1902,0.165
ARM,1903,0.161
ARM,1904,0.18
ARM,1905,0.16
ARM,1906,0.183
ARM,1907,0.205
ARM,1908,0.206
ARM,1909,0.217
ARM,1910,0.213
ARM,1911,0.221
ARM,1912,0.25
ARM,1913,0.272
ARM,1914,0.246
ARM,1915,0.225
ARM,1916,0.24
ARM,1917,0.221
ARM,1918,0.088
ARM,1919,0.075
ARM,1920,0.069
ARM,1921,0.074
ARM,1922,0.091
ARM,1923,0.1
ARM,1924,0.12
ARM,1925,0.118
ARM,1926,0.171
ARM,1927,0.213
ARM,1928,0.233
ARM,1929,0.251
ARM,1930,0.343
ARM,1931,0.413
ARM,1932,0.464
ARM,1933,0.52
ARM,1934,0.628
ARM,1935,0.71
ARM,1936,0.812
ARM,1937,0.832
ARM,1938,0.878
ARM,1939,0.889
ARM,1940,1.065
ARM,1941,0.936
ARM,1942,0.514
ARM,1943,0.536
ARM,1944,0.777
ARM,1945,0.819
ARM,1946,0.918
ARM,1947,1.104
ARM,1948,1.173
ARM,1949,1.333
ARM,1950,1.483
ARM,1951,1.606
ARM,1952,1.719
ARM,1953,1.818
ARM,1954,1.984
ARM,1955,2.249
ARM,1956,2.468
ARM,1957,2.702
ARM,1958,2.886
ARM,1959,3.034
ARM,1960,3.16
ARM,1961,3.262
ARM,1962,3.429
ARM,1963,3.682
ARM,1964,3.92
ARM,1965,4.161
ARM,1966,4.396
ARM,1967,4.601
ARM,1968,4.736
ARM,1969,4.936
ARM,1970,5.191
ARM,1971,5.519
ARM,1972,5.813
ARM,1973,6.067
ARM,1974,6.308
ARM,1975,6.638
ARM,1976,6.895
ARM,1977,7.133
ARM,1978,7.383
ARM,1979,7.444
ARM,1980,7.735
ARM,1981,7.6
ARM,1982,7.745
ARM,1983,7.861
ARM,1984,7.935
ARM,1985,8.551
ARM,1986,8.143
ARM,1987,8.169
ARM,1988,9.299
ARM,1989,9.418
ARM,1990,9.003
ARM,1991,7.383
ARM,1992,5.724
ARM,1993,2.51
ARM,1994,2.685
ARM,1995,3.363
ARM,1996,2.5
ARM,1997,3.253
ARM,1998,3.419
ARM,1999,3.04
ARM,2000,3.491
ARM,2001,3.533
ARM,2002,3.077
ARM,2003,3.456
ARM,2004,3.691
ARM,2005,4.376
ARM,2006,4.402
ARM,2007,5.1
ARM,2008,5.575
ARM,2009,4.364
ARM,2010,4.256
ARM,2011,4.969
ARM,2012,5.748
ARM,2013,5.535
ARM,2014,5.604
ARM,2015,5.469
ARM,2016,5.207
ARM,2017,5.537
ARM,2018,5.822
ARM,2019,6.284
ARM,2020,6.795
ARM,2021,7.351
ARM,2022,7.699
ARM,2023,7.43
ARM,2024,7.431
ATA,1750,0
ATA,1751,0
ATA,1752,0
ATA,1753,0
ATA,1754,0
ATA,1755,0
ATA,1756,0
ATA,1757,0
ATA,1758,0
ATA,1759,0
ATA,1760,0
ATA,1761,0
ATA,1762,0
ATA,1763,0
ATA,1764,0
ATA,1765,0
ATA,1766,0
ATA,1767,0
ATA,1768,0
ATA,1769,0
ATA,1770,0
ATA,1771,0
ATA,1772,0
ATA,1773,0
ATA,1774,0
ATA,1775,0
ATA,1776,0
ATA,1777,0
ATA,1778,0
ATA,1779,0
ATA,1780,0
ATA,1781,0
ATA,1782,0
ATA,1783,0
ATA,1784,0
ATA,1785,0
ATA,1786,0
ATA,1787,0
ATA,1788,0
ATA,1789,0
ATA,1790,0
ATA,1791,0
ATA,1792,0
ATA,1793,0
ATA,1794,0
ATA,1795,0
ATA,1796,0
ATA,1797,0
ATA,1798,0
ATA,1799,0
ATA,1800,0
ATA,1801,0
ATA,1802,0
ATA,1803,0
ATA,1804,0
ATA,1805,0
ATA,1806,0
ATA,1807,0
ATA,1808,0
ATA,1809,0
ATA,1810,0
ATA,1811,0
ATA,1812,0
ATA,1813,0
ATA,1814,0
ATA,1815,0
ATA,1816,0
ATA,1817,0
ATA,1818,0
ATA,1819,0
ATA,1820,0
ATA,1821,0
ATA,1822,0
ATA,1823,0
ATA,1824,0
ATA,1825,0
ATA,1826,0
ATA,1827,0
ATA,1828,0
ATA,1829,0
ATA,1830,0
ATA,1831,0
ATA,1832,0
ATA,1833,0
ATA,1834,0
ATA,1835,0
ATA,1836,0
ATA,1837,0
ATA,1838,0
ATA,1839,0
ATA,1840,0
ATA,1841,0
ATA,1842,0
ATA,1843,0
ATA,1844,0
ATA,1845,0
ATA,1846,0
ATA,1847,0
ATA,1848,0
ATA,1849,0
ATA,1850,0
ATA,1851,0
ATA,1852,0
ATA,1853,0
ATA,1854,0
ATA,1855,0
ATA,1856,0
ATA,1857,0
ATA,1858,0
ATA,1859,0
ATA,1860,0
ATA,1861,0
ATA,1862,0
ATA,1863,0
ATA,1864,0
ATA,1865,0
ATA,1866,0
ATA,1867,0
ATA,1868,0
ATA,1869,0
ATA,1870,0
ATA,1871,0
ATA,1872,0
ATA,1873,0
ATA,1874,0
ATA,1875,0
ATA,1876,0
ATA,1877,0
ATA,1878,0
ATA,1879,0
ATA,1880,0
ATA,1881,0
ATA,1882,0
ATA,1883,0
ATA,1884,0
ATA,1885,0
ATA,1886,0
ATA,1887,0
ATA,1888,0
ATA,1889,0
ATA,1890,0
ATA,1891,0
ATA,1892,0
ATA,1893,0
ATA,1894,0
ATA,1895,0
ATA,1896,0
ATA,1897,0
ATA,1898,0
ATA,1899,0
ATA,1900,0
ATA,1901,0
ATA,1902,0
ATA,1903,0
ATA,1904,0
ATA,1905,0
ATA,1906,0
ATA,1907,0
ATA,1908,0
ATA,1909,0
ATA,1910,0
ATA,1911,0
ATA,1912,0
ATA,1913,0
ATA,1914,0
ATA,1915,0
ATA,1916,0
ATA,1917,0
ATA,1918,0
ATA,1919,0
ATA,1920,0
ATA,1921,0
ATA,1922,0
ATA,1923,0
ATA,1924,0
ATA,1925,0
ATA,1926,0
ATA,1927,0
ATA,1928,0
ATA,1929,0
ATA,1930,0
ATA,1931,0
ATA,1932,0
ATA,1933,0
ATA,1934,0
ATA,1935,0
ATA,1936,0
ATA,1937,0
ATA,1938,0
ATA,1939,0
ATA,1940,0
ATA,1941,0
ATA,1942,0
ATA,1943,0
ATA,1944,0
ATA,1945,0
ATA,1946,0
ATA,1947,0
ATA,1948,0
ATA,1949,0
ATA,1950,0
ATA,1951,0
ATA,1952,0
ATA,1953,0
ATA,1954,0
ATA,1955,0
ATA,1956,0
ATA,1957,0
ATA,1958,0
ATA,1959,0
ATA,1960,0
ATA,1961,0
ATA,1962,0
ATA,1963,0
ATA,1964,0
ATA,1965,0
ATA,1966,0
ATA,1967,0
ATA,1968,0
ATA,1969,0
ATA,1970,0
ATA,1971,0
ATA,1972,0
ATA,1973,0
ATA,1974,0
ATA,1975,0
ATA,1976,0
ATA,1977,0
ATA,1978,0
ATA,1979,0
ATA,1980,0
ATA,1981,0
ATA,1982,0
ATA,1983,0
ATA,1984,0
ATA,1985,0
ATA,1986,0
ATA,1987,0.004
ATA,1988,0.007
ATA,1989,0.007
ATA,1990,0.011
ATA,1991,0.015
ATA,1992,0.015
ATA,1993,0.015
ATA,1994,0.015
ATA,1995,0.004
ATA,1996,0.004
ATA,1997,0.004
ATA,1998,0.004
ATA,1999,0.004
ATA,2000,0.004
ATA,2001,0.004
ATA,2002,0.004
ATA,2003,0.004
ATA,2004,0.007
ATA,2005,0.007
ATA,2006,0.007
ATA,2007,0.011
ATA,2008,0
ATA,2009,0
ATA,2010,0
ATA,2011,0
ATA,2012,0
ATA,2013,0
ATA,2014,0
ATA,2015,0
ATA,2016,0
ATA,2017,0
ATA,2018,0
ATA,2019,0
ATA,2020,0
ATA,2021,0
ATA,2022,0
ATA,2023,0
ATA,2024,0
ATG,1850,0
ATG,1851,0
ATG,1852,0
ATG,1853,0
ATG,1854,0
ATG,1855,0
ATG,1856,0
ATG,1857,0
ATG,1858,0
ATG,1859,0
ATG,1860,0
ATG,1861,0
ATG,1862,0
ATG,1863,0
ATG,1864,0
ATG,1865,0
ATG,1866,0
ATG,1867,0
ATG,1868,0
ATG,1869,0
ATG,1870,0
ATG,1871,0
ATG,1872,0
ATG,1873,0
ATG,1874,0
ATG,1875,0
ATG,1876,0
ATG,1877,0
ATG,1878,0
ATG,1879,0
ATG,1880,0
ATG,1881,0
ATG,1882,0
ATG,1883,0
ATG,1884,0
ATG,1885,0
ATG,1886,0
ATG,1887,0
ATG,1888,0
ATG,1889,0
ATG,1890,0
ATG,1891,0
ATG,1892,0
ATG,1893,0
ATG,1894,0
ATG,1895,0
ATG,1896,0
ATG,1897,0
ATG,1898,0
ATG,1899,0
ATG,1900,0
ATG,1901,0
ATG,1902,0
ATG,1903,0
ATG,1904,0
ATG,1905,0
ATG,1906,0
ATG,1907,0
ATG,1908,0
ATG,1909,0
ATG,1910,0
ATG,1911,0
ATG,1912,0
ATG,1913,0
ATG,1914,0
ATG,1915,0
ATG,1916,0
ATG,1917,0
ATG,1918,0
ATG,1919,0
ATG,1920,0
ATG,1921,0
ATG,1922,0
ATG,1923,0
ATG,1924,0
ATG,1925,0
ATG,1926,0
ATG,1927,0
ATG,1928,0
ATG,1929,0
ATG,1930,0
ATG,1931,0
ATG,1932,0
ATG,1933,0
ATG,1934,0
ATG,1935,0
ATG,1936,0
ATG,1937,0
ATG,1938,0
ATG,1939,0
ATG,1940,0
ATG,1941,0
ATG,1942,0
ATG,1943,0
ATG,1944,0
ATG,1945,0
ATG,1946,0
ATG,1947,0
ATG,1948,0
ATG,1949,0
ATG,1950,0.012
ATG,1951,0.02
ATG,1952,0.015
ATG,1953,0.017
ATG,1954,0.012
ATG,1955,0.022
ATG,1956,0.022
ATG,1957,0.022
ATG,1958,0.029
ATG,1959,0.029
ATG,1960,0.037
ATG,1961,0.048
ATG,1962,0.103
ATG,1963,0.084
ATG,1964,0.092
ATG,1965,0.15
ATG,1966,0.348
ATG,1967,0.564
ATG,1968,0.989
ATG,1969,1.257
ATG,1970,0.462
ATG,1971,0.425
ATG,1972,0.374
ATG,1973,0.33
ATG,1974,0.429
ATG,1975,0.707
ATG,1976,0.403
ATG,1977,0.465
ATG,1978,0.491
ATG,1979,0.407
ATG,1980,0.143
ATG,1981,0.106
ATG,1982,0.293
ATG,1983,0.084
ATG,1984,0.147
ATG,1985,0.249
ATG,1986,0.249
ATG,1987,0.275
ATG,1988,0.286
ATG,1989,0.286
ATG,1990,0.242
ATG,1991,0.249
ATG,1992,0.249
ATG,1993,0.256
ATG,1994,0.267
ATG,1995,0.271
ATG,1996,0.286
ATG,1997,0.308
ATG,1998,0.322
ATG,1999,0.344
ATG,2000,0.355
ATG,2001,0.374
ATG,2002,0.403
ATG,2003,0.432
ATG,2004,0.451
ATG,2005,0.48
ATG,2006,0.517
ATG,2007,0.535
ATG,2008,0.539
ATG,2009,0.557
ATG,2010,0.55
ATG,2011,0.546
ATG,2012,0.557
ATG,2013,0.557
ATG,2014,0.568
ATG,2015,0.579
ATG,2016,0.594
ATG,2017,0.601
ATG,2018,0.616
ATG,2019,0.638
ATG,2020,0.616
ATG,2021,0.634
ATG,2022,0.642
ATG,2023,0.641
ATG,2024,0.665
AUS,1750,0
AUS,1751,0
AUS,1752,0
AUS,1753,0
AUS,1754,0
AUS,1755,0
AUS,1756,0
AUS,1757,0
AUS,1758,0
AUS,1759,0
AUS,1760,0
AUS,1761,0
AUS,1762,0
AUS,1763,0
AUS,1764,0
AUS,1765,0
AUS,1766,0
AUS,1767,0
AUS,1768,0
AUS,1769,0
AUS,1770,0
AUS,1771,0
AUS,1772,0
AUS,1773,0
AUS,1774,0
AUS,1775,0
AUS,1776,0
AUS,1777,0
AUS,1778,0
AUS,1779,0
AUS,1780,0
AUS,1781,0
AUS,1782,0
AUS,1783,0
AUS,1784,0
AUS,1785,0
AUS,1786,0
AUS,1787,0
AUS,1788,0
AUS,1789,0
AUS,1790,0
AUS,1791,0
AUS,1792,0
AUS,1793,0
AUS,1794,0
AUS,1795,0
AUS,1796,0
AUS,1797,0
AUS,1798,0
AUS,1799,0
AUS,1800,0
AUS,1801,0
AUS,1802,0
AUS,1803,0
AUS,1804,0
AUS,1805,0
AUS,1806,0.001
AUS,1807,0.001
AUS,1808,0.001
AUS,1809,0.001
AUS,1810,0.001
AUS,1811,0.002
AUS,1812,0.002
AUS,1813,0.003
AUS,1814,0.003
AUS,1815,0.003
AUS,1816,0.002
AUS,1817,0.002
AUS,1818,0.002
AUS,1819,0.004
AUS,1820,0.006
AUS,1821,0.003
AUS,1822,0.004
AUS,1823,0.005
AUS,1824,0.005
AUS,1825,0.003
AUS,1826,0.006
AUS,1827,0.006
AUS,1828,0.004
AUS,1829,0.006
AUS,1830,0.006
AUS,1831,0.001
AUS,1832,0.011
AUS,1833,0.011
AUS,1834,0.013
AUS,1835,0.019
AUS,1836,0.02
AUS,1837,0.025
AUS,1838,0.027
AUS,1839,0.033
AUS,1840,0.048
AUS,1841,0.055
AUS,1842,0.063
AUS,1843,0.041
AUS,1844,0.036
AUS,1845,0.035
AUS,1846,0.061
AUS,1847,0.064
AUS,1848,0.072
AUS,1849,0.076
AUS,1850,0.112
AUS,1851,0.106
AUS,1852,0.106
AUS,1853,0.152
AUS,1854,0.184
AUS,1855,0.216
AUS,1856,0.299
AUS,1857,0.331
AUS,1858,0.34
AUS,1859,0.485
AUS,1860,0.6
AUS,1861,0.561
AUS,1862,0.788
AUS,1863,0.72
AUS,1864,0.903
AUS,1865,0.974
AUS,1866,1.28
AUS,1867,1.24
AUS,1868,1.532
AUS,1869,1.465
AUS,1870,1.402
AUS,1871,1.441
AUS,1872,1.637
AUS,1873,1.931
AUS,1874,2.126
AUS,1875,2.143
AUS,1876,2.158
AUS,1877,2.372
AUS,1878,2.562
AUS,1879,2.578
AUS,1880,2.417
AUS,1881,2.905
AUS,1882,3.45
AUS,1883,4.147
AUS,1884,4.532
AUS,1885,4.871
AUS,1886,4.829
AUS,1887,5.023
AUS,1888,5.609
AUS,1889,6.25
AUS,1890,5.451
AUS,1891,6.885
AUS,1892,6.46
AUS,1893,5.773
AUS,1894,6.522
AUS,1895,6.751
AUS,1896,7.167
AUS,1897,7.907
AUS,1898,8.514
AUS,1899,8.697
AUS,1900,10.168
AUS,1901,11.439
AUS,1902,11.395
AUS,1903,11.224
AUS,1904,11.544
AUS,1905,12.052
AUS,1906,14.358
AUS,1907,15.487
AUS,1908,16.792
AUS,1909,14.58
AUS,1910,17.707
AUS,1911,19.527
AUS,1912,21.211
AUS,1913,22.801
AUS,1914,24.922
AUS,1915,22.269
AUS,1916,19.854
AUS,1917,21.334
AUS,1918,23.365
AUS,1919,22.185
AUS,1920,26.306
AUS,1921,23.785
AUS,1922,24.922
AUS,1923,25.684
AUS,1924,28.191
AUS,1925,29.632
AUS,1926,29.587
AUS,1927,31.269
AUS,1928,29.019
AUS,1929,26.906
AUS,1930,25.899
AUS,1931,22.551
AUS,1932,23.051
AUS,1933,24.782
AUS,1934,26.209
AUS,1935,28.958
AUS,1936,31.514
AUS,1937,33.756
AUS,1938,33.697
AUS,1939,37.984
AUS,1940,35.346
AUS,1941,39.335
AUS,1942,42.027
AUS,1943,41.194
AUS,1944,41.027
AUS,1945,39.16
AUS,1946,42.74
AUS,1947,44.777
AUS,1948,47.013
AUS,1949,48.064
AUS,1950,55.636
AUS,1951,61.051
AUS,1952,62.406
AUS,1953,63.003
AUS,1954,67.921
AUS,1955,71.946
AUS,1956,75.471
AUS,1957,75.474
AUS,1958,77.929
AUS,1959,83.068
AUS,1960,87.441
AUS,1961,87.008
AUS,1962,90.909
AUS,1963,95.995
AUS,1964,103.545
AUS,1965,113.606
AUS,1966,115.736
AUS,1967,122.281
AUS,1968,128.768
AUS,1969,136.414
AUS,1970,147.863
AUS,1971,151.118
AUS,1972,153.598
AUS,1973,170.142
AUS,1974,166.183
AUS,1975,173.102
AUS,1976,169.803
AUS,1977,181.913
AUS,1978,191.052
AUS,1979,192.322
AUS,1980,204.37
AUS,1981,213.81
AUS,1982,218.001
AUS,1983,207.645
AUS,1984,217.515
AUS,1985,224.557
AUS,1986,224.04
AUS,1987,234.598
AUS,1988,240.737
AUS,1989,256.838
AUS,1990,278.061
AUS,1991,279.437
AUS,1992,284.433
AUS,1993,288.78
AUS,1994,293.613
AUS,1995,304.962
AUS,1996,311.851
AUS,1997,320.243
AUS,1998,334.038
AUS,1999,343.876
AUS,2000,349.898
AUS,2001,357.668
AUS,2002,362.425
AUS,2003,370.784
AUS,2004,382.005
AUS,2005,385.082
AUS,2006,391.373
AUS,2007,398.896
AUS,2008,404.279
AUS,2009,406.977
AUS,2010,405.026
AUS,2011,403.874
AUS,2012,405.005
AUS,2013,397.85
AUS,2014,392.61
AUS,2015,400.589
AUS,2016,409.666
AUS,2017,413.408
AUS,2018,414.781
AUS,2019,414.925
AUS,2020,398.547
AUS,2021,388.472
AUS,2022,384.078
AUS,2023,384.316
AUS,2024,386.732
AUT,1807,0.169
AUT,1819,0.253
AUT,1820,0.333
AUT,1821,0.359
AUT,1822,0.366
AUT,1823,0.348
AUT,1824,0.399
AUT,1825,0.403
AUT,1826,0.458
AUT,1827,0.476
AUT,1828,0.458
AUT,1829,0.476
AUT,1830,0.495
AUT,1831,0.48
AUT,1832,0.513
AUT,1833,0.429
AUT,1834,0.586
AUT,1835,0.634
AUT,1836,0.674
AUT,1837,0.707
AUT,1838,0.85
AUT,1839,1.059
AUT,1840,1.169
AUT,1841,1.319
AUT,1842,1.458
AUT,1843,1.268
AUT,1844,1.594
AUT,1845,1.799
AUT,1846,2.114
AUT,1847,2.081
AUT,1848,2.334
AUT,1849,2.261
AUT,1850,2.327
AUT,1851,2.334
AUT,1852,2.81
AUT,1853,3.224
AUT,1854,3.177
AUT,1855,3.701
AUT,1856,4.232
AUT,1857,4.873
AUT,1858,7.244
AUT,1859,5.866
AUT,1860,6.148
AUT,1861,6.379
AUT,1862,6.353
AUT,1863,5.877
AUT,1864,5.075
AUT,1865,5.353
AUT,1866,3.594
AUT,1867,4.913
AUT,1868,6.071
AUT,1869,6.485
AUT,1870,7.365
AUT,1871,10.142
AUT,1872,10.006
AUT,1873,10.728
AUT,1874,9.153
AUT,1875,7.859
AUT,1876,8.09
AUT,1877,7.284
AUT,1878,7.24
AUT,1879,8.863
AUT,1880,23.647
AUT,1881,10.314
AUT,1882,10.6
AUT,1883,11.761
AUT,1884,11.461
AUT,1885,12.047
AUT,1886,11.369
AUT,1887,12.256
AUT,1888,11.952
AUT,1889,12.875
AUT,1890,13.037
AUT,1891,14.945
AUT,1892,14.465
AUT,1893,17.701
AUT,1894,18.129
AUT,1895,20.372
AUT,1896,21.299
AUT,1897,23.021
AUT,1898,24.454
AUT,1899,24.816
AUT,1900,27.696
AUT,1901,28.352
AUT,1902,25.696
AUT,1903,25.699
AUT,1904,27.209
AUT,1905,28.609
AUT,1906,34.178
AUT,1907,42.697
AUT,1908,60.031
AUT,1909,43.642
AUT,1910,58.785
AUT,1911,49.142
AUT,1912,51.688
AUT,1913,60.984
AUT,1914,49.655
AUT,1915,35.343
AUT,1916,9.087
AUT,1917,3.451
AUT,1918,3.338
AUT,1919,3.015
AUT,1920,14.528
AUT,1921,19.339
AUT,1922,18.587
AUT,1923,17.778
AUT,1924,20.093
AUT,1925,18.991
AUT,1926,18.62
AUT,1927,20.123
AUT,1928,21.19
AUT,1929,24.173
AUT,1930,18.863
AUT,1931,18.103
AUT,1932,15.171
AUT,1933,14.23
AUT,1934,13.753
AUT,1935,13.922
AUT,1936,13.592
AUT,1937,15.259
AUT,1938,5.787
AUT,1939,6.336
AUT,1940,7.343
AUT,1941,7.973
AUT,1942,8.545
AUT,1943,9.611
AUT,1944,9.391
AUT,1945,4.562
AUT,1946,12.76
AUT,1947,17.63
AUT,1948,24.487
AUT,1949,26.574
AUT,1950,20.945
AUT,1951,23.323
AUT,1952,22.118
AUT,1953,21.759
AUT,1954,24.542
AUT,1955,29.11
AUT,1956,28.245
AUT,1957,29.223
AUT,1958,28.127
AUT,1959,27.947
AUT,1960,30.825
AUT,1961,31.861
AUT,1962,33.909
AUT,1963,36.997
AUT,1964,38.941
AUT,1965,38.185
AUT,1966,39.245
AUT,1967,39.956
AUT,1968,42.33
AUT,1969,44.675
AUT,1970,50.672
AUT,1971,52.102
AUT,1972,56.101
AUT,1973,60.045
AUT,1974,57.327
AUT,1975,54.239
AUT,1976,58.229
AUT,1977,56.016
AUT,1978,57.248
AUT,1979,61.347
AUT,1980,52.054
AUT,1981,55.862
AUT,1982,53.598
AUT,1983,51.698
AUT,1984,54.247
AUT,1985,54.403
AUT,1986,53.765
AUT,1987,57.407
AUT,1988,52.963
AUT,1989,53.718
AUT,1990,62.191
AUT,1991,65.79
AUT,1992,60.291
AUT,1993,60.711
AUT,1994,61.08
AUT,1995,64.063
AUT,1996,67.41
AUT,1997,67.305
AUT,1998,66.937
AUT,1999,65.668
AUT,2000,66.204
AUT,2001,70.191
AUT,2002,71.988
AUT,2003,77.412
AUT,2004,77.716
AUT,2005,79.095
AUT,2006,76.796
AUT,2007,74.092
AUT,2008,73.466
AUT,2009,67.302
AUT,2010,72
AUT,2011,69.892
AUT,2012,67.26
AUT,2013,67.759
AUT,2014,64.159
AUT,2015,66.358
AUT,2016,67.219
AUT,2017,69.601
AUT,2018,66.567
AUT,2019,67.951
AUT,2020,62.18
AUT,2021,65.751
AUT,2022,61.454
AUT,2023,56.909
AUT,2024,56.368
AZE,1830,0
AZE,1831,0
AZE,1832,0
AZE,1833,0
AZE,1850,0.002
AZE,1851,0
AZE,1852,0
AZE,1853,0
AZE,1854,0
AZE,1855,0.005
AZE,1856,0
AZE,1857,0
AZE,1858,0.006
AZE,1859,0.007
AZE,1860,0.009
AZE,1861,0.011
AZE,1862,0.01
AZE,1863,0.011
AZE,1864,0.012
AZE,1865,0.012
AZE,1866,0.037
AZE,1867,0.042
AZE,1868,0.035
AZE,1869,0.048
AZE,1870,0.052
AZE,1871,0.07
AZE,1872,0.072
AZE,1873,0.067
AZE,1874,0.081
AZE,1875,0.094
AZE,1876,0.116
AZE,1877,0.119
AZE,1878,0.155
AZE,1879,0.159
AZE,1880,0.187
AZE,1881,0.197
AZE,1882,0.207
AZE,1883,0.236
AZE,1884,0.24
AZE,1885,0.261
AZE,1886,0.268
AZE,1887,0.283
AZE,1888,0.295
AZE,1889,0.319
AZE,1890,0.361
AZE,1891,0.398
AZE,1892,0.421
AZE,1893,0.494
AZE,1894,0.503
AZE,1895,0.578
AZE,1896,0.588
AZE,1897,0.68
AZE,1898,0.763
AZE,1899,0.885
AZE,1900,1.002
AZE,1901,1.029
AZE,1902,0.994
AZE,1903,0.972
AZE,1904,1.081
AZE,1905,0.965
AZE,1906,1.101
AZE,1907,1.233
AZE,1908,1.241
AZE,1909,1.31
AZE,1910,1.285
AZE,1911,1.332
AZE,1912,1.509
AZE,1913,1.639
AZE,1914,1.479
AZE,1915,1.358
AZE,1916,1.447
AZE,1917,1.332
AZE,1918,0.531
AZE,1919,0.454
AZE,1920,0.414
AZE,1921,0.449
AZE,1922,0.547
AZE,1923,0.604
AZE,1924,0.72
AZE,1925,0.711
AZE,1926,1.03
AZE,1927,1.28
AZE,1928,1.41
AZE,1929,1.519
AZE,1930,2.073
AZE,1931,2.492
AZE,1932,2.804
AZE,1933,3.136
AZE,1934,3.791
AZE,1935,4.286
AZE,1936,4.908
AZE,1937,5.023
AZE,1938,5.302
AZE,1939,5.367
AZE,1940,6.433
AZE,1941,5.652
AZE,1942,3.094
AZE,1943,3.229
AZE,1944,4.682
AZE,1945,4.94
AZE,1946,5.539
AZE,1947,6.664
AZE,1948,7.081
AZE,1949,8.047
AZE,1950,8.959
AZE,1951,9.701
AZE,1952,10.388
AZE,1953,10.989
AZE,1954,11.993
AZE,1955,13.6
AZE,1956,14.927
AZE,1957,16.344
AZE,1958,17.459
AZE,1959,18.36
AZE,1960,19.123
AZE,1961,19.741
AZE,1962,20.742
AZE,1963,22.265
AZE,1964,23.697
AZE,1965,25.147
AZE,1966,26.562
AZE,1967,27.792
AZE,1968,28.591
AZE,1969,29.789
AZE,1970,31.323
AZE,1971,33.26
AZE,1972,35.01
AZE,1973,36.507
AZE,1974,37.917
AZE,1975,39.871
AZE,1976,41.41
AZE,1977,42.823
AZE,1978,44.306
AZE,1979,44.676
AZE,1980,46.428
AZE,1981,45.573
AZE,1982,46.436
AZE,1983,47.106
AZE,1984,47.534
AZE,1985,51.248
AZE,1986,53.372
AZE,1987,50.586
AZE,1988,51.596
AZE,1989,51.587
AZE,1990,51.345
AZE,1991,50.074
AZE,1992,56.174
AZE,1993,48.406
AZE,1994,41.945
AZE,1995,33.309
AZE,1996,31.242
AZE,1997,29.843
AZE,1998,31.785
AZE,1999,28.822
AZE,2000,29.765
AZE,2001,28.415
AZE,2002,28.57
AZE,2003,30.488
AZE,2004,32.253
AZE,2005,34.194
AZE,2006,34.522
AZE,2007,30.037
AZE,2008,33.037
AZE,2009,29.103
AZE,2010,27.549
AZE,2011,30.21
AZE,2012,32.77
AZE,2013,33.559
AZE,2014,34.345
AZE,2015,34.683
AZE,2016,34.727
AZE,2017,34.698
AZE,2018,34.576
AZE,2019,37.753
AZE,2020,36.237
AZE,2021,38.3
AZE,2022,41.175
AZE,2023,42.748
AZE,2024,39.83
BDI,1850,0
BDI,1851,0
BDI,1852,0
BDI,1853,0
BDI,1854,0
BDI,1855,0
BDI,1856,0
BDI,1857,0
BDI,1858,0
BDI,1859,0
BDI,1860,0
BDI,1861,0
BDI,1862,0
BDI,1863,0
BDI,1864,0
BDI,1865,0
BDI,1866,0
BDI,1867,0
BDI,1868,0
BDI,1869,0
BDI,1870,0
BDI,1871,0
BDI,1872,0
BDI,1873,0
BDI,1874,0
BDI,1875,0
BDI,1876,0
BDI,1877,0
BDI,1878,0
BDI,1879,0
BDI,1880,0
BDI,1881,0
BDI,1882,0
BDI,1883,0
BDI,1884,0
BDI,1885,0
BDI,1886,0
BDI,1887,0
BDI,1888,0
BDI,1889,0
BDI,1890,0
BDI,1891,0
BDI,1892,0
BDI,1893,0
BDI,1894,0
BDI,1895,0
BDI,1896,0
BDI,1897,0
BDI,1898,0
BDI,1899,0
BDI,1900,0
BDI,1901,0
BDI,1902,0
BDI,1903,0
BDI,1904,0
BDI,1905,0
BDI,1906,0
BDI,1907,0
BDI,1908,0
BDI,1909,0
BDI,1910,0
BDI,1911,0
BDI,1912,0
BDI,1913,0
BDI,1914,0
BDI,1915,0
BDI,1916,0
BDI,1917,0
BDI,1918,0
BDI,1919,0
BDI,1920,0
BDI,1921,0
BDI,1922,0
BDI,1923,0
BDI,1924,0
BDI,1925,0
BDI,1926,0
BDI,1927,0
BDI,1928,0
BDI,1929,0
BDI,1930,0
BDI,1931,0
BDI,1932,0
BDI,1933,0
BDI,1934,0
BDI,1935,0
BDI,1936,0
BDI,1937,0
BDI,1938,0
BDI,1939,0
BDI,1940,0
BDI,1941,0
BDI,1942,0
BDI,1943,0
BDI,1944,0
BDI,1945,0
BDI,1946,0
BDI,1947,0
BDI,1948,0
BDI,1949,0
BDI,1950,0.009
BDI,1951,0.009
BDI,1952,0.016
BDI,1953,0.015
BDI,1954,0.006
BDI,1955,0.008
BDI,1956,0.009
BDI,1957,0.01
BDI,1958,0.01
BDI,1959,0.039
BDI,1960,0.036
BDI,1961,0.048
BDI,1962,0.044
BDI,1963,0.048
BDI,1964,0.048
BDI,1965,0.037
BDI,1966,0.048
BDI,1967,0.048
BDI,1968,0.055
BDI,1969,0.073
BDI,1970,0.062
BDI,1971,0.073
BDI,1972,0.073
BDI,1973,0.073
BDI,1974,0.092
BDI,1975,0.077
BDI,1976,0.088
BDI,1977,0.099
BDI,1978,0.103
BDI,1979,0.11
BDI,1980,0.147
BDI,1981,0.158
BDI,1982,0.158
BDI,1983,0.205
BDI,1984,0.22
BDI,1985,0.231
BDI,1986,0.234
BDI,1987,0.249
BDI,1988,0.227
BDI,1989,0.267
BDI,1990,0.209
BDI,1991,0.238
BDI,1992,0.216
BDI,1993,0.227
BDI,1994,0.234
BDI,1995,0.238
BDI,1996,0.242
BDI,1997,0.249
BDI,1998,0.249
BDI,1999,0.253
BDI,2000,0.271
BDI,2001,0.205
BDI,2002,0.213
BDI,2003,0.169
BDI,2004,0.198
BDI,2005,0.158
BDI,2006,0.187
BDI,2007,0.187
BDI,2008,0.202
BDI,2009,0.216
BDI,2010,0.333
BDI,2011,0.414
BDI,2012,0.392
BDI,2013,0.436
BDI,2014,0.355
BDI,2015,0.355
BDI,2016,0.429
BDI,2017,0.516
BDI,2018,0.645
BDI,2019,0.685
BDI,2020,0.739
BDI,2021,0.772
BDI,2022,0.878
BDI,2023,0.901
BDI,2024,0.917
BEL,1802,6.397
BEL,1830,6.196
BEL,1831,4.463
BEL,1832,4.716
BEL,1833,4.565
BEL,1834,4.408
BEL,1835,4.76
BEL,1836,5.599
BEL,1837,5.998
BEL,1838,6.123
BEL,1839,6.709
BEL,1840,7.727
BEL,1841,7.39
BEL,1842,7.68
BEL,1843,7.112
BEL,1844,7.801
BEL,1845,8.218
BEL,1846,8.966
BEL,1847,9.318
BEL,1848,8.284
BEL,1849,8.735
BEL,1850,9.332
BEL,1851,10.168
BEL,1852,11.41
BEL,1853,11.787
BEL,1854,13.058
BEL,1855,13.377
BEL,1856,13.212
BEL,1857,13.755
BEL,1858,14.451
BEL,1859,14.898
BEL,1860,15.213
BEL,1861,16.459
BEL,1862,16.345
BEL,1863,17.228
BEL,1864,18.082
BEL,1865,19.06
BEL,1866,20.529
BEL,1867,22.233
BEL,1868,20.101
BEL,1869,21.651
BEL,1870,24.747
BEL,1871,23.717
BEL,1872,25.589
BEL,1873,28.107
BEL,1874,25.915
BEL,1875,26.93
BEL,1876,26.319
BEL,1877,25.051
BEL,1878,27.238
BEL,1879,27.733
BEL,1880,30.426
BEL,1881,30.631
BEL,1882,32.437
BEL,1883,34.383
BEL,1884,33.87
BEL,1885,33.082
BEL,1886,32.104
BEL,1887,33.969
BEL,1888,36.054
BEL,1889,36.834
BEL,1890,39.824
BEL,1891,37.78
BEL,1892,37.728
BEL,1893,36.076
BEL,1894,39.831
BEL,1895,40.132
BEL,1896,42.279
BEL,1897,43.744
BEL,1898,45.086
BEL,1899,47.126
BEL,1900,49.666
BEL,1901,46.709
BEL,1902,48.856
BEL,1903,52.63
BEL,1904,50.351
BEL,1905,50.266
BEL,1906,57.495
BEL,1907,58.324
BEL,1908,57.847
BEL,1909,57.763
BEL,1910,61.288
BEL,1911,61.687
BEL,1912,64.776
BEL,1913,68.015
BEL,1914,40.575
BEL,1915,34.42
BEL,1916,45.793
BEL,1917,36.248
BEL,1918,33.723
BEL,1919,44.869
BEL,1920,55.154
BEL,1921,50.534
BEL,1922,55.909
BEL,1923,71.884
BEL,1924,76.255
BEL,1925,78.04
BEL,1926,77.684
BEL,1927,90.475
BEL,1928,88.246
BEL,1929,96.955
BEL,1930,93.672
BEL,1931,84.123
BEL,1932,67.713
BEL,1933,72.657
BEL,1934,74.958
BEL,1935,71.641
BEL,1936,75.004
BEL,1937,90.298
BEL,1938,79.119
BEL,1939,73.709
BEL,1940,62.104
BEL,1941,65.184
BEL,1942,61.077
BEL,1943,57.853
BEL,1944,33.138
BEL,1945,38.755
BEL,1946,56.411
BEL,1947,82.03
BEL,1948,85.057
BEL,1949,80.772
BEL,1950,76.204
BEL,1951,89.457
BEL,1952,83.468
BEL,1953,82.381
BEL,1954,85.742
BEL,1955,92.024
BEL,1956,96.788
BEL,1957,96.494
BEL,1958,87.692
BEL,1959,88.317
BEL,1960,90.915
BEL,1961,92.702
BEL,1962,98.026
BEL,1963,105.687
BEL,1964,103.561
BEL,1965,105.335
BEL,1966,105.104
BEL,1967,107.365
BEL,1968,118.441
BEL,1969,123.495
BEL,1970,125.498
BEL,1971,121.374
BEL,1972,130.641
BEL,1973,138.643
BEL,1974,134.954
BEL,1975,121.823
BEL,1976,129.681
BEL,1977,126.199
BEL,1978,135.45
BEL,1979,139.787
BEL,1980,134.836
BEL,1981,123.577
BEL,1982,117.109
BEL,1983,101.206
BEL,1984,104.97
BEL,1985,104.012
BEL,1986,102.374
BEL,1987,102.592
BEL,1988,99.75
BEL,1989,106.792
BEL,1990,120.335
BEL,1991,123.396
BEL,1992,122.519
BEL,1993,121.451
BEL,1994,124.833
BEL,1995,125.969
BEL,1996,129.503
BEL,1997,124.017
BEL,1998,130.256
BEL,1999,124.719
BEL,2000,126.776
BEL,2001,126.085
BEL,2002,126.883
BEL,2003,128.292
BEL,2004,128.812
BEL,2005,125.658
BEL,2006,123.9
BEL,2007,120.493
BEL,2008,120.204
BEL,2009,107.807
BEL,2010,114.563
BEL,2011,105.159
BEL,2012,102.486
BEL,2013,102.816
BEL,2014,97.081
BEL,2015,101.327
BEL,2016,99.816
BEL,2017,99.282
BEL,2018,100.256
BEL,2019,99.799
BEL,2020,91.255
BEL,2021,94.928
BEL,2022,88.915
BEL,2023,84.703
BEL,2024,85.456
BEN,1850,0
BEN,1851,0
BEN,1852,0
BEN,1853,0
BEN,1854,0
BEN,1855,0
BEN,1856,0
BEN,1857,0
BEN,1858,0
BEN,1859,0
BEN,1860,0
BEN,1861,0
BEN,1862,0
BEN,1863,0
BEN,1864,0
BEN,1865,0
BEN,1866,0
BEN,1867,0
BEN,1868,0
BEN,1869,0
BEN,1870,0
BEN,1871,0
BEN,1872,0
BEN,1873,0
BEN,1874,0
BEN,1875,0
BEN,1876,0
BEN,1877,0
BEN,1878,0
BEN,1879,0
BEN,1880,0
BEN,1881,0
BEN,1882,0
BEN,1883,0
BEN,1884,0
BEN,1885,0
BEN,1886,0
BEN,1887,0
BEN,1888,0
BEN,1889,0
BEN,1890,0
BEN,1891,0
BEN,1892,0
BEN,1893,0
BEN,1894,0
BEN,1895,0
BEN,1896,0
BEN,1897,0
BEN,1898,0
BEN,1899,0
BEN,1900,0
BEN,1901,0
BEN,1902,0
BEN,1903,0
BEN,1904,0
BEN,1905,0
BEN,1906,0
BEN,1907,0
BEN,1908,0
BEN,1909,0
BEN,1910,0
BEN,1911,0
BEN,1912,0
BEN,1913,0
BEN,1914,0
BEN,1915,0
BEN,1916,0
BEN,1917,0
BEN,1918,0
BEN,1919,0
BEN,1920,0
BEN,1921,0
BEN,1922,0
BEN,1923,0
BEN,1924,0
BEN,1925,0
BEN,1926,0
BEN,1927,0
BEN,1928,0
BEN,1929,0
BEN,1930,0
BEN,1931,0
BEN,1932,0
BEN,1933,0
BEN,1934,0
BEN,1935,0
BEN,1936,0
BEN,1937,0
BEN,1938,0
BEN,1939,0
BEN,1940,0
BEN,1941,0
BEN,1942,0
BEN,1943,0
BEN,1944,0
BEN,1945,0
BEN,1946,0
BEN,1947,0
BEN,1948,0
BEN,1949,0
BEN,1950,0.138
BEN,1951,0.115
BEN,1952,0.129
BEN,1953,0.107
BEN,1954,0.126
BEN,1955,0.126
BEN,1956,0.146
BEN,1957,0.149
BEN,1958,0.125
BEN,1959,0.103
BEN,1960,0.161
BEN,1961,0.128
BEN,1962,0.136
BEN,1963,0.121
BEN,1964,0.143
BEN,1965,0.15
BEN,1966,0.114
BEN,1967,0.143
BEN,1968,0.154
BEN,1969,0.202
BEN,1970,0.282
BEN,1971,0.293
BEN,1972,0.388
BEN,1973,0.381
BEN,1974,0.407
BEN,1975,0.443
BEN,1976,0.26
BEN,1977,0.297
BEN,1978,0.363
BEN,1979,0.366
BEN,1980,0.48
BEN,1981,0.387
BEN,1982,0.443
BEN,1983,0.404
BEN,1984,0.448
BEN,1985,0.686
BEN,1986,0.624
BEN,1987,0.474
BEN,1988,0.508
BEN,1989,0.57
BEN,1990,0.579
BEN,1991,0.62
BEN,1992,0.671
BEN,1993,0.807
BEN,1994,0.912
BEN,1995,0.956
BEN,1996,1.184
BEN,1997,1.224
BEN,1998,1.114
BEN,1999,1.462
BEN,2000,1.473
BEN,2001,1.689
BEN,2002,2.11
BEN,2003,2.394
BEN,2004,2.594
BEN,2005,2.49
BEN,2006,3.351
BEN,2007,3.931
BEN,2008,3.919
BEN,2009,4.225
BEN,2010,4.679
BEN,2011,4.48
BEN,2012,4.403
BEN,2013,4.566
BEN,2014,4.774
BEN,2015,5.318
BEN,2016,5.311
BEN,2017,5.555
BEN,2018,5.668
BEN,2019,5.273
BEN,2020,5.541
BEN,2021,5.806
BEN,2022,6.092
BEN,2023,5.928
BEN,2024,6.066
BES,1851,0
BES,1852,0
BES,1853,0
BES,1854,0
BES,1855,0
BES,1856,0
BES,1857,0
BES,1858,0
BES,1859,0
BES,1860,0
BES,1861,0
BES,1862,0
BES,1863,0
BES,1864,0
BES,1865,0
BES,1866,0
BES,1867,0
BES,1868,0
BES,1869,0
BES,1870,0
BES,1871,0
BES,1872,0
BES,1873,0
BES,1874,0
BES,1875,0
BES,1876,0
BES,1877,0
BES,1878,0
BES,1879,0
BES,1880,0
BES,1881,0
BES,1882,0
BES,1883,0
BES,1884,0
BES,1885,0
BES,1886,0
BES,1887,0
BES,1888,0
BES,1889,0
BES,1890,0
BES,1891,0
BES,1892,0
BES,1893,0
BES,1894,0
BES,1895,0
BES,1896,0
BES,1897,0
BES,1898,0
BES,1899,0
BES,1900,0
BES,1901,0
BES,1902,0
BES,1903,0
BES,1904,0
BES,1905,0
BES,1906,0
BES,1907,0
BES,1908,0
BES,1909,0
BES,1910,0
BES,1911,0
BES,1912,0
BES,1913,0
BES,1914,0
BES,1915,0
BES,1916,0
BES,1917,0
BES,1918,0
BES,1919,0
BES,1920,0
BES,1921,0
BES,1922,0
BES,1923,0
BES,1924,0
BES,1925,0
BES,1926,0
BES,1927,0
BES,1928,0
BES,1929,0
BES,1930,0
BES,1931,0
BES,1932,0
BES,1933,0
BES,1934,0
BES,1935,0
BES,1936,0
BES,1937,0
BES,1938,0
BES,1939,0
BES,1940,0
BES,1941,0
BES,1942,0
BES,1943,0
BES,1944,0
BES,1945,0
BES,1946,0
BES,1947,0
BES,1948,0
BES,1949,0
BES,1950,0.114
BES,1951,0.18
BES,1952,0.104
BES,1953,0.121
BES,1954,0.244
BES,1955,0.202
BES,1956,0.261
BES,1957,0.178
BES,1958,0.156
BES,1959,0.201
BES,1960,0.173
BES,1961,0.18
BES,1962,0.198
BES,1963,0.19
BES,1964,0.184
BES,1965,0.165
BES,1966,0.155
BES,1967,0.191
BES,1968,0.177
BES,1969,0.232
BES,1970,0.259
BES,1971,0.226
BES,1972,0.219
BES,1973,0.243
BES,1974,0.22
BES,1975,0.159
BES,1976,0.34
BES,1977,0.178
BES,1978,0.151
BES,1979,0.159
BES,1980,0.163
BES,1981,0.156
BES,1982,0.174
BES,1983,0.089
BES,1984,0.223
BES,1985,0.261
BES,1986,0.05
BES,1987,0.045
BES,1988,0.044
BES,1989,0.084
BES,1990,0.089
BES,1991,0.071
BES,1992,0.059
BES,1993,0.091
BES,1994,0.087
BES,1995,0.086
BES,1996,0.081
BES,1997,0.084
BES,1998,0.005
BES,1999,0.035
BES,2000,0.093
BES,2001,0.094
BES,2002,0.091
BES,2003,0.091
BES,2004,0.095
BES,2005,0.095
BES,2006,0.099
BES,2007,0.111
BES,2008,0.107
BES,2009,0.109
BES,2010,0.075
BES,2011,0.096
BES,2012,0.117
BES,2013,0.114
BES,2014,0.117
BES,2015,0.128
BES,2016,0.132
BES,2017,0.139
BES,2018,0.132
BES,2019,0.139
BES,2020,0.132
BES,2021,0.139
BES,2022,0.147
BES,2023,0.146
BES,2024,0.152
BFA,1850,0
BFA,1851,0
BFA,1852,0
BFA,1853,0
BFA,1854,0
BFA,1855,0
BFA,1856,0
BFA,1857,0
BFA,1858,0
BFA,1859,0
BFA,1860,0
BFA,1861,0
BFA,1862,0
BFA,1863,0
BFA,1864,0
BFA,1865,0
BFA,1866,0
BFA,1867,0
BFA,1868,0
BFA,1869,0
BFA,1870,0
BFA,1871,0
BFA,1872,0
BFA,1873,0
BFA,1874,0
BFA,1875,0
BFA,1876,0
BFA,1877,0
BFA,1878,0
BFA,1879,0
BFA,1880,0
BFA,1881,0
BFA,1882,0
BFA,1883,0
BFA,1884,0
BFA,1885,0
BFA,1886,0
BFA,1887,0
BFA,1888,0
BFA,1889,0
BFA,1890,0
BFA,1891,0
BFA,1892,0
BFA,1893,0
BFA,1894,0
BFA,1895,0
BFA,1896,0
BFA,1897,0
BFA,1898,0
BFA,1899,0
BFA,1900,0
BFA,1901,0
BFA,1902,0
BFA,1903,0
BFA,1904,0
BFA,1905,0
BFA,1906,0
BFA,1907,0
BFA,1908,0
BFA,1909,0
BFA,1910,0
BFA,1911,0
BFA,1912,0
BFA,1913,0
BFA,1914,0
BFA,1915,0
BFA,1916,0
BFA,1917,0
BFA,1918,0
BFA,1919,0
BFA,1920,0
BFA,1921,0
BFA,1922,0
BFA,1923,0
BFA,1924,0
BFA,1925,0
BFA,1926,0
BFA,1927,0
BFA,1928,0
BFA,1929,0
BFA,1930,0
BFA,1931,0
BFA,1932,0
BFA,1933,0
BFA,1934,0
BFA,1935,0
BFA,1936,0
BFA,1937,0
BFA,1938,0
BFA,1939,0
BFA,1940,0
BFA,1941,0
BFA,1942,0
BFA,1943,0
BFA,1944,0
BFA,1945,0
BFA,1946,0
BFA,1947,0
BFA,1948,0
BFA,1949,0
BFA,1950,0.004
BFA,1951,0.003
BFA,1952,0.004
BFA,1953,0.003
BFA,1954,0.004
BFA,1955,0.004
BFA,1956,0.004
BFA,1957,0.004
BFA,1958,0.004
BFA,1959,0.007
BFA,1960,0.044
BFA,1961,0.092
BFA,1962,0.084
BFA,1963,0.088
BFA,1964,0.11
BFA,1965,0.103
BFA,1966,0.103
BFA,1967,0.103
BFA,1968,0.103
BFA,1969,0.121
BFA,1970,0.143
BFA,1971,0.15
BFA,1972,0.161
BFA,1973,0.169
BFA,1974,0.205
BFA,1975,0.22
BFA,1976,0.209
BFA,1977,0.249
BFA,1978,0.348
BFA,1979,0.407
BFA,1980,0.432
BFA,1981,0.557
BFA,1982,0.575
BFA,1983,0.594
BFA,1984,0.465
BFA,1985,0.476
BFA,1986,0.48
BFA,1987,0.517
BFA,1988,0.553
BFA,1989,0.821
BFA,1990,0.594
BFA,1991,0.638
BFA,1992,0.634
BFA,1993,0.634
BFA,1994,0.66
BFA,1995,0.661
BFA,1996,0.727
BFA,1997,0.764
BFA,1998,0.848
BFA,1999,1.04
BFA,2000,0.931
BFA,2001,1.064
BFA,2002,1.067
BFA,2003,1.184
BFA,2004,1.107
BFA,2005,1.104
BFA,2006,1.217
BFA,2007,1.616
BFA,2008,1.818
BFA,2009,1.836
BFA,2010,1.985
BFA,2011,2.149
BFA,2012,2.612
BFA,2013,2.809
BFA,2014,2.868
BFA,2015,3.744
BFA,2016,3.988
BFA,2017,4.622
BFA,2018,5.226
BFA,2019,5.618
BFA,2020,5.618
BFA,2021,6.329
BFA,2022,6.542
BFA,2023,6.308
BFA,2024,6.508
BGD,1750,0
BGD,1751,0
BGD,1752,0
BGD,1753,0
BGD,1754,0
BGD,1755,0
BGD,1756,0
BGD,1757,0
BGD,1758,0
BGD,1759,0
BGD,1760,0
BGD,1761,0
BGD,1762,0
BGD,1763,0
BGD,1764,0
BGD,1765,0
BGD,1766,0
BGD,1767,0
BGD,1768,0
BGD,1769,0
BGD,1770,0
BGD,1771,0
BGD,1772,0
BGD,1773,0
BGD,1774,0
BGD,1775,0
BGD,1776,0
BGD,1777,0
BGD,1778,0
BGD,1779,0
BGD,1780,0
BGD,1781,0
BGD,1782,0
BGD,1783,0
BGD,1784,0
BGD,1785,0
BGD,1786,0
BGD,1787,0
BGD,1788,0
BGD,1789,0
BGD,1790,0
BGD,1791,0
BGD,1792,0
BGD,1793,0
BGD,1794,0
BGD,1795,0
BGD,1796,0
BGD,1797,0
BGD,1798,0
BGD,1799,0
BGD,1800,0
BGD,1801,0
BGD,1802,0
BGD,1803,0
BGD,1804,0
BGD,1805,0
BGD,1806,0
BGD,1807,0
BGD,1808,0
BGD,1809,0
BGD,1810,0
BGD,1811,0
BGD,1812,0
BGD,1813,0
BGD,1814,0
BGD,1815,0
BGD,1816,0
BGD,1817,0
BGD,1818,0
BGD,1819,0
BGD,1820,0
BGD,1821,0
BGD,1822,0
BGD,1823,0
BGD,1824,0
BGD,1825,0
BGD,1826,0
BGD,1827,0
BGD,1828,0
BGD,1829,0
BGD,1830,0
BGD,1831,0
BGD,1832,0
BGD,1833,0
BGD,1834,0
BGD,1835,0
BGD,1836,0
BGD,1837,0
BGD,1838,0
BGD,1839,0
BGD,1840,0
BGD,1841,0
BGD,1842,0
BGD,1843,0
BGD,1844,0
BGD,1845,0
BGD,1846,0
BGD,1847,0
BGD,1848,0
BGD,1849,0
BGD,1850,0
BGD,1851,0
BGD,1852,0
BGD,1853,0
BGD,1854,0
BGD,1855,0
BGD,1856,0
BGD,1857,0
BGD,1858,0
BGD,1859,0
BGD,1860,0
BGD,1861,0
BGD,1862,0
BGD,1863,0
BGD,1864,0
BGD,1865,0
BGD,1866,0
BGD,1867,0
BGD,1868,0
BGD,1869,0
BGD,1870,0
BGD,1871,0
BGD,1872,0
BGD,1873,0
BGD,1874,0
BGD,1875,0
BGD,1876,0
BGD,1877,0
BGD,1878,0
BGD,1879,0
BGD,1880,0
BGD,1881,0
BGD,1882,0
BGD,1883,0
BGD,1884,0
BGD,1885,0
BGD,1886,0
BGD,1887,0
BGD,1888,0
BGD,1889,0
BGD,1890,0
BGD,1891,0
BGD,1892,0
BGD,1893,0
BGD,1894,0
BGD,1895,0
BGD,1896,0
BGD,1897,0
BGD,1898,0
BGD,1899,0
BGD,1900,0
BGD,1901,0
BGD,1902,0
BGD,1903,0
BGD,1904,0
BGD,1905,0
BGD,1906,0
BGD,1907,0
BGD,1908,0
BGD,1909,0
BGD,1910,0
BGD,1911,0
BGD,1912,0
BGD,1913,0
BGD,1914,0
BGD,1915,0
BGD,1916,0
BGD,1917,0
BGD,1918,0
BGD,1919,0
BGD,1920,0
BGD,1921,0
BGD,1922,0
BGD,1923,0
BGD,1924,0
BGD,1925,0
BGD,1926,0
BGD,1927,0
BGD,1928,0
BGD,1929,0
BGD,1930,0
BGD,1931,0
BGD,1932,0
BGD,1933,0
BGD,1934,0
BGD,1935,0
BGD,1936,0
BGD,1937,0
BGD,1938,0
BGD,1939,0
BGD,1940,0
BGD,1941,0
BGD,1942,0
BGD,1943,0
BGD,1944,0
BGD,1945,0
BGD,1946,0.117
BGD,1947,0.121
BGD,1948,0.134
BGD,1949,0.19
BGD,1950,0.993
BGD,1951,1.226
BGD,1952,1.295
BGD,1953,1.318
BGD,1954,1.339
BGD,1955,1.379
BGD,1956,1.634
BGD,1957,1.689
BGD,1958,1.896
BGD,1959,1.84
BGD,1960,2.212
BGD,1961,2.29
BGD,1962,2.517
BGD,1963,2.893
BGD,1964,2.975
BGD,1965,3.121
BGD,1966,3.176
BGD,1967,3.371
BGD,1968,3.866
BGD,1969,3.749
BGD,1970,3.803
BGD,1971,3.606
BGD,1972,3.506
BGD,1973,4.55
BGD,1974,4.653
BGD,1975,4.857
BGD,1976,5.556
BGD,1977,5.785
BGD,1978,5.984
BGD,1979,6.613
BGD,1980,7.597
BGD,1981,7.886
BGD,1982,8.552
BGD,1983,8.188
BGD,1984,9.077
BGD,1985,10.189
BGD,1986,11.406
BGD,1987,11.8
BGD,1988,13.478
BGD,1989,13.382
BGD,1990,14.082
BGD,1991,14.753
BGD,1992,15.391
BGD,1993,16.074
BGD,1994,17.553
BGD,1995,21.056
BGD,1996,21.507
BGD,1997,23.144
BGD,1998,23.216
BGD,1999,25.093
BGD,2000,26.539
BGD,2001,31.064
BGD,2002,32.007
BGD,2003,33.496
BGD,2004,35.978
BGD,2005,37.717
BGD,2006,41.726
BGD,2007,42.675
BGD,2008,45.341
BGD,2009,49.188
BGD,2010,54.036
BGD,2011,55.593
BGD,2012,59.704
BGD,2013,64.763
BGD,2014,67.552
BGD,2015,76.946
BGD,2016,81.761
BGD,2017,86.531
BGD,2018,86.608
BGD,2019,94.808
BGD,2020,95.729
BGD,2021,98.53
BGD,2022,102.147
BGD,2023,104.527
BGD,2024,108.318
BGR,1850,0
BGR,1851,0
BGR,1852,0
BGR,1853,0
BGR,1854,0
BGR,1855,0
BGR,1856,0
BGR,1857,0
BGR,1858,0
BGR,1859,0
BGR,1860,0
BGR,1861,0
BGR,1862,0
BGR,1863,0
BGR,1864,0
BGR,1865,0
BGR,1866,0
BGR,1867,0
BGR,1868,0
BGR,1869,0
BGR,1870,0
BGR,1871,0
BGR,1872,0
BGR,1873,0
BGR,1874,0
BGR,1875,0
BGR,1876,0
BGR,1877,0
BGR,1878,0
BGR,1879,0
BGR,1880,0
BGR,1881,0.004
BGR,1882,0.004
BGR,1883,0.007
BGR,1884,0.011
BGR,1885,0.007
BGR,1886,0.007
BGR,1887,0.011
BGR,1888,0.018
BGR,1889,0.026
BGR,1890,0.033
BGR,1891,0.04
BGR,1892,0.048
BGR,1893,0.062
BGR,1894,0.081
BGR,1895,0.084
BGR,1896,0.106
BGR,1897,0.11
BGR,1898,0.147
BGR,1899,0.147
BGR,1900,0.216
BGR,1901,0.271
BGR,1902,0.238
BGR,1903,0.234
BGR,1904,0.3
BGR,1905,0.359
BGR,1906,0.315
BGR,1907,0.454
BGR,1908,0.597
BGR,1909,0.605
BGR,1910,0.634
BGR,1911,0.898
BGR,1912,0.898
BGR,1913,0.788
BGR,1914,1.183
BGR,1915,0.762
BGR,1916,0.923
BGR,1917,1.14
BGR,1918,1.422
BGR,1919,0.835
BGR,1920,1.099
BGR,1921,1.367
BGR,1922,1.51
BGR,1923,1.605
BGR,1924,1.843
BGR,1925,1.81
BGR,1926,1.781
BGR,1927,1.817
BGR,1928,2.139
BGR,1929,2.484
BGR,1930,2.403
BGR,1931,2.275
BGR,1932,2.638
BGR,1933,2.348
BGR,1934,2.44
BGR,1935,2.473
BGR,1936,2.513
BGR,1937,2.788
BGR,1938,3.172
BGR,1939,3.484
BGR,1940,4.1
BGR,1941,4.422
BGR,1942,5.349
BGR,1943,5.811
BGR,1944,4.389
BGR,1945,5.209
BGR,1946,4.976
BGR,1947,5.91
BGR,1948,6.22
BGR,1949,7.453
BGR,1950,7.498
BGR,1951,8.165
BGR,1952,9.428
BGR,1953,10.586
BGR,1954,11.392
BGR,1955,12.092
BGR,1956,12.967
BGR,1957,14.389
BGR,1958,15.627
BGR,1959,19.622
BGR,1960,22.271
BGR,1961,25.945
BGR,1962,30.704
BGR,1963,34.374
BGR,1964,42.818
BGR,1965,46.269
BGR,1966,48.716
BGR,1967,55.108
BGR,1968,59.464
BGR,1969,66.308
BGR,1970,61.174
BGR,1971,64.222
BGR,1972,66.079
BGR,1973,68.717
BGR,1974,71.137
BGR,1975,72.926
BGR,1976,72.968
BGR,1977,75.796
BGR,1978,81.207
BGR,1979,78.931
BGR,1980,77.254
BGR,1981,80.09
BGR,1982,89.844
BGR,1983,90.061
BGR,1984,87.045
BGR,1985,89.221
BGR,1986,91.172
BGR,1987,91.277
BGR,1988,86.917
BGR,1989,86.467
BGR,1990,76.638
BGR,1991,61.521
BGR,1992,57.356
BGR,1993,58.389
BGR,1994,56.383
BGR,1995,57.917
BGR,1996,58.46
BGR,1997,55.806
BGR,1998,53.114
BGR,1999,46.371
BGR,2000,45.499
BGR,2001,49.02
BGR,2002,46.141
BGR,2003,50.491
BGR,2004,49.537
BGR,2005,50.6
BGR,2006,51.837
BGR,2007,55.669
BGR,2008,54.026
BGR,2009,45.75
BGR,2010,47.816
BGR,2011,53.12
BGR,2012,48.277
BGR,2013,42.583
BGR,2014,45.169
BGR,2015,48.127
BGR,2016,45.344
BGR,2017,47.446
BGR,2018,43.503
BGR,2019,42.195
BGR,2020,36.571
BGR,2021,42.365
BGR,2022,46.932
BGR,2023,34.501
BGR,2024,31.622
BHR,1750,0
BHR,1751,0
BHR,1752,0
BHR,1753,0
BHR,1754,0
BHR,1755,0
BHR,1756,0
BHR,1757,0
BHR,1758,0
BHR,1759,0
BHR,1760,0
BHR,1761,0
BHR,1762,0
BHR,1763,0
BHR,1764,0
BHR,1765,0
BHR,1766,0
BHR,1767,0
BHR,1768,0
BHR,1769,0
BHR,1770,0
BHR,1771,0
BHR,1772,0
BHR,1773,0
BHR,1774,0
BHR,1775,0
BHR,1776,0
BHR,1777,0
BHR,1778,0
BHR,1779,0
BHR,1780,0
BHR,1781,0
BHR,1782,0
BHR,1783,0
BHR,1784,0
BHR,1785,0
BHR,1786,0
BHR,1787,0
BHR,1788,0
BHR,1789,0
BHR,1790,0
BHR,1791,0
BHR,1792,0
BHR,1793,0
BHR,1794,0
BHR,1795,0
BHR,1796,0
BHR,1797,0
BHR,1798,0
BHR,1799,0
BHR,1800,0
BHR,1801,0
BHR,1802,0
BHR,1803,0
BHR,1804,0
BHR,1805,0
BHR,1806,0
BHR,1807,0
BHR,1808,0
BHR,1809,0
BHR,1810,0
BHR,1811,0
BHR,1812,0
BHR,1813,0
BHR,1814,0
BHR,1815,0
BHR,1816,0
BHR,1817,0
BHR,1818,0
BHR,1819,0
BHR,1820,0
BHR,1821,0
BHR,1822,0
BHR,1823,0
BHR,1824,0
BHR,1825,0
BHR,1826,0
BHR,1827,0
BHR,1828,0
BHR,1829,0
BHR,1830,0
BHR,1831,0
BHR,1832,0
BHR,1833,0
BHR,1834,0
BHR,1835,0
BHR,1836,0
BHR,1837,0
BHR,1838,0
BHR,1839,0
BHR,1840,0
BHR,1841,0
BHR,1842,0
BHR,1843,0
BHR,1844,0
BHR,1845,0
BHR,1846,0
BHR,1847,0
BHR,1848,0
BHR,1849,0
BHR,1850,0
BHR,1851,0
BHR,1852,0
BHR,1853,0
BHR,1854,0
BHR,1855,0
BHR,1856,0
BHR,1857,0
BHR,1858,0
BHR,1859,0
BHR,1860,0
BHR,1861,0
BHR,1862,0
BHR,1863,0
BHR,1864,0
BHR,1865,0
BHR,1866,0
BHR,1867,0
BHR,1868,0
BHR,1869,0
BHR,1870,0
BHR,1871,0
BHR,1872,0
BHR,1873,0
BHR,1874,0
BHR,1875,0
BHR,1876,0
BHR,1877,0
BHR,1878,0
BHR,1879,0
BHR,1880,0
BHR,1881,0
BHR,1882,0
BHR,1883,0
BHR,1884,0
BHR,1885,0
BHR,1886,0
BHR,1887,0
BHR,1888,0
BHR,1889,0
BHR,1890,0
BHR,1891,0
BHR,1892,0
BHR,1893,0
BHR,1894,0
BHR,1895,0
BHR,1896,0
BHR,1897,0
BHR,1898,0
BHR,1899,0
BHR,1900,0
BHR,1901,0
BHR,1902,0
BHR,1903,0
BHR,1904,0
BHR,1905,0
BHR,1906,0
BHR,1907,0
BHR,1908,0
BHR,1909,0
BHR,1910,0
BHR,1911,0
BHR,1912,0
BHR,1913,0
BHR,1914,0
BHR,1915,0
BHR,1916,0
BHR,1917,0
BHR,1918,0
BHR,1919,0
BHR,1920,0
BHR,1921,0
BHR,1922,0
BHR,1923,0
BHR,1924,0
BHR,1925,0
BHR,1926,0
BHR,1927,0
BHR,1928,0
BHR,1929,0
BHR,1930,0
BHR,1931,0
BHR,1932,0
BHR,1933,0.011
BHR,1934,0.121
BHR,1935,0.531
BHR,1936,1.949
BHR,1937,3.254
BHR,1938,3.477
BHR,1939,3.184
BHR,1940,2.968
BHR,1941,2.851
BHR,1942,2.616
BHR,1943,2.759
BHR,1944,2.818
BHR,1945,3.063
BHR,1946,3.36
BHR,1947,3.95
BHR,1948,4.576
BHR,1949,4.609
BHR,1950,1.381
BHR,1951,1.176
BHR,1952,1.286
BHR,1953,0.997
BHR,1954,1.044
BHR,1955,1.403
BHR,1956,1.055
BHR,1957,0.755
BHR,1958,1.29
BHR,1959,1.312
BHR,1960,0.575
BHR,1961,1.77
BHR,1962,1.59
BHR,1963,1.194
BHR,1964,1.598
BHR,1965,1.227
BHR,1966,0.649
BHR,1967,1.004
BHR,1968,1.103
BHR,1969,1.271
BHR,1970,2.59
BHR,1971,3.037
BHR,1972,3.679
BHR,1973,5.518
BHR,1974,5.401
BHR,1975,5.749
BHR,1976,6.57
BHR,1977,7.464
BHR,1978,7.76
BHR,1979,8.127
BHR,1980,7.881
BHR,1981,8.519
BHR,1982,9.831
BHR,1983,8.222
BHR,1984,9.2
BHR,1985,10.186
BHR,1986,11.003
BHR,1987,11.421
BHR,1988,12.077
BHR,1989,11.652
BHR,1990,11.494
BHR,1991,11.329
BHR,1992,10.402
BHR,1993,16.748
BHR,1994,14.352
BHR,1995,14.744
BHR,1996,15.942
BHR,1997,17.221
BHR,1998,18.276
BHR,1999,18.254
BHR,2000,19.199
BHR,2001,19.679
BHR,2002,20.112
BHR,2003,20.976
BHR,2004,21.204
BHR,2005,24.487
BHR,2006,24.036
BHR,2007,26.626
BHR,2008,29.525
BHR,2009,28.138
BHR,2010,29.143
BHR,2011,28.544
BHR,2012,27.202
BHR,2013,31.228
BHR,2014,30.971
BHR,2015,32.521
BHR,2016,31.635
BHR,2017,32.917
BHR,2018,32.698
BHR,2019,37.616
BHR,2020,37.429
BHR,2021,36.265
BHR,2022,37.827
BHR,2023,38.787
BHR,2024,39.003
BHS,1850,0
BHS,1851,0
BHS,1852,0
BHS,1853,0
BHS,1854,0
BHS,1855,0
BHS,1856,0
BHS,1857,0
BHS,1858,0
BHS,1859,0
BHS,1860,0
BHS,1861,0
BHS,1862,0
BHS,1863,0
BHS,1864,0
BHS,1865,0
BHS,1866,0
BHS,1867,0
BHS,1868,0
BHS,1869,0
BHS,1870,0
BHS,1871,0
BHS,1872,0
BHS,1873,0
BHS,1874,0
BHS,1875,0
BHS,1876,0
BHS,1877,0
BHS,1878,0
BHS,1879,0
BHS,1880,0
BHS,1881,0
BHS,1882,0
BHS,1883,0
BHS,1884,0
BHS,1885,0
BHS,1886,0
BHS,1887,0
BHS,1888,0
BHS,1889,0
BHS,1890,0
BHS,1891,0
BHS,1892,0
BHS,1893,0
BHS,1894,0
BHS,1895,0
BHS,1896,0
BHS,1897,0
BHS,1898,0
BHS,1899,0
BHS,1900,0
BHS,1901,0
BHS,1902,0
BHS,1903,0
BHS,1904,0
BHS,1905,0
BHS,1906,0
BHS,1907,0
BHS,1908,0
BHS,1909,0
BHS,1910,0
BHS,1911,0
BHS,1912,0
BHS,1913,0
BHS,1914,0
BHS,1915,0
BHS,1916,0
BHS,1917,0
BHS,1918,0
BHS,1919,0
BHS,1920,0
BHS,1921,0
BHS,1922,0
BHS,1923,0
BHS,1924,0
BHS,1925,0
BHS,1926,0
BHS,1927,0
BHS,1928,0
BHS,1929,0
BHS,1930,0
BHS,1931,0
BHS,1932,0
BHS,1933,0
BHS,1934,0
BHS,1935,0
BHS,1936,0
BHS,1937,0
BHS,1938,0
BHS,1939,0
BHS,1940,0
BHS,1941,0
BHS,1942,0
BHS,1943,0
BHS,1944,0
BHS,1945,0
BHS,1946,0
BHS,1947,0
BHS,1948,0
BHS,1949,0
BHS,1950,0.055
BHS,1951,0.066
BHS,1952,0.077
BHS,1953,0.081
BHS,1954,0.084
BHS,1955,0.128
BHS,1956,0.139
BHS,1957,0.176
BHS,1958,0.18
BHS,1959,0.26
BHS,1960,0.41
BHS,1961,0.546
BHS,1962,0.725
BHS,1963,0.707
BHS,1964,1.085
BHS,1965,1.315
BHS,1966,1.092
BHS,1967,1.701
BHS,1968,1.628
BHS,1969,1.741
BHS,1970,2.569
BHS,1971,6.724
BHS,1972,6.481
BHS,1973,7.863
BHS,1974,7.38
BHS,1975,8.246
BHS,1976,6.457
BHS,1977,9.709
BHS,1978,6.597
BHS,1979,6.915
BHS,1980,7.971
BHS,1981,2.798
BHS,1982,2.258
BHS,1983,2.014
BHS,1984,1.854
BHS,1985,1.51
BHS,1986,1.411
BHS,1987,1.422
BHS,1988,1.539
BHS,1989,1.946
BHS,1990,2.023
BHS,1991,1.997
BHS,1992,1.869
BHS,1993,1.744
BHS,1994,1.77
BHS,1995,1.839
BHS,1996,1.814
BHS,1997,1.608
BHS,1998,1.99
BHS,1999,2.034
BHS,2000,2.026
BHS,2001,1.946
BHS,2002,2.034
BHS,2003,2.07
BHS,2004,2.048
BHS,2005,1.905
BHS,2006,1.854
BHS,2007,1.872
BHS,2008,1.92
BHS,2009,2.154
BHS,2010,2.231
BHS,2011,2.11
BHS,2012,2.048
BHS,2013,1.993
BHS,2014,2.063
BHS,2015,2.231
BHS,2016,2.246
BHS,2017,2.521
BHS,2018,2.455
BHS,2019,2.521
BHS,2020,2.052
BHS,2021,2.726
BHS,2022,2.962
BHS,2023,2.956
BHS,2024,3.07
BIH,1850,0
BIH,1851,0
BIH,1852,0
BIH,1853,0
BIH,1854,0
BIH,1855,0
BIH,1856,0
BIH,1857,0
BIH,1858,0
BIH,1859,0
BIH,1860,0
BIH,1861,0
BIH,1862,0
BIH,1863,0
BIH,1864,0
BIH,1865,0
BIH,1866,0
BIH,1867,0
BIH,1868,0
BIH,1869,0
BIH,1870,0
BIH,1871,0
BIH,1872,0
BIH,1873,0
BIH,1874,0
BIH,1875,0
BIH,1876,0
BIH,1877,0
BIH,1878,0
BIH,1879,0
BIH,1880,0
BIH,1881,0
BIH,1882,0
BIH,1883,0
BIH,1884,0
BIH,1885,0.005
BIH,1886,0
BIH,1887,0
BIH,1888,0
BIH,1889,0
BIH,1890,0.014
BIH,1891,0.016
BIH,1892,0.017
BIH,1893,0.031
BIH,1894,0.059
BIH,1895,0.059
BIH,1896,0.066
BIH,1897,0.051
BIH,1898,0.078
BIH,1899,0.091
BIH,1900,0.123
BIH,1901,0.134
BIH,1902,0.126
BIH,1903,0.137
BIH,1904,0.146
BIH,1905,0.158
BIH,1906,0.189
BIH,1907,0.192
BIH,1908,0.207
BIH,1909,0.213
BIH,1910,0.21
BIH,1911,0.228
BIH,1912,0.234
BIH,1913,0.641
BIH,1914,0
BIH,1915,0
BIH,1916,0
BIH,1917,0
BIH,1918,0
BIH,1919,0.46
BIH,1920,0.61
BIH,1921,0.65
BIH,1922,0.944
BIH,1923,1.03
BIH,1924,1.056
BIH,1925,1.159
BIH,1926,1.129
BIH,1927,1.275
BIH,1928,1.449
BIH,1929,1.58
BIH,1930,1.487
BIH,1931,1.374
BIH,1932,1.253
BIH,1933,1.159
BIH,1934,1.207
BIH,1935,1.263
BIH,1936,1.246
BIH,1937,1.388
BIH,1938,1.315
BIH,1939,1.379
BIH,1940,1.586
BIH,1941,0
BIH,1942,0
BIH,1943,0.056
BIH,1944,0.014
BIH,1945,0.802
BIH,1946,1.584
BIH,1947,2.204
BIH,1948,2.485
BIH,1949,2.838
BIH,1950,2.719
BIH,1951,2.574
BIH,1952,2.585
BIH,1953,2.567
BIH,1954,3.063
BIH,1955,3.509
BIH,1956,4.013
BIH,1957,4.358
BIH,1958,4.293
BIH,1959,4.926
BIH,1960,5.382
BIH,1961,5.646
BIH,1962,5.793
BIH,1963,6.445
BIH,1964,7.302
BIH,1965,7.514
BIH,1966,7.445
BIH,1967,7.52
BIH,1968,8.044
BIH,1969,8.34
BIH,1970,10.898
BIH,1971,11.746
BIH,1972,11.008
BIH,1973,13.15
BIH,1974,13.206
BIH,1975,13.78
BIH,1976,14.222
BIH,1977,13.83
BIH,1978,15.453
BIH,1979,16.806
BIH,1980,16.524
BIH,1981,17.983
BIH,1982,16.519
BIH,1983,17.788
BIH,1984,18.759
BIH,1985,19.135
BIH,1986,19.983
BIH,1987,19.508
BIH,1988,20.13
BIH,1989,20.068
BIH,1990,19.872
BIH,1991,14.06
BIH,1992,15.029
BIH,1993,12.581
BIH,1994,3.205
BIH,1995,3.406
BIH,1996,4.24
BIH,1997,8.366
BIH,1998,10.551
BIH,1999,10.333
BIH,2000,13.702
BIH,2001,13.263
BIH,2002,14.173
BIH,2003,14.358
BIH,2004,15.462
BIH,2005,16.046
BIH,2006,17.387
BIH,2007,17.474
BIH,2008,19.955
BIH,2009,20.537
BIH,2010,21.146
BIH,2011,23.765
BIH,2012,22.138
BIH,2013,21.801
BIH,2014,19.312
BIH,2015,18.46
BIH,2016,21.734
BIH,2017,22.153
BIH,2018,22.079
BIH,2019,20.81
BIH,2020,20.832
BIH,2021,21.268
BIH,2022,20.743
BIH,2023,19.881
BIH,2024,19.426
BLR,1830,0.001
BLR,1831,0.001
BLR,1832,0
BLR,1833,0.001
BLR,1850,0.003
BLR,1851,0
BLR,1852,0
BLR,1853,0
BLR,1854,0
BLR,1855,0.01
BLR,1856,0
BLR,1857,0
BLR,1858,0.013
BLR,1859,0.014
BLR,1860,0.019
BLR,1861,0.024
BLR,1862,0.022
BLR,1863,0.023
BLR,1864,0.025
BLR,1865,0.024
BLR,1866,0.077
BLR,1867,0.088
BLR,1868,0.073
BLR,1869,0.1
BLR,1870,0.108
BLR,1871,0.146
BLR,1872,0.15
BLR,1873,0.141
BLR,1874,0.171
BLR,1875,0.196
BLR,1876,0.244
BLR,1877,0.249
BLR,1878,0.325
BLR,1879,0.334
BLR,1880,0.391
BLR,1881,0.412
BLR,1882,0.434
BLR,1883,0.494
BLR,1884,0.502
BLR,1885,0.546
BLR,1886,0.56
BLR,1887,0.593
BLR,1888,0.619
BLR,1889,0.668
BLR,1890,0.757
BLR,1891,0.833
BLR,1892,0.882
BLR,1893,1.033
BLR,1894,1.053
BLR,1895,1.209
BLR,1896,1.231
BLR,1897,1.424
BLR,1898,1.597
BLR,1899,1.852
BLR,1900,2.098
BLR,1901,2.154
BLR,1902,2.08
BLR,1903,2.035
BLR,1904,2.264
BLR,1905,2.021
BLR,1906,2.305
BLR,1907,2.582
BLR,1908,2.598
BLR,1909,2.742
BLR,1910,2.69
BLR,1911,2.788
BLR,1912,3.159
BLR,1913,3.431
BLR,1914,3.097
BLR,1915,2.842
BLR,1916,3.03
BLR,1917,2.788
BLR,1918,1.112
BLR,1919,0.95
BLR,1920,0.866
BLR,1921,0.939
BLR,1922,1.145
BLR,1923,1.265
BLR,1924,1.508
BLR,1925,1.488
BLR,1926,2.156
BLR,1927,2.68
BLR,1928,2.97
BLR,1929,3.2
BLR,1930,4.359
BLR,1931,5.237
BLR,1932,5.895
BLR,1933,6.588
BLR,1934,7.966
BLR,1935,9.013
BLR,1936,10.329
BLR,1937,10.566
BLR,1938,11.152
BLR,1939,11.289
BLR,1940,13.529
BLR,1941,11.891
BLR,1942,6.477
BLR,1943,6.76
BLR,1944,9.803
BLR,1945,10.365
BLR,1946,11.638
BLR,1947,14.01
BLR,1948,14.901
BLR,1949,16.937
BLR,1950,18.87
BLR,1951,20.445
BLR,1952,21.896
BLR,1953,23.166
BLR,1954,25.296
BLR,1955,28.686
BLR,1956,31.466
BLR,1957,34.438
BLR,1958,36.768
BLR,1959,38.662
BLR,1960,40.263
BLR,1961,41.542
BLR,1962,43.63
BLR,1963,46.807
BLR,1964,49.79
BLR,1965,52.825
BLR,1966,55.796
BLR,1967,58.374
BLR,1968,60.044
BLR,1969,62.553
BLR,1970,65.814
BLR,1971,69.849
BLR,1972,73.511
BLR,1973,76.639
BLR,1974,79.583
BLR,1975,83.657
BLR,1976,86.839
BLR,1977,89.767
BLR,1978,92.85
BLR,1979,93.585
BLR,1980,97.226
BLR,1981,95.395
BLR,1982,97.167
BLR,1983,98.525
BLR,1984,99.364
BLR,1985,107.09
BLR,1986,121.533
BLR,1987,111.862
BLR,1988,114.893
BLR,1989,109.2
BLR,1990,108.459
BLR,1991,104.186
BLR,1992,93.597
BLR,1993,80.674
BLR,1994,67.99
BLR,1995,61.015
BLR,1996,61.844
BLR,1997,61.697
BLR,1998,60.184
BLR,1999,58.076
BLR,2000,55.014
BLR,2001,54.105
BLR,2002,53.944
BLR,2003,55.236
BLR,2004,58.373
BLR,2005,59.396
BLR,2006,61.809
BLR,2007,60.276
BLR,2008,62.931
BLR,2009,60.628
BLR,2010,62.515
BLR,2011,61.353
BLR,2012,62.592
BLR,2013,64.152
BLR,2014,63.699
BLR,2015,58.828
BLR,2016,58.188
BLR,2017,59.444
BLR,2018,62.171
BLR,2019,62.171
BLR,2020,59.123
BLR,2021,60.861
BLR,2022,57.121
BLR,2023,55.736
BLR,2024,55.818
BLZ,1850,0
BLZ,1851,0
BLZ,1852,0
BLZ,1853,0
BLZ,1854,0
BLZ,1855,0
BLZ,1856,0
BLZ,1857,0
BLZ,1858,0
BLZ,1859,0
BLZ,1860,0
BLZ,1861,0
BLZ,1862,0
BLZ,1863,0
BLZ,1864,0
BLZ,1865,0
BLZ,1866,0
BLZ,1867,0
BLZ,1868,0
BLZ,1869,0
BLZ,1870,0
BLZ,1871,0
BLZ,1872,0
BLZ,1873,0
BLZ,1874,0
BLZ,1875,0
BLZ,1876,0
BLZ,1877,0
BLZ,1878,0
BLZ,1879,0
BLZ,1880,0
BLZ,1881,0
BLZ,1882,0
BLZ,1883,0
BLZ,1884,0
BLZ,1885,0
BLZ,1886,0
BLZ,1887,0
BLZ,1888,0
BLZ,1889,0
BLZ,1890,0
BLZ,1891,0
BLZ,1892,0
BLZ,1893,0
BLZ,1894,0
BLZ,1895,0
BLZ,1896,0
BLZ,1897,0
BLZ,1898,0
BLZ,1899,0
BLZ,1900,0
BLZ,1901,0
BLZ,1902,0
BLZ,1903,0
BLZ,1904,0
BLZ,1905,0
BLZ,1906,0
BLZ,1907,0
BLZ,1908,0
BLZ,1909,0
BLZ,1910,0
BLZ,1911,0
BLZ,1912,0
BLZ,1913,0
BLZ,1914,0
BLZ,1915,0
BLZ,1916,0
BLZ,1917,0
BLZ,1918,0
BLZ,1919,0
BLZ,1920,0
BLZ,1921,0
BLZ,1922,0
BLZ,1923,0
BLZ,1924,0
BLZ,1925,0
BLZ,1926,0
BLZ,1927,0
BLZ,1928,0
BLZ,1929,0
BLZ,1930,0
BLZ,1931,0
BLZ,1932,0
BLZ,1933,0
BLZ,1934,0
BLZ,1935,0
BLZ,1936,0
BLZ,1937,0
BLZ,1938,0
BLZ,1939,0
BLZ,1940,0
BLZ,1941,0
BLZ,1942,0
BLZ,1943,0
BLZ,1944,0
BLZ,1945,0
BLZ,1946,0
BLZ,1947,0
BLZ,1948,0
BLZ,1949,0
BLZ,1950,0.018
BLZ,1951,0.026
BLZ,1952,0.026
BLZ,1953,0.029
BLZ,1954,0.029
BLZ,1955,0.029
BLZ,1956,0.029
BLZ,1957,0.029
BLZ,1958,0.04
BLZ,1959,0.04
BLZ,1960,0.044
BLZ,1961,0.037
BLZ,1962,0.07
BLZ,1963,0.062
BLZ,1964,0.084
BLZ,1965,0.084
BLZ,1966,0.081
BLZ,1967,0.121
BLZ,1968,0.103
BLZ,1969,0.136
BLZ,1970,0.121
BLZ,1971,0.143
BLZ,1972,0.158
BLZ,1973,0.147
BLZ,1974,0.154
BLZ,1975,0.176
BLZ,1976,0.176
BLZ,1977,0.198
BLZ,1978,0.216
BLZ,1979,0.209
BLZ,1980,0.191
BLZ,1981,0.183
BLZ,1982,0.172
BLZ,1983,0.172
BLZ,1984,0.172
BLZ,1985,0.191
BLZ,1986,0.205
BLZ,1987,0.227
BLZ,1988,0.249
BLZ,1989,0.3
BLZ,1990,0.311
BLZ,1991,0.407
BLZ,1992,0.355
BLZ,1993,0.377
BLZ,1994,0.374
BLZ,1995,0.377
BLZ,1996,0.308
BLZ,1997,0.388
BLZ,1998,0.37
BLZ,1999,0.348
BLZ,2000,0.396
BLZ,2001,0.447
BLZ,2002,0.432
BLZ,2003,0.432
BLZ,2004,0.392
BLZ,2005,0.418
BLZ,2006,0.443
BLZ,2007,0.473
BLZ,2008,0.432
BLZ,2009,0.513
BLZ,2010,0.539
BLZ,2011,0.572
BLZ,2012,0.473
BLZ,2013,0.473
BLZ,2014,0.502
BLZ,2015,0.685
BLZ,2016,0.674
BLZ,2017,0.667
BLZ,2018,0.66
BLZ,2019,0.769
BLZ,2020,0.654
BLZ,2021,0.694
BLZ,2022,0.724
BLZ,2023,0.766
BLZ,2024,0.796
BMU,1851,0
BMU,1852,0
BMU,1853,0
BMU,1854,0
BMU,1855,0
BMU,1856,0
BMU,1857,0
BMU,1858,0
BMU,1859,0
BMU,1860,0
BMU,1861,0
BMU,1862,0
BMU,1863,0
BMU,1864,0
BMU,1865,0
BMU,1866,0
BMU,1867,0
BMU,1868,0
BMU,1869,0
BMU,1870,0
BMU,1871,0
BMU,1872,0
BMU,1873,0
BMU,1874,0
BMU,1875,0
BMU,1876,0
BMU,1877,0
BMU,1878,0
BMU,1879,0
BMU,1880,0
BMU,1881,0
BMU,1882,0
BMU,1883,0
BMU,1884,0
BMU,1885,0
BMU,1886,0
BMU,1887,0
BMU,1888,0
BMU,1889,0
BMU,1890,0
BMU,1891,0
BMU,1892,0
BMU,1893,0
BMU,1894,0
BMU,1895,0
BMU,1896,0
BMU,1897,0
BMU,1898,0
BMU,1899,0
BMU,1900,0
BMU,1901,0
BMU,1902,0
BMU,1903,0
BMU,1904,0
BMU,1905,0
BMU,1906,0
BMU,1907,0
BMU,1908,0
BMU,1909,0
BMU,1910,0
BMU,1911,0
BMU,1912,0
BMU,1913,0
BMU,1914,0
BMU,1915,0
BMU,1916,0
BMU,1917,0
BMU,1918,0
BMU,1919,0
BMU,1920,0
BMU,1921,0
BMU,1922,0
BMU,1923,0
BMU,1924,0
BMU,1925,0
BMU,1926,0
BMU,1927,0
BMU,1928,0
BMU,1929,0
BMU,1930,0
BMU,1931,0
BMU,1932,0
BMU,1933,0
BMU,1934,0
BMU,1935,0
BMU,1936,0
BMU,1937,0
BMU,1938,0
BMU,1939,0
BMU,1940,0
BMU,1941,0
BMU,1942,0
BMU,1943,0
BMU,1944,0
BMU,1945,0
BMU,1946,0
BMU,1947,0
BMU,1948,0
BMU,1949,0
BMU,1950,0.044
BMU,1951,0.059
BMU,1952,0.106
BMU,1953,0.092
BMU,1954,0.084
BMU,1955,0.11
BMU,1956,0.136
BMU,1957,0.139
BMU,1958,0.147
BMU,1959,0.136
BMU,1960,0.158
BMU,1961,0.176
BMU,1962,0.158
BMU,1963,0.15
BMU,1964,0.202
BMU,1965,0.18
BMU,1966,0.202
BMU,1967,0.213
BMU,1968,0.224
BMU,1969,0.198
BMU,1970,0.227
BMU,1971,0.231
BMU,1972,0.253
BMU,1973,0.425
BMU,1974,0.443
BMU,1975,0.458
BMU,1976,0.469
BMU,1977,0.454
BMU,1978,0.425
BMU,1979,0.462
BMU,1980,0.436
BMU,1981,0.388
BMU,1982,0.396
BMU,1983,0.451
BMU,1984,0.443
BMU,1985,0.451
BMU,1986,0.421
BMU,1987,0.572
BMU,1988,0.645
BMU,1989,0.78
BMU,1990,0.502
BMU,1991,0.539
BMU,1992,0.462
BMU,1993,0.539
BMU,1994,0.531
BMU,1995,0.531
BMU,1996,0.528
BMU,1997,0.524
BMU,1998,0.52
BMU,1999,0.513
BMU,2000,0.517
BMU,2001,0.528
BMU,2002,0.557
BMU,2003,0.561
BMU,2004,0.583
BMU,2005,0.583
BMU,2006,0.656
BMU,2007,0.729
BMU,2008,0.645
BMU,2009,0.473
BMU,2010,0.605
BMU,2011,0.443
BMU,2012,0.366
BMU,2013,0.535
BMU,2014,0.667
BMU,2015,0.542
BMU,2016,0.616
BMU,2017,0.641
BMU,2018,0.696
BMU,2019,0.594
BMU,2020,0.436
BMU,2021,0.517
BMU,2022,0.531
BMU,2023,0.53
BMU,2024,0.55
BOL,1750,0
BOL,1751,0
BOL,1752,0
BOL,1753,0
BOL,1754,0
BOL,1755,0
BOL,1756,0
BOL,1757,0
BOL,1758,0
BOL,1759,0
BOL,1760,0
BOL,1761,0
BOL,1762,0
BOL,1763,0
BOL,1764,0
BOL,1765,0
BOL,1766,0
BOL,1767,0
BOL,1768,0
BOL,1769,0
BOL,1770,0
BOL,1771,0
BOL,1772,0
BOL,1773,0
BOL,1774,0
BOL,1775,0
BOL,1776,0
BOL,1777,0
BOL,1778,0
BOL,1779,0
BOL,1780,0
BOL,1781,0
BOL,1782,0
BOL,1783,0
BOL,1784,0
BOL,1785,0
BOL,1786,0
BOL,1787,0
BOL,1788,0
BOL,1789,0
BOL,1790,0
BOL,1791,0
BOL,1792,0
BOL,1793,0
BOL,1794,0
BOL,1795,0
BOL,1796,0
BOL,1797,0
BOL,1798,0
BOL,1799,0
BOL,1800,0
BOL,1801,0
BOL,1802,0
BOL,1803,0
BOL,1804,0
BOL,1805,0
BOL,1806,0
BOL,1807,0
BOL,1808,0
BOL,1809,0
BOL,1810,0
BOL,1811,0
BOL,1812,0
BOL,1813,0
BOL,1814,0
BOL,1815,0
BOL,1816,0
BOL,1817,0
BOL,1818,0
BOL,1819,0
BOL,1820,0
BOL,1821,0
BOL,1822,0
BOL,1823,0
BOL,1824,0
BOL,1825,0
BOL,1826,0
BOL,1827,0
BOL,1828,0
BOL,1829,0
BOL,1830,0
BOL,1831,0
BOL,1832,0
BOL,1833,0
BOL,1834,0
BOL,1835,0
BOL,1836,0
BOL,1837,0
BOL,1838,0
BOL,1839,0
BOL,1840,0
BOL,1841,0
BOL,1842,0
BOL,1843,0
BOL,1844,0
BOL,1845,0
BOL,1846,0
BOL,1847,0
BOL,1848,0
BOL,1849,0
BOL,1850,0
BOL,1851,0
BOL,1852,0
BOL,1853,0
BOL,1854,0
BOL,1855,0
BOL,1856,0
BOL,1857,0
BOL,1858,0
BOL,1859,0
BOL,1860,0
BOL,1861,0
BOL,1862,0.004
BOL,1863,0
BOL,1864,0.001
BOL,1865,0.006
BOL,1866,0.002
BOL,1867,0.002
BOL,1868,0.006
BOL,1869,0.004
BOL,1870,0.002
BOL,1871,0.005
BOL,1872,0.01
BOL,1873,0.014
BOL,1874,0.008
BOL,1875,0.011
BOL,1876,0.017
BOL,1877,0.013
BOL,1878,0.022
BOL,1879,0.028
BOL,1880,0.034
BOL,1881,0.043
BOL,1882,0.052
BOL,1883,0.044
BOL,1884,0.054
BOL,1885,0.038
BOL,1886,0.021
BOL,1887,0.033
BOL,1888,0.044
BOL,1889,0
BOL,1890,0
BOL,1891,0
BOL,1892,0
BOL,1893,0
BOL,1894,0
BOL,1895,0
BOL,1896,0
BOL,1897,0
BOL,1898,0
BOL,1899,0
BOL,1900,0
BOL,1901,0
BOL,1902,0
BOL,1903,0
BOL,1904,0
BOL,1905,0
BOL,1906,0
BOL,1907,0
BOL,1908,0
BOL,1909,0
BOL,1910,0
BOL,1911,0
BOL,1912,0
BOL,1913,0
BOL,1914,0
BOL,1915,0.026
BOL,1916,0.11
BOL,1917,0.091
BOL,1918,0.093
BOL,1919,0.064
BOL,1920,0.103
BOL,1921,0.072
BOL,1922,0.057
BOL,1923,0.07
BOL,1924,0.071
BOL,1925,0.04
BOL,1926,0.06
BOL,1927,0.078
BOL,1928,0.092
BOL,1929,0.06
BOL,1930,0.083
BOL,1931,0.017
BOL,1932,0.051
BOL,1933,0.063
BOL,1934,0.086
BOL,1935,0.078
BOL,1936,0.05
BOL,1937,0.059
BOL,1938,0.15
BOL,1939,0.153
BOL,1940,0.182
BOL,1941,0.217
BOL,1942,0.212
BOL,1943,0.223
BOL,1944,0.235
BOL,1945,0.211
BOL,1946,0.219
BOL,1947,0.191
BOL,1948,0.224
BOL,1949,0.32
BOL,1950,0.517
BOL,1951,0.462
BOL,1952,0.513
BOL,1953,0.538
BOL,1954,0.788
BOL,1955,0.931
BOL,1956,1.106
BOL,1957,1.004
BOL,1958,0.916
BOL,1959,0.949
BOL,1960,1.004
BOL,1961,1.04
BOL,1962,1.099
BOL,1963,1.213
BOL,1964,1.48
BOL,1965,1.509
BOL,1966,1.689
BOL,1967,1.89
BOL,1968,2.176
BOL,1969,2.546
BOL,1970,2.484
BOL,1971,3.059
BOL,1972,3.568
BOL,1973,3.454
BOL,1974,3.513
BOL,1975,4.055
BOL,1976,4.575
BOL,1977,4.476
BOL,1978,5.021
BOL,1979,4.731
BOL,1980,4.661
BOL,1981,4.784
BOL,1982,4.341
BOL,1983,4.282
BOL,1984,4.033
BOL,1985,4.115
BOL,1986,3.768
BOL,1987,4.018
BOL,1988,4.294
BOL,1989,4.977
BOL,1990,10.018
BOL,1991,10.506
BOL,1992,11.025
BOL,1993,11.562
BOL,1994,9.65
BOL,1995,9.029
BOL,1996,10.027
BOL,1997,11.733
BOL,1998,11.264
BOL,1999,10.95
BOL,2000,8.442
BOL,2001,8.752
BOL,2002,10.415
BOL,2003,10.983
BOL,2004,11.051
BOL,2005,12.337
BOL,2006,12.369
BOL,2007,12.74
BOL,2008,13.028
BOL,2009,13.633
BOL,2010,14.809
BOL,2011,16.051
BOL,2012,17.575
BOL,2013,17.778
BOL,2014,19.9
BOL,2015,19.9
BOL,2016,21.25
BOL,2017,22.182
BOL,2018,22.509
BOL,2019,22.609
BOL,2020,18.32
BOL,2021,21.767
BOL,2022,23.488
BOL,2023,24.621
BOL,2024,28.709
BRA,1850,0
BRA,1851,0
BRA,1852,0
BRA,1853,0
BRA,1854,0
BRA,1855,0
BRA,1856,0.227
BRA,1857,0.269
BRA,1858,0.285
BRA,1859,0.373
BRA,1860,0.435
BRA,1861,0.41
BRA,1862,0.355
BRA,1863,0.426
BRA,1864,0.48
BRA,1865,0.572
BRA,1866,0.646
BRA,1867,0.555
BRA,1868,0.752
BRA,1869,0.605
BRA,1870,0.698
BRA,1871,0.845
BRA,1872,0.858
BRA,1873,1.029
BRA,1874,0.996
BRA,1875,0.94
BRA,1876,0.843
BRA,1877,0.878
BRA,1878,0.949
BRA,1879,0.808
BRA,1880,0.923
BRA,1881,1.031
BRA,1882,0.948
BRA,1883,1.17
BRA,1884,1.283
BRA,1885,1.215
BRA,1886,1.236
BRA,1887,1.316
BRA,1888,1.283
BRA,1889,1.86
BRA,1890,1.714
BRA,1891,2.072
BRA,1892,2.146
BRA,1893,1.97
BRA,1894,2.308
BRA,1895,2.188
BRA,1896,2.616
BRA,1897,2.734
BRA,1898,2.681
BRA,1899,2.613
BRA,1900,2.272
BRA,1901,2.315
BRA,1902,2.555
BRA,1903,2.442
BRA,1904,2.639
BRA,1905,2.872
BRA,1906,3.248
BRA,1907,3.722
BRA,1908,3.73
BRA,1909,3.826
BRA,1910,4.585
BRA,1911,5.384
BRA,1912,5.478
BRA,1913,6.107
BRA,1914,4.658
BRA,1915,3.212
BRA,1916,2.735
BRA,1917,2.84
BRA,1918,2.657
BRA,1919,2.968
BRA,1920,3.964
BRA,1921,2.887
BRA,1922,4.027
BRA,1923,4.793
BRA,1924,5.319
BRA,1925,5.342
BRA,1926,5.47
BRA,1927,6.039
BRA,1928,6.083
BRA,1929,6.337
BRA,1930,5.788
BRA,1931,4.773
BRA,1932,4.78
BRA,1933,5.177
BRA,1934,5.158
BRA,1935,5.378
BRA,1936,5.617
BRA,1937,6.731
BRA,1938,7.179
BRA,1939,5.615
BRA,1940,5.654
BRA,1941,6.281
BRA,1942,5.867
BRA,1943,6.475
BRA,1944,5.896
BRA,1945,6.823
BRA,1946,7.46
BRA,1947,8.947
BRA,1948,7.847
BRA,1949,7.367
BRA,1950,19.659
BRA,1951,21.659
BRA,1952,24.934
BRA,1953,25.218
BRA,1954,29.676
BRA,1955,34.024
BRA,1956,36.608
BRA,1957,35.977
BRA,1958,39.054
BRA,1959,39.017
BRA,1960,46.852
BRA,1961,49.135
BRA,1962,53.611
BRA,1963,55.519
BRA,1964,56.621
BRA,1965,56.273
BRA,1966,64.154
BRA,1967,66.022
BRA,1968,77.21
BRA,1969,84.072
BRA,1970,93.467
BRA,1971,102.314
BRA,1972,113.992
BRA,1973,132.029
BRA,1974,142.981
BRA,1975,150.287
BRA,1976,154.562
BRA,1977,162.314
BRA,1978,177.061
BRA,1979,187.728
BRA,1980,186.127
BRA,1981,171.262
BRA,1982,171.439
BRA,1983,165.851
BRA,1984,167.524
BRA,1985,180.065
BRA,1986,197.183
BRA,1987,205.912
BRA,1988,207.64
BRA,1989,212.016
BRA,1990,218.658
BRA,1991,229.394
BRA,1992,233.601
BRA,1993,244.306
BRA,1994,254.002
BRA,1995,268.678
BRA,1996,289.311
BRA,1997,306.949
BRA,1998,317.359
BRA,1999,327.256
BRA,2000,340.183
BRA,2001,346.166
BRA,2002,347.765
BRA,2003,344.645
BRA,2004,361.434
BRA,2005,364.371
BRA,2006,368.871
BRA,2007,390.573
BRA,2008,412.638
BRA,2009,389.775
BRA,2010,440.269
BRA,2011,461.911
BRA,2012,497.468
BRA,2013,531.569
BRA,2014,556.526
BRA,2015,528.174
BRA,2016,491.745
BRA,2017,497.255
BRA,2018,476.601
BRA,2019,476.724
BRA,2020,447.999
BRA,2021,496.562
BRA,2022,480.058
BRA,2023,483.992
BRA,2024,483.012
BRB,1750,0
BRB,1751,0
BRB,1752,0
BRB,1753,0
BRB,1754,0
BRB,1755,0
BRB,1756,0
BRB,1757,0
BRB,1758,0
BRB,1759,0
BRB,1760,0
BRB,1761,0
BRB,1762,0
BRB,1763,0
BRB,1764,0
BRB,1765,0
BRB,1766,0
BRB,1767,0
BRB,1768,0
BRB,1769,0
BRB,1770,0
BRB,1771,0
BRB,1772,0
BRB,1773,0
BRB,1774,0
BRB,1775,0
BRB,1776,0
BRB,1777,0
BRB,1778,0
BRB,1779,0
BRB,1780,0
BRB,1781,0
BRB,1782,0
BRB,1783,0
BRB,1784,0
BRB,1785,0
BRB,1786,0
BRB,1787,0
BRB,1788,0
BRB,1789,0
BRB,1790,0
BRB,1791,0
BRB,1792,0
BRB,1793,0
BRB,1794,0
BRB,1795,0
BRB,1796,0
BRB,1797,0
BRB,1798,0
BRB,1799,0
BRB,1800,0
BRB,1801,0
BRB,1802,0
BRB,1803,0
BRB,1804,0
BRB,1805,0
BRB,1806,0
BRB,1807,0
BRB,1808,0
BRB,1809,0
BRB,1810,0
BRB,1811,0
BRB,1812,0
BRB,1813,0
BRB,1814,0
BRB,1815,0
BRB,1816,0
BRB,1817,0
BRB,1818,0
BRB,1819,0
BRB,1820,0
BRB,1821,0
BRB,1822,0
BRB,1823,0
BRB,1824,0
BRB,1825,0
BRB,1826,0
BRB,1827,0
BRB,1828,0
BRB,1829,0
BRB,1830,0
BRB,1831,0
BRB,1832,0
BRB,1833,0
BRB,1834,0
BRB,1835,0
BRB,1836,0
BRB,1837,0
BRB,1838,0
BRB,1839,0
BRB,1840,0
BRB,1841,0
BRB,1842,0
BRB,1843,0
BRB,1844,0
BRB,1845,0
BRB,1846,0
BRB,1847,0
BRB,1848,0
BRB,1849,0
BRB,1850,0
BRB,1851,0
BRB,1852,0
BRB,1853,0
BRB,1854,0
BRB,1855,0
BRB,1856,0
BRB,1857,0
BRB,1858,0
BRB,1859,0
BRB,1860,0
BRB,1861,0
BRB,1862,0
BRB,1863,0
BRB,1864,0
BRB,1865,0
BRB,1866,0
BRB,1867,0
BRB,1868,0
BRB,1869,0
BRB,1870,0
BRB,1871,0
BRB,1872,0
BRB,1873,0
BRB,1874,0
BRB,1875,0
BRB,1876,0
BRB,1877,0
BRB,1878,0
BRB,1879,0
BRB,1880,0
BRB,1881,0
BRB,1882,0
BRB,1883,0
BRB,1884,0
BRB,1885,0
BRB,1886,0
BRB,1887,0
BRB,1888,0
BRB,1889,0
BRB,1890,0
BRB,1891,0
BRB,1892,0
BRB,1893,0
BRB,1894,0
BRB,1895,0
BRB,1896,0
BRB,1897,0
BRB,1898,0
BRB,1899,0
BRB,1900,0
BRB,1901,0
BRB,1902,0
BRB,1903,0
BRB,1904,0
BRB,1905,0
BRB,1906,0
BRB,1907,0
BRB,1908,0
BRB,1909,0
BRB,1910,0
BRB,1911,0
BRB,1912,0
BRB,1913,0
BRB,1914,0
BRB,1915,0
BRB,1916,0
BRB,1917,0
BRB,1918,0
BRB,1919,0
BRB,1920,0
BRB,1921,0
BRB,1922,0
BRB,1923,0
BRB,1924,0
BRB,1925,0
BRB,1926,0
BRB,1927,0
BRB,1928,0.004
BRB,1929,0.004
BRB,1930,0.007
BRB,1931,0.004
BRB,1932,0.004
BRB,1933,0.004
BRB,1934,0.004
BRB,1935,0
BRB,1936,0
BRB,1937,0
BRB,1938,0
BRB,1939,0.004
BRB,1940,0
BRB,1941,0
BRB,1942,0
BRB,1943,0
BRB,1944,0
BRB,1945,0
BRB,1946,0
BRB,1947,0.004
BRB,1948,0.004
BRB,1949,0.004
BRB,1950,0.073
BRB,1951,0.11
BRB,1952,0.088
BRB,1953,0.11
BRB,1954,0.114
BRB,1955,0.128
BRB,1956,0.128
BRB,1957,0.136
BRB,1958,0.15
BRB,1959,0.15
BRB,1960,0.172
BRB,1961,0.194
BRB,1962,0.26
BRB,1963,0.191
BRB,1964,0.18
BRB,1965,0.205
BRB,1966,0.267
BRB,1967,0.337
BRB,1968,0.44
BRB,1969,0.48
BRB,1970,0.429
BRB,1971,0.484
BRB,1972,0.502
BRB,1973,0.48
BRB,1974,0.491
BRB,1975,0.568
BRB,1976,0.531
BRB,1977,0.59
BRB,1978,0.63
BRB,1979,0.601
BRB,1980,0.674
BRB,1981,0.685
BRB,1982,0.645
BRB,1983,0.685
BRB,1984,0.747
BRB,1985,0.846
BRB,1986,0.915
BRB,1987,0.941
BRB,1988,0.945
BRB,1989,0.989
BRB,1990,1.037
BRB,1991,1.184
BRB,1992,1.164
BRB,1993,0.936
BRB,1994,0.94
BRB,1995,1.023
BRB,1996,1.05
BRB,1997,1.156
BRB,1998,1.228
BRB,1999,1.302
BRB,2000,1.309
BRB,2001,1.307
BRB,2002,1.317
BRB,2003,1.358
BRB,2004,1.387
BRB,2005,1.429
BRB,2006,1.471
BRB,2007,1.469
BRB,2008,1.733
BRB,2009,1.7
BRB,2010,1.567
BRB,2011,1.626
BRB,2012,1.554
BRB,2013,1.54
BRB,2014,1.368
BRB,2015,1.335
BRB,2016,1.371
BRB,2017,1.399
BRB,2018,1.447
BRB,2019,1.392
BRB,2020,1.256
BRB,2021,1.19
BRB,2022,1.315
BRB,2023,1.317
BRB,2024,1.365
BRN,1750,0
BRN,1751,0
BRN,1752,0
BRN,1753,0
BRN,1754,0
BRN,1755,0
BRN,1756,0
BRN,1757,0
BRN,1758,0
BRN,1759,0
BRN,1760,0
BRN,1761,0
BRN,1762,0
BRN,1763,0
BRN,1764,0
BRN,1765,0
BRN,1766,0
BRN,1767,0
BRN,1768,0
BRN,1769,0
BRN,1770,0
BRN,1771,0
BRN,1772,0
BRN,1773,0
BRN,1774,0
BRN,1775,0
BRN,1776,0
BRN,1777,0
BRN,1778,0
BRN,1779,0
BRN,1780,0
BRN,1781,0
BRN,1782,0
BRN,1783,0
BRN,1784,0
BRN,1785,0
BRN,1786,0
BRN,1787,0
BRN,1788,0
BRN,1789,0
BRN,1790,0
BRN,1791,0
BRN,1792,0
BRN,1793,0
BRN,1794,0
BRN,1795,0
BRN,1796,0
BRN,1797,0
BRN,1798,0
BRN,1799,0
BRN,1800,0
BRN,1801,0
BRN,1802,0
BRN,1803,0
BRN,1804,0
BRN,1805,0
BRN,1806,0
BRN,1807,0
BRN,1808,0
BRN,1809,0
BRN,1810,0
BRN,1811,0
BRN,1812,0
BRN,1813,0
BRN,1814,0
BRN,1815,0
BRN,1816,0
BRN,1817,0
BRN,1818,0
BRN,1819,0
BRN,1820,0
BRN,1821,0
BRN,1822,0
BRN,1823,0
BRN,1824,0
BRN,1825,0
BRN,1826,0
BRN,1827,0
BRN,1828,0
BRN,1829,0
BRN,1830,0
BRN,1831,0
BRN,1832,0
BRN,1833,0
BRN,1834,0
BRN,1835,0
BRN,1836,0
BRN,1837,0
BRN,1838,0
BRN,1839,0
BRN,1840,0
BRN,1841,0
BRN,1842,0
BRN,1843,0
BRN,1844,0
BRN,1845,0
BRN,1846,0
BRN,1847,0
BRN,1848,0
BRN,1849,0
BRN,1850,0
BRN,1851,0
BRN,1852,0
BRN,1853,0
BRN,1854,0
BRN,1855,0
BRN,1856,0
BRN,1857,0
BRN,1858,0
BRN,1859,0
BRN,1860,0
BRN,1861,0
BRN,1862,0
BRN,1863,0
BRN,1864,0
BRN,1865,0
BRN,1866,0
BRN,1867,0
BRN,1868,0
BRN,1869,0
BRN,1870,0
BRN,1871,0
BRN,1872,0
BRN,1873,0
BRN,1874,0
BRN,1875,0
BRN,1876,0
BRN,1877,0
BRN,1878,0
BRN,1879,0
BRN,1880,0
BRN,1881,0
BRN,1882,0
BRN,1883,0
BRN,1884,0
BRN,1885,0
BRN,1886,0
BRN,1887,0
BRN,1888,0
BRN,1889,0
BRN,1890,0
BRN,1891,0
BRN,1892,0
BRN,1893,0
BRN,1894,0
BRN,1895,0
BRN,1896,0
BRN,1897,0
BRN,1898,0
BRN,1899,0
BRN,1900,0
BRN,1901,0
BRN,1902,0
BRN,1903,0
BRN,1904,0
BRN,1905,0
BRN,1906,0
BRN,1907,0
BRN,1908,0
BRN,1909,0
BRN,1910,0
BRN,1911,0
BRN,1912,0
BRN,1913,0
BRN,1914,0
BRN,1915,0
BRN,1916,0
BRN,1917,0
BRN,1918,0
BRN,1919,0
BRN,1920,0
BRN,1921,0
BRN,1922,0
BRN,1923,0
BRN,1924,0
BRN,1925,0
BRN,1926,0
BRN,1927,0
BRN,1928,0
BRN,1929,0
BRN,1930,0
BRN,1931,0
BRN,1932,0
BRN,1933,0.004
BRN,1934,0.044
BRN,1935,0.026
BRN,1936,0.077
BRN,1937,0.205
BRN,1938,0.216
BRN,1939,2.627
BRN,1940,2.961
BRN,1941,1.968
BRN,1942,1.246
BRN,1943,1.872
BRN,1944,2.495
BRN,1945,0.92
BRN,1946,0.945
BRN,1947,5.353
BRN,1948,0.081
BRN,1949,11.468
BRN,1950,0.414
BRN,1951,0.3
BRN,1952,0.322
BRN,1953,0.344
BRN,1954,0.359
BRN,1955,0.3
BRN,1956,0.297
BRN,1957,0.293
BRN,1958,0.319
BRN,1959,0.326
BRN,1960,0.333
BRN,1961,0.304
BRN,1962,0.37
BRN,1963,0.355
BRN,1964,0.341
BRN,1965,0.333
BRN,1966,0.491
BRN,1967,0.44
BRN,1968,0.429
BRN,1969,0.487
BRN,1970,8.204
BRN,1971,7.511
BRN,1972,9.453
BRN,1973,9.973
BRN,1974,8.178
BRN,1975,7.075
BRN,1976,6.02
BRN,1977,6.39
BRN,1978,9.534
BRN,1979,7.434
BRN,1980,6.877
BRN,1981,2.059
BRN,1982,2.665
BRN,1983,2.733
BRN,1984,1.916
BRN,1985,2.594
BRN,1986,2.297
BRN,1987,3.316
BRN,1988,5.712
BRN,1989,6.342
BRN,1990,5.009
BRN,1991,6.826
BRN,1992,6.668
BRN,1993,5.851
BRN,1994,5.293
BRN,1995,5.884
BRN,1996,5.963
BRN,1997,6.179
BRN,1998,5.595
BRN,1999,5.978
BRN,2000,5.886
BRN,2001,5.758
BRN,2002,5.285
BRN,2003,6.14
BRN,2004,5.967
BRN,2005,5.429
BRN,2006,7.144
BRN,2007,8.077
BRN,2008,9.166
BRN,2009,7.745
BRN,2010,8.017
BRN,2011,9.555
BRN,2012,9.5
BRN,2013,7.626
BRN,2014,8.831
BRN,2015,6.933
BRN,2016,7.633
BRN,2017,9.309
BRN,2018,9.341
BRN,2019,9.564
BRN,2020,11.157
BRN,2021,11.709
BRN,2022,12.237
BRN,2023,12.503
BRN,2024,12.052
BTN,1750,0
BTN,1751,0
BTN,1752,0
BTN,1753,0
BTN,1754,0
BTN,1755,0
BTN,1756,0
BTN,1757,0
BTN,1758,0
BTN,1759,0
BTN,1760,0
BTN,1761,0
BTN,1762,0
BTN,1763,0
BTN,1764,0
BTN,1765,0
BTN,1766,0
BTN,1767,0
BTN,1768,0
BTN,1769,0
BTN,1770,0
BTN,1771,0
BTN,1772,0
BTN,1773,0
BTN,1774,0
BTN,1775,0
BTN,1776,0
BTN,1777,0
BTN,1778,0
BTN,1779,0
BTN,1780,0
BTN,1781,0
BTN,1782,0
BTN,1783,0
BTN,1784,0
BTN,1785,0
BTN,1786,0
BTN,1787,0
BTN,1788,0
BTN,1789,0
BTN,1790,0
BTN,1791,0
BTN,1792,0
BTN,1793,0
BTN,1794,0
BTN,1795,0
BTN,1796,0
BTN,1797,0
BTN,1798,0
BTN,1799,0
BTN,1800,0
BTN,1801,0
BTN,1802,0
BTN,1803,0
BTN,1804,0
BTN,1805,0
BTN,1806,0
BTN,1807,0
BTN,1808,0
BTN,1809,0
BTN,1810,0
BTN,1811,0
BTN,1812,0
BTN,1813,0
BTN,1814,0
BTN,1815,0
BTN,1816,0
BTN,1817,0
BTN,1818,0
BTN,1819,0
BTN,1820,0
BTN,1821,0
BTN,1822,0
BTN,1823,0
BTN,1824,0
BTN,1825,0
BTN,1826,0
BTN,1827,0
BTN,1828,0
BTN,1829,0
BTN,1830,0
BTN,1831,0
BTN,1832,0
BTN,1833,0
BTN,1834,0
BTN,1835,0
BTN,1836,0
BTN,1837,0
BTN,1838,0
BTN,1839,0
BTN,1840,0
BTN,1841,0
BTN,1842,0
BTN,1843,0
BTN,1844,0
BTN,1845,0
BTN,1846,0
BTN,1847,0
BTN,1848,0
BTN,1849,0
BTN,1850,0
BTN,1851,0
BTN,1852,0
BTN,1853,0
BTN,1854,0
BTN,1855,0
BTN,1856,0
BTN,1857,0
BTN,1858,0
BTN,1859,0
BTN,1860,0
BTN,1861,0
BTN,1862,0
BTN,1863,0
BTN,1864,0
BTN,1865,0
BTN,1866,0
BTN,1867,0
BTN,1868,0
BTN,1869,0
BTN,1870,0
BTN,1871,0
BTN,1872,0
BTN,1873,0
BTN,1874,0
BTN,1875,0
BTN,1876,0
BTN,1877,0
BTN,1878,0
BTN,1879,0
BTN,1880,0
BTN,1881,0
BTN,1882,0
BTN,1883,0
BTN,1884,0
BTN,1885,0
BTN,1886,0
BTN,1887,0
BTN,1888,0
BTN,1889,0
BTN,1890,0
BTN,1891,0
BTN,1892,0
BTN,1893,0
BTN,1894,0
BTN,1895,0
BTN,1896,0
BTN,1897,0
BTN,1898,0
BTN,1899,0
BTN,1900,0
BTN,1901,0
BTN,1902,0
BTN,1903,0
BTN,1904,0
BTN,1905,0
BTN,1906,0
BTN,1907,0
BTN,1908,0
BTN,1909,0
BTN,1910,0
BTN,1911,0
BTN,1912,0
BTN,1913,0
BTN,1914,0
BTN,1915,0
BTN,1916,0
BTN,1917,0
BTN,1918,0
BTN,1919,0
BTN,1920,0
BTN,1921,0
BTN,1922,0
BTN,1923,0
BTN,1924,0
BTN,1925,0
BTN,1926,0
BTN,1927,0
BTN,1928,0
BTN,1929,0
BTN,1930,0
BTN,1931,0
BTN,1932,0
BTN,1933,0
BTN,1934,0
BTN,1935,0
BTN,1936,0
BTN,1937,0
BTN,1938,0
BTN,1939,0
BTN,1940,0
BTN,1941,0
BTN,1942,0
BTN,1943,0
BTN,1944,0
BTN,1945,0
BTN,1946,0
BTN,1947,0
BTN,1948,0
BTN,1949,0
BTN,1950,0
BTN,1951,0
BTN,1952,0
BTN,1953,0
BTN,1954,0
BTN,1955,0
BTN,1956,0
BTN,1957,0
BTN,1958,0
BTN,1959,0
BTN,1960,0
BTN,1961,0
BTN,1962,0
BTN,1963,0
BTN,1964,0
BTN,1965,0
BTN,1966,0
BTN,1967,0
BTN,1968,0
BTN,1969,0
BTN,1970,0.004
BTN,1971,0.004
BTN,1972,0.004
BTN,1973,0.004
BTN,1974,0.004
BTN,1975,0.004
BTN,1976,0.004
BTN,1977,0.007
BTN,1978,0.011
BTN,1979,0.022
BTN,1980,0.022
BTN,1981,0.055
BTN,1982,0.063
BTN,1983,0.087
BTN,1984,0.109
BTN,1985,0.12
BTN,1986,0.112
BTN,1987,0.16
BTN,1988,0.167
BTN,1989,0.12
BTN,1990,0.186
BTN,1991,0.186
BTN,1992,0.215
BTN,1993,0.182
BTN,1994,0.212
BTN,1995,0.249
BTN,1996,0.298
BTN,1997,0.39
BTN,1998,0.385
BTN,1999,0.386
BTN,2000,0.397
BTN,2001,0.464
BTN,2002,0.494
BTN,2003,0.494
BTN,2004,0.436
BTN,2005,0.546
BTN,2006,0.411
BTN,2007,0.397
BTN,2008,0.646
BTN,2009,0.683
BTN,2010,0.905
BTN,2011,1.007
BTN,2012,1.15
BTN,2013,1.269
BTN,2014,1.332
BTN,2015,1.434
BTN,2016,1.56
BTN,2017,1.649
BTN,2018,1.682
BTN,2019,1.565
BTN,2020,1.214
BTN,2021,1.455
BTN,2022,1.55
BTN,2023,1.63
BTN,2024,1.657
BWA,1850,0
BWA,1851,0
BWA,1852,0
BWA,1853,0
BWA,1854,0
BWA,1855,0
BWA,1856,0
BWA,1857,0
BWA,1858,0
BWA,1859,0
BWA,1860,0
BWA,1861,0
BWA,1862,0
BWA,1863,0
BWA,1864,0
BWA,1865,0
BWA,1866,0
BWA,1867,0
BWA,1868,0
BWA,1869,0
BWA,1870,0
BWA,1871,0
BWA,1872,0
BWA,1873,0
BWA,1874,0
BWA,1875,0
BWA,1876,0
BWA,1877,0
BWA,1878,0
BWA,1879,0
BWA,1880,0
BWA,1881,0
BWA,1882,0
BWA,1883,0
BWA,1884,0
BWA,1885,0
BWA,1886,0
BWA,1887,0
BWA,1888,0
BWA,1889,0
BWA,1890,0
BWA,1891,0
BWA,1892,0
BWA,1893,0
BWA,1894,0
BWA,1895,0
BWA,1896,0
BWA,1897,0
BWA,1898,0
BWA,1899,0
BWA,1900,0
BWA,1901,0
BWA,1902,0
BWA,1903,0
BWA,1904,0
BWA,1905,0
BWA,1906,0
BWA,1907,0
BWA,1908,0
BWA,1909,0
BWA,1910,0
BWA,1911,0
BWA,1912,0
BWA,1913,0
BWA,1914,0
BWA,1915,0
BWA,1916,0
BWA,1917,0
BWA,1918,0
BWA,1919,0
BWA,1920,0
BWA,1921,0
BWA,1922,0
BWA,1923,0
BWA,1924,0
BWA,1925,0
BWA,1926,0
BWA,1927,0
BWA,1928,0
BWA,1929,0
BWA,1930,0
BWA,1931,0
BWA,1932,0
BWA,1933,0
BWA,1934,0
BWA,1935,0
BWA,1936,0
BWA,1937,0
BWA,1938,0
BWA,1939,0
BWA,1940,0
BWA,1941,0
BWA,1942,0
BWA,1943,0
BWA,1944,0
BWA,1945,0
BWA,1946,0
BWA,1947,0
BWA,1948,0
BWA,1949,0
BWA,1950,0
BWA,1951,0
BWA,1952,0
BWA,1953,0
BWA,1954,0
BWA,1955,0
BWA,1956,0
BWA,1957,0
BWA,1958,0
BWA,1959,0
BWA,1960,0
BWA,1961,0
BWA,1962,0
BWA,1963,0
BWA,1964,0
BWA,1965,0
BWA,1966,0
BWA,1967,0
BWA,1968,0
BWA,1969,0
BWA,1970,0
BWA,1971,0
BWA,1972,0.022
BWA,1973,0.051
BWA,1974,0.088
BWA,1975,0.187
BWA,1976,0.594
BWA,1977,0.78
BWA,1978,0.832
BWA,1979,0.942
BWA,1980,1.403
BWA,1981,1.408
BWA,1982,1.399
BWA,1983,1.33
BWA,1984,1.344
BWA,1985,1.658
BWA,1986,1.566
BWA,1987,1.838
BWA,1988,2.001
BWA,1989,2.229
BWA,1990,2.7
BWA,1991,2.634
BWA,1992,2.777
BWA,1993,3.195
BWA,1994,3.03
BWA,1995,3.045
BWA,1996,2.755
BWA,1997,2.799
BWA,1998,3.342
BWA,1999,3.158
BWA,2000,3.778
BWA,2001,3.847
BWA,2002,3.975
BWA,2003,3.825
BWA,2004,3.895
BWA,2005,4.096
BWA,2006,4.133
BWA,2007,4.228
BWA,2008,4.503
BWA,2009,3.855
BWA,2010,4.537
BWA,2011,4.029
BWA,2012,5.077
BWA,2013,5.663
BWA,2014,6.85
BWA,2015,5.418
BWA,2016,6.341
BWA,2017,7.066
BWA,2018,7.643
BWA,2019,7.486
BWA,2020,6.192
BWA,2021,6.683
BWA,2022,7.396
BWA,2023,7.249
BWA,2024,7.462
CAF,1850,0
CAF,1851,0
CAF,1852,0
CAF,1853,0
CAF,1854,0
CAF,1855,0
CAF,1856,0
CAF,1857,0
CAF,1858,0
CAF,1859,0
CAF,1860,0
CAF,1861,0
CAF,1862,0
CAF,1863,0
CAF,1864,0
CAF,1865,0
CAF,1866,0
CAF,1867,0
CAF,1868,0
CAF,1869,0
CAF,1870,0
CAF,1871,0
CAF,1872,0
CAF,1873,0
CAF,1874,0
CAF,1875,0
CAF,1876,0
CAF,1877,0
CAF,1878,0
CAF,1879,0
CAF,1880,0
CAF,1881,0
CAF,1882,0
CAF,1883,0
CAF,1884,0
CAF,1885,0
CAF,1886,0
CAF,1887,0
CAF,1888,0
CAF,1889,0
CAF,1890,0
CAF,1891,0
CAF,1892,0
CAF,1893,0
CAF,1894,0
CAF,1895,0
CAF,1896,0
CAF,1897,0
CAF,1898,0
CAF,1899,0
CAF,1900,0
CAF,1901,0
CAF,1902,0
CAF,1903,0
CAF,1904,0
CAF,1905,0
CAF,1906,0
CAF,1907,0
CAF,1908,0
CAF,1909,0
CAF,1910,0
CAF,1911,0
CAF,1912,0
CAF,1913,0
CAF,1914,0
CAF,1915,0
CAF,1916,0
CAF,1917,0
CAF,1918,0
CAF,1919,0
CAF,1920,0
CAF,1921,0
CAF,1922,0
CAF,1923,0
CAF,1924,0
CAF,1925,0
CAF,1926,0
CAF,1927,0
CAF,1928,0
CAF,1929,0
CAF,1930,0
CAF,1931,0
CAF,1932,0
CAF,1933,0
CAF,1934,0
CAF,1935,0
CAF,1936,0
CAF,1937,0
CAF,1938,0
CAF,1939,0
CAF,1940,0
CAF,1941,0
CAF,1942,0
CAF,1943,0
CAF,1944,0
CAF,1945,0
CAF,1946,0
CAF,1947,0
CAF,1948,0
CAF,1949,0
CAF,1950,0.047
CAF,1951,0.063
CAF,1952,0.081
CAF,1953,0.069
CAF,1954,0.072
CAF,1955,0.072
CAF,1956,0.093
CAF,1957,0.1
CAF,1958,0.115
CAF,1959,0.099
CAF,1960,0.088
CAF,1961,0.088
CAF,1962,0.073
CAF,1963,0.073
CAF,1964,0.073
CAF,1965,0.088
CAF,1966,0.084
CAF,1967,0.092
CAF,1968,0.183
CAF,1969,0.187
CAF,1970,0.209
CAF,1971,0.183
CAF,1972,0.169
CAF,1973,0.161
CAF,1974,0.114
CAF,1975,0.103
CAF,1976,0.128
CAF,1977,0.128
CAF,1978,0.147
CAF,1979,0.103
CAF,1980,0.106
CAF,1981,0.136
CAF,1982,0.143
CAF,1983,0.147
CAF,1984,0.15
CAF,1985,0.161
CAF,1986,0.161
CAF,1987,0.26
CAF,1988,0.231
CAF,1989,0.249
CAF,1990,0.183
CAF,1991,0.191
CAF,1992,0.194
CAF,1993,0.198
CAF,1994,0.209
CAF,1995,0.209
CAF,1996,0.213
CAF,1997,0.216
CAF,1998,0.22
CAF,1999,0.231
CAF,2000,0.125
CAF,2001,0.143
CAF,2002,0.117
CAF,2003,0.114
CAF,2004,0.125
CAF,2005,0.128
CAF,2006,0.139
CAF,2007,0.154
CAF,2008,0.15
CAF,2009,0.154
CAF,2010,0.169
CAF,2011,0.154
CAF,2012,0.183
CAF,2013,0.103
CAF,2014,0.132
CAF,2015,0.194
CAF,2016,0.238
CAF,2017,0.286
CAF,2018,0.271
CAF,2019,0.311
CAF,2020,0.333
CAF,2021,0.366
CAF,2022,0.377
CAF,2023,0.389
CAF,2024,0.395
CAN,1785,0.004
CAN,1786,0.004
CAN,1787,0.004
CAN,1788,0.004
CAN,1789,0.004
CAN,1790,0.004
CAN,1791,0.004
CAN,1792,0.004
CAN,1793,0.004
CAN,1794,0.004
CAN,1795,0.004
CAN,1796,0.004
CAN,1797,0.004
CAN,1798,0.004
CAN,1799,0.004
CAN,1800,0.004
CAN,1801,0.004
CAN,1802,0.004
CAN,1803,0.004
CAN,1804,0.004
CAN,1805,0.004
CAN,1806,0.004
CAN,1807,0.004
CAN,1808,0.004
CAN,1809,0.004
CAN,1810,0.004
CAN,1811,0.004
CAN,1812,0.004
CAN,1813,0.004
CAN,1814,0.004
CAN,1815,0.004
CAN,1816,0.004
CAN,1817,0.004
CAN,1818,0.004
CAN,1819,0.004
CAN,1820,0.004
CAN,1821,0.004
CAN,1822,0.004
CAN,1823,0.004
CAN,1824,0.004
CAN,1825,0.004
CAN,1826,0.004
CAN,1827,0.004
CAN,1828,0.004
CAN,1829,0.004
CAN,1830,0.004
CAN,1831,0.004
CAN,1832,0.004
CAN,1833,0.004
CAN,1834,0.004
CAN,1835,0.004
CAN,1836,0.004
CAN,1837,0.004
CAN,1838,0.004
CAN,1839,0.004
CAN,1840,0.004
CAN,1841,0.004
CAN,1842,0.004
CAN,1843,0.004
CAN,1844,0.004
CAN,1845,0.004
CAN,1846,0.026
CAN,1847,0.033
CAN,1848,0.04
CAN,1849,0.048
CAN,1850,0.059
CAN,1851,0.07
CAN,1852,0.084
CAN,1853,0.103
CAN,1854,0.125
CAN,1855,0.15
CAN,1856,0.18
CAN,1857,0.216
CAN,1858,0.264
CAN,1859,0.315
CAN,1860,0.381
CAN,1861,0.458
CAN,1862,0.561
CAN,1863,0.703
CAN,1864,0.843
CAN,1865,1.019
CAN,1866,1.242
CAN,1867,1.594
CAN,1868,0.945
CAN,1869,0.685
CAN,1870,1.224
CAN,1871,1.781
CAN,1872,1.847
CAN,1873,1.608
CAN,1874,1.623
CAN,1875,1.876
CAN,1876,1.858
CAN,1877,2.023
CAN,1878,1.935
CAN,1879,2.184
CAN,1880,5.232
CAN,1881,5.591
CAN,1882,6.617
CAN,1883,7.431
CAN,1884,8.599
CAN,1885,8.244
CAN,1886,8.797
CAN,1887,10.149
CAN,1888,13.311
CAN,1889,11.292
CAN,1890,12.414
CAN,1891,13.942
CAN,1892,13.89
CAN,1893,14.854
CAN,1894,14.18
CAN,1895,13.531
CAN,1896,14.649
CAN,1897,14.799
CAN,1898,15.708
CAN,1899,19.17
CAN,1900,20.628
CAN,1901,23.845
CAN,1902,25.648
CAN,1903,27.96
CAN,1904,33.097
CAN,1905,35.387
CAN,1906,37.387
CAN,1907,46.991
CAN,1908,47.408
CAN,1909,45.386
CAN,1910,51.622
CAN,1911,60.269
CAN,1912,67.271
CAN,1913,79.282
CAN,1914,68.381
CAN,1915,61.116
CAN,1916,76.457
CAN,1917,85.243
CAN,1918,89.519
CAN,1919,76.09
CAN,1920,84.378
CAN,1921,80.483
CAN,1922,69.209
CAN,1923,92.981
CAN,1924,77.384
CAN,1925,75.248
CAN,1926,84.756
CAN,1927,91.999
CAN,1928,93.777
CAN,1929,99.03
CAN,1930,94.348
CAN,1931,75.849
CAN,1932,70.207
CAN,1933,69.483
CAN,1934,79.913
CAN,1935,78.796
CAN,1936,86.163
CAN,1937,93.483
CAN,1938,85.544
CAN,1939,95.004
CAN,1940,108.622
CAN,1941,120.152
CAN,1942,131.077
CAN,1943,138.062
CAN,1944,140.407
CAN,1945,130.521
CAN,1946,138.422
CAN,1947,143.548
CAN,1948,158.507
CAN,1949,145.022
CAN,1950,154.134
CAN,1951,162.682
CAN,1952,159.409
CAN,1953,160.612
CAN,1954,162.968
CAN,1955,169.477
CAN,1956,189.802
CAN,1957,182.815
CAN,1958,182.155
CAN,1959,184.481
CAN,1960,192.716
CAN,1961,194.001
CAN,1962,206.991
CAN,1963,210.911
CAN,1964,237.578
CAN,1965,251.917
CAN,1966,259.074
CAN,1967,281.637
CAN,1968,303.261
CAN,1969,307.119
CAN,1970,341.232
CAN,1971,352.317
CAN,1972,380.814
CAN,1973,381.299
CAN,1974,389.632
CAN,1975,396.79
CAN,1976,398.966
CAN,1977,407.79
CAN,1978,415.532
CAN,1979,441.684
CAN,1980,442.843
CAN,1981,429.622
CAN,1982,414.455
CAN,1983,408.335
CAN,1984,425.237
CAN,1985,421.726
CAN,1986,404.715
CAN,1987,430.982
CAN,1988,455.673
CAN,1989,462.889
CAN,1990,458.018
CAN,1991,449.776
CAN,1992,463.393
CAN,1993,464.072
CAN,1994,478.468
CAN,1995,491.305
CAN,1996,507.775
CAN,1997,522.019
CAN,1998,529.615
CAN,1999,543.859
CAN,2000,566.68
CAN,2001,558.981
CAN,2002,564.256
CAN,2003,581.19
CAN,2004,576.286
CAN,2005,570.396
CAN,2006,566.315
CAN,2007,589.956
CAN,2008,574.214
CAN,2009,541.13
CAN,2010,554.307
CAN,2011,562.832
CAN,2012,561.77
CAN,2013,568.59
CAN,2014,564.938
CAN,2015,563.003
CAN,2016,553.707
CAN,2017,566.66
CAN,2018,575.091
CAN,2019,579.007
CAN,2020,524.208
CAN,2021,537.479
CAN,2022,547.658
CAN,2023,545.479
CAN,2024,533.34
CHE,1850,0
CHE,1851,0
CHE,1852,0
CHE,1853,0
CHE,1854,0
CHE,1855,0
CHE,1856,0
CHE,1857,0
CHE,1858,0.147
CHE,1859,0.205
CHE,1860,0.304
CHE,1861,0.425
CHE,1862,0.469
CHE,1863,0.469
CHE,1864,0.572
CHE,1865,0.696
CHE,1866,0.689
CHE,1867,0.674
CHE,1868,0.769
CHE,1869,0.744
CHE,1870,0.898
CHE,1871,1.11
CHE,1872,1.275
CHE,1873,1.238
CHE,1874,1.169
CHE,1875,1.279
CHE,1876,1.495
CHE,1877,1.418
CHE,1878,1.356
CHE,1879,1.447
CHE,1880,1.671
CHE,1881,1.565
CHE,1882,1.729
CHE,1883,1.913
CHE,1884,1.964
CHE,1885,2.045
CHE,1886,2.085
CHE,1887,2.257
CHE,1888,2.305
CHE,1889,2.543
CHE,1890,2.876
CHE,1891,3.521
CHE,1892,3.47
CHE,1893,2.876
CHE,1894,3.583
CHE,1895,3.847
CHE,1896,4.21
CHE,1897,4.441
CHE,1898,4.749
CHE,1899,5.122
CHE,1900,5.676
CHE,1901,5.185
CHE,1902,5.236
CHE,1903,5.672
CHE,1904,5.961
CHE,1905,6.24
CHE,1906,6.896
CHE,1907,7.999
CHE,1908,8.006
CHE,1909,8.068
CHE,1910,7.79
CHE,1911,8.61
CHE,1912,8.761
CHE,1913,9.252
CHE,1914,8.427
CHE,1915,8.926
CHE,1916,8.482
CHE,1917,6.108
CHE,1918,5.745
CHE,1919,4.606
CHE,1920,7.233
CHE,1921,4.466
CHE,1922,6.152
CHE,1923,7.665
CHE,1924,7.233
CHE,1925,7.537
CHE,1926,7.456
CHE,1927,8.596
CHE,1928,8.963
CHE,1929,10.264
CHE,1930,9.556
CHE,1931,10.095
CHE,1932,10.223
CHE,1933,9.567
CHE,1934,9.556
CHE,1935,9.475
CHE,1936,9.92
CHE,1937,10.464
CHE,1938,10.458
CHE,1939,11.86
CHE,1940,8.311
CHE,1941,6.625
CHE,1942,5.839
CHE,1943,6.172
CHE,1944,4.45
CHE,1945,1.621
CHE,1946,5.764
CHE,1947,9.446
CHE,1948,10.211
CHE,1949,8.53
CHE,1950,10.251
CHE,1951,12.321
CHE,1952,11.239
CHE,1953,10.352
CHE,1954,12.611
CHE,1955,13.633
CHE,1956,17.083
CHE,1957,17.716
CHE,1958,16.307
CHE,1959,16.616
CHE,1960,19.513
CHE,1961,20.376
CHE,1962,24.135
CHE,1963,29.085
CHE,1964,28.144
CHE,1965,30.34
CHE,1966,31.497
CHE,1967,32.527
CHE,1968,35.989
CHE,1969,38.054
CHE,1970,40.252
CHE,1971,41.894
CHE,1972,42.916
CHE,1973,46.205
CHE,1974,41.425
CHE,1975,39.049
CHE,1976,40.435
CHE,1977,41.031
CHE,1978,42.165
CHE,1979,39.858
CHE,1980,40.482
CHE,1981,38.802
CHE,1982,36.575
CHE,1983,40.011
CHE,1984,39.112
CHE,1985,39.762
CHE,1986,42.226
CHE,1987,40.182
CHE,1988,40.64
CHE,1989,39.389
CHE,1990,44.149
CHE,1991,46.131
CHE,1992,46.018
CHE,1993,43.61
CHE,1994,42.668
CHE,1995,43.414
CHE,1996,44.107
CHE,1997,43.046
CHE,1998,44.622
CHE,1999,44.447
CHE,2000,43.621
CHE,2001,45.085
CHE,2002,43.467
CHE,2003,44.651
CHE,2004,45.231
CHE,2005,45.776
CHE,2006,45.365
CHE,2007,43.359
CHE,2008,44.701
CHE,2009,43.526
CHE,2010,45.034
CHE,2011,40.973
CHE,2012,42.242
CHE,2013,43.183
CHE,2014,39.244
CHE,2015,38.756
CHE,2016,39.225
CHE,2017,38.234
CHE,2018,36.945
CHE,2019,36.822
CHE,2020,34.343
CHE,2021,35.902
CHE,2022,32.951
CHE,2023,31.977
CHE,2024,32.072
CHL,1844,0.024
CHL,1845,0.036
CHL,1846,0.046
CHL,1847,0.056
CHL,1848,0.064
CHL,1849,0.116
CHL,1850,0.094
CHL,1851,0.11
CHL,1852,0.181
CHL,1853,0.117
CHL,1854,0.005
CHL,1855,0.151
CHL,1856,0.22
CHL,1857,0.444
CHL,1858,0.451
CHL,1859,0.252
CHL,1860,0.421
CHL,1861,0.297
CHL,1862,0.294
CHL,1863,0.254
CHL,1864,0.394
CHL,1865,0.402
CHL,1866,0.551
CHL,1867,0.887
CHL,1868,0.687
CHL,1869,0.721
CHL,1870,0.657
CHL,1871,0.581
CHL,1872,1.027
CHL,1873,1.258
CHL,1874,1.645
CHL,1875,1.468
CHL,1876,1.597
CHL,1877,1.352
CHL,1878,1.258
CHL,1879,1.384
CHL,1880,1.746
CHL,1881,1.757
CHL,1882,1.875
CHL,1883,1.655
CHL,1884,1.71
CHL,1885,1.756
CHL,1886,1.598
CHL,1887,1.556
CHL,1888,2.286
CHL,1889,2.125
CHL,1890,2.077
CHL,1891,2.482
CHL,1892,2.021
CHL,1893,2.144
CHL,1894,3.077
CHL,1895,2.95
CHL,1896,3.238
CHL,1897,2.716
CHL,1898,3.032
CHL,1899,3.053
CHL,1900,3.003
CHL,1901,3.195
CHL,1902,2.96
CHL,1903,3.155
CHL,1904,2.919
CHL,1905,3.79
CHL,1906,3.792
CHL,1907,5.33
CHL,1908,4.991
CHL,1909,5.033
CHL,1910,5.028
CHL,1911,5.894
CHL,1912,6.67
CHL,1913,6.512
CHL,1914,5.163
CHL,1915,3.596
CHL,1916,4.366
CHL,1917,4.483
CHL,1918,4.017
CHL,1919,3.592
CHL,1920,2.895
CHL,1921,3.905
CHL,1922,2.449
CHL,1923,2.775
CHL,1924,3.994
CHL,1925,3.836
CHL,1926,3.744
CHL,1927,3.698
CHL,1928,3.473
CHL,1929,3.832
CHL,1930,3.533
CHL,1931,2.73
CHL,1932,2.638
CHL,1933,3.549
CHL,1934,4.155
CHL,1935,4.18
CHL,1936,4.579
CHL,1937,4.999
CHL,1938,5.07
CHL,1939,4.669
CHL,1940,5.403
CHL,1941,5.269
CHL,1942,5.326
CHL,1943,5.583
CHL,1944,5.48
CHL,1945,5.233
CHL,1946,5.26
CHL,1947,5.45
CHL,1948,5.755
CHL,1949,5.184
CHL,1950,9.384
CHL,1951,9.982
CHL,1952,10.604
CHL,1953,10.403
CHL,1954,11.08
CHL,1955,11.597
CHL,1956,11.832
CHL,1957,11.726
CHL,1958,12.451
CHL,1959,12.703
CHL,1960,13.476
CHL,1961,14.458
CHL,1962,16.707
CHL,1963,17.337
CHL,1964,17.505
CHL,1965,17.747
CHL,1966,18.772
CHL,1967,19.238
CHL,1968,21.202
CHL,1969,22.531
CHL,1970,24.636
CHL,1971,27.056
CHL,1972,28.139
CHL,1973,27.588
CHL,1974,25.878
CHL,1975,22.947
CHL,1976,24.029
CHL,1977,23.017
CHL,1978,22.842
CHL,1979,24.73
CHL,1980,25.1
CHL,1981,24.347
CHL,1982,20.475
CHL,1983,20.674
CHL,1984,22.005
CHL,1985,21.292
CHL,1986,22.022
CHL,1987,22.41
CHL,1988,26.6
CHL,1989,32.018
CHL,1990,32.908
CHL,1991,30.892
CHL,1992,32.001
CHL,1993,34.098
CHL,1994,37.975
CHL,1995,41.563
CHL,1996,48.226
CHL,1997,55.942
CHL,1998,57.258
CHL,1999,61.408
CHL,2000,58.503
CHL,2001,52.918
CHL,2002,54.836
CHL,2003,55.1
CHL,2004,59.221
CHL,2005,61.116
CHL,2006,64.048
CHL,2007,70.469
CHL,2008,70.549
CHL,2009,65.96
CHL,2010,71.347
CHL,2011,78.071
CHL,2012,79.621
CHL,2013,81.733
CHL,2014,77.586
CHL,2015,81.778
CHL,2016,84.25
CHL,2017,84.135
CHL,2018,84.443
CHL,2019,91.977
CHL,2020,80.178
CHL,2021,83.63
CHL,2022,85.744
CHL,2023,77.604
CHL,2024,78.726
CHN,1850,0
CHN,1851,0
CHN,1852,0
CHN,1853,0
CHN,1854,0
CHN,1855,0
CHN,1856,0
CHN,1857,0
CHN,1858,0
CHN,1859,0
CHN,1860,0
CHN,1861,0
CHN,1862,0
CHN,1863,0
CHN,1864,0
CHN,1865,0
CHN,1866,0
CHN,1867,0
CHN,1868,0
CHN,1869,0
CHN,1870,0
CHN,1871,0
CHN,1872,0
CHN,1873,0
CHN,1874,0
CHN,1875,0
CHN,1876,0
CHN,1877,0
CHN,1878,0
CHN,1879,0
CHN,1880,0
CHN,1881,0
CHN,1882,0
CHN,1883,0
CHN,1884,0
CHN,1885,0
CHN,1886,0
CHN,1887,0
CHN,1888,0
CHN,1889,0
CHN,1890,0
CHN,1891,0
CHN,1892,0
CHN,1893,0
CHN,1894,0
CHN,1895,0
CHN,1896,0
CHN,1897,0
CHN,1898,0
CHN,1899,0
CHN,1900,0
CHN,1901,0
CHN,1902,0
CHN,1903,0
CHN,1904,0
CHN,1905,0
CHN,1906,0
CHN,1907,19.894
CHN,1908,22.736
CHN,1909,24.252
CHN,1910,25.009
CHN,1911,24.631
CHN,1912,17.029
CHN,1913,24.252
CHN,1914,26.718
CHN,1915,25.421
CHN,1916,30.131
CHN,1917,32.023
CHN,1918,34.748
CHN,1919,37.997
CHN,1920,40.278
CHN,1921,38.763
CHN,1922,39.972
CHN,1923,46.518
CHN,1924,48.846
CHN,1925,45.955
CHN,1926,43.66
CHN,1927,45.809
CHN,1928,47.591
CHN,1929,48.282
CHN,1930,49.558
CHN,1931,51.905
CHN,1932,50.269
CHN,1933,54.111
CHN,1934,62.383
CHN,1935,72.646
CHN,1936,75.477
CHN,1937,70.969
CHN,1938,61.366
CHN,1939,74.427
CHN,1940,90.791
CHN,1941,113.979
CHN,1942,127.613
CHN,1943,108.995
CHN,1944,103.004
CHN,1945,55.892
CHN,1946,36.107
CHN,1947,41.836
CHN,1948,38.4
CHN,1949,62.081
CHN,1950,78.835
CHN,1951,102.115
CHN,1952,128.003
CHN,1953,133.786
CHN,1954,160.881
CHN,1955,190.521
CHN,1956,215.828
CHN,1957,255.789
CHN,1958,524.624
CHN,1959,720.163
CHN,1960,798.811
CHN,1961,570.641
CHN,1962,459.625
CHN,1963,456.787
CHN,1964,460.644
CHN,1965,500.294
CHN,1966,549.467
CHN,1967,460.233
CHN,1968,495.514
CHN,1969,607.694
CHN,1970,807.964
CHN,1971,909.21
CHN,1972,968.636
CHN,1973,1008.269
CHN,1974,1028.063
CHN,1975,1183.154
CHN,1976,1226.339
CHN,1977,1340.715
CHN,1978,1492.517
CHN,1979,1525.417
CHN,1980,1494.298
CHN,1981,1476.28
CHN,1982,1606.239
CHN,1983,1693.747
CHN,1984,1844.213
CHN,1985,1997.193
CHN,1986,2103.43
CHN,1987,2256.629
CHN,1988,2424.444
CHN,1989,2462.15
CHN,1990,2483.534
CHN,1991,2619.143
CHN,1992,2731.29
CHN,1993,2914.284
CHN,1994,3093.891
CHN,1995,3351.197
CHN,1996,3499.311
CHN,1997,3512.35
CHN,1998,3355.336
CHN,1999,3549.949
CHN,2000,3643.81
CHN,2001,3724.114
CHN,2002,4098.181
CHN,2003,4835.251
CHN,2004,5210.961
CHN,2005,5881.991
CHN,2006,6486.185
CHN,2007,6974.663
CHN,2008,7492.404
CHN,2009,7881.491
CHN,2010,8610.048
CHN,2011,9520.153
CHN,2012,9767.311
CHN,2013,9942.371
CHN,2014,9976.027
CHN,2015,9858.04
CHN,2016,9748.175
CHN,2017,10000.014
CHN,2018,10346.79
CHN,2019,10713.515
CHN,2020,10896.521
CHN,2021,11284.401
CHN,2022,11711.808
CHN,2023,12172.009
CHN,2024,12289.037
CIV,1750,0
CIV,1751,0
CIV,1752,0
CIV,1753,0
CIV,1754,0
CIV,1755,0
CIV,1756,0
CIV,1757,0
CIV,1758,0
CIV,1759,0
CIV,1760,0
CIV,1761,0
CIV,1762,0
CIV,1763,0
CIV,1764,0
CIV,1765,0
CIV,1766,0
CIV,1767,0
CIV,1768,0
CIV,1769,0
CIV,1770,0
CIV,1771,0
CIV,1772,0
CIV,1773,0
CIV,1774,0
CIV,1775,0
CIV,1776,0
CIV,1777,0
CIV,1778,0
CIV,1779,0
CIV,1780,0
CIV,1781,0
CIV,1782,0
CIV,1783,0
CIV,1784,0
CIV,1785,0
CIV,1786,0
CIV,1787,0
CIV,1788,0
CIV,1789,0
CIV,1790,0
CIV,1791,0
CIV,1792,0
CIV,1793,0
CIV,1794,0
CIV,1795,0
CIV,1796,0
CIV,1797,0
CIV,1798,0
CIV,1799,0
CIV,1800,0
CIV,1801,0
CIV,1802,0
CIV,1803,0
CIV,1804,0
CIV,1805,0
CIV,1806,0
CIV,1807,0
CIV,1808,0
CIV,1809,0
CIV,1810,0
CIV,1811,0
CIV,1812,0
CIV,1813,0
CIV,1814,0
CIV,1815,0
CIV,1816,0
CIV,1817,0
CIV,1818,0
CIV,1819,0
CIV,1820,0
CIV,1821,0
CIV,1822,0
CIV,1823,0
CIV,1824,0
CIV,1825,0
CIV,1826,0
CIV,1827,0
CIV,1828,0
CIV,1829,0
CIV,1830,0
CIV,1831,0
CIV,1832,0
CIV,1833,0
CIV,1834,0
CIV,1835,0
CIV,1836,0
CIV,1837,0
CIV,1838,0
CIV,1839,0
CIV,1840,0
CIV,1841,0
CIV,1842,0
CIV,1843,0
CIV,1844,0
CIV,1845,0
CIV,1846,0
CIV,1847,0
CIV,1848,0
CIV,1849,0
CIV,1850,0
CIV,1851,0
CIV,1852,0
CIV,1853,0
CIV,1854,0
CIV,1855,0
CIV,1856,0
CIV,1857,0
CIV,1858,0
CIV,1859,0
CIV,1860,0
CIV,1861,0
CIV,1862,0
CIV,1863,0
CIV,1864,0
CIV,1865,0
CIV,1866,0
CIV,1867,0
CIV,1868,0
CIV,1869,0
CIV,1870,0
CIV,1871,0
CIV,1872,0
CIV,1873,0
CIV,1874,0
CIV,1875,0
CIV,1876,0
CIV,1877,0
CIV,1878,0
CIV,1879,0
CIV,1880,0
CIV,1881,0
CIV,1882,0
CIV,1883,0
CIV,1884,0
CIV,1885,0
CIV,1886,0
CIV,1887,0
CIV,1888,0
CIV,1889,0
CIV,1890,0
CIV,1891,0
CIV,1892,0
CIV,1893,0
CIV,1894,0
CIV,1895,0
CIV,1896,0
CIV,1897,0
CIV,1898,0
CIV,1899,0
CIV,1900,0
CIV,1901,0
CIV,1902,0
CIV,1903,0
CIV,1904,0
CIV,1905,0
CIV,1906,0
CIV,1907,0
CIV,1908,0
CIV,1909,0
CIV,1910,0
CIV,1911,0
CIV,1912,0
CIV,1913,0
CIV,1914,0
CIV,1915,0
CIV,1916,0
CIV,1917,0
CIV,1918,0
CIV,1919,0
CIV,1920,0
CIV,1921,0
CIV,1922,0
CIV,1923,0
CIV,1924,0
CIV,1925,0
CIV,1926,0
CIV,1927,0
CIV,1928,0
CIV,1929,0
CIV,1930,0
CIV,1931,0
CIV,1932,0
CIV,1933,0
CIV,1934,0
CIV,1935,0
CIV,1936,0
CIV,1937,0
CIV,1938,0
CIV,1939,0
CIV,1940,0
CIV,1941,0
CIV,1942,0
CIV,1943,0
CIV,1944,0
CIV,1945,0
CIV,1946,0
CIV,1947,0
CIV,1948,0
CIV,1949,0
CIV,1950,0.551
CIV,1951,0.461
CIV,1952,0.515
CIV,1953,0.428
CIV,1954,0.505
CIV,1955,0.503
CIV,1956,0.582
CIV,1957,0.596
CIV,1958,0.498
CIV,1959,0.546
CIV,1960,0.462
CIV,1961,0.553
CIV,1962,0.586
CIV,1963,0.623
CIV,1964,0.762
CIV,1965,1.172
CIV,1966,1.238
CIV,1967,1.359
CIV,1968,1.598
CIV,1969,1.891
CIV,1970,2.242
CIV,1971,2.455
CIV,1972,2.711
CIV,1973,2.876
CIV,1974,3.243
CIV,1975,3.986
CIV,1976,3.961
CIV,1977,4.052
CIV,1978,4.814
CIV,1979,5.419
CIV,1980,5.569
CIV,1981,3.866
CIV,1982,5.555
CIV,1983,4.518
CIV,1984,5.133
CIV,1985,6.984
CIV,1986,5.577
CIV,1987,7.35
CIV,1988,8.805
CIV,1989,8.266
CIV,1990,4.782
CIV,1991,4.309
CIV,1992,3.844
CIV,1993,5.093
CIV,1994,4.133
CIV,1995,6.225
CIV,1996,7.526
CIV,1997,7.211
CIV,1998,6.748
CIV,1999,6.095
CIV,2000,6.63
CIV,2001,7.653
CIV,2002,7.45
CIV,2003,5.301
CIV,2004,7.386
CIV,2005,7.568
CIV,2006,6.887
CIV,2007,6.653
CIV,2008,6.713
CIV,2009,5.66
CIV,2010,6.225
CIV,2011,6.523
CIV,2012,8.54
CIV,2013,9.68
CIV,2014,9.903
CIV,2015,9.555
CIV,2016,11.979
CIV,2017,12.002
CIV,2018,10.415
CIV,2019,10.539
CIV,2020,11.019
CIV,2021,13.666
CIV,2022,14.504
CIV,2023,14.052
CIV,2024,14.829
CMR,1850,0
CMR,1851,0
CMR,1852,0
CMR,1853,0
CMR,1854,0
CMR,1855,0
CMR,1856,0
CMR,1857,0
CMR,1858,0
CMR,1859,0
CMR,1860,0
CMR,1861,0
CMR,1862,0
CMR,1863,0
CMR,1864,0
CMR,1865,0
CMR,1866,0
CMR,1867,0
CMR,1868,0
CMR,1869,0
CMR,1870,0
CMR,1871,0
CMR,1872,0
CMR,1873,0
CMR,1874,0
CMR,1875,0
CMR,1876,0
CMR,1877,0
CMR,1878,0
CMR,1879,0
CMR,1880,0
CMR,1881,0
CMR,1882,0
CMR,1883,0
CMR,1884,0
CMR,1885,0
CMR,1886,0
CMR,1887,0
CMR,1888,0
CMR,1889,0
CMR,1890,0
CMR,1891,0
CMR,1892,0
CMR,1893,0
CMR,1894,0
CMR,1895,0
CMR,1896,0
CMR,1897,0
CMR,1898,0
CMR,1899,0
CMR,1900,0
CMR,1901,0
CMR,1902,0
CMR,1903,0
CMR,1904,0
CMR,1905,0
CMR,1906,0
CMR,1907,0
CMR,1908,0
CMR,1909,0
CMR,1910,0
CMR,1911,0
CMR,1912,0
CMR,1913,0
CMR,1914,0
CMR,1915,0
CMR,1916,0
CMR,1917,0
CMR,1918,0
CMR,1919,0
CMR,1920,0
CMR,1921,0
CMR,1922,0
CMR,1923,0
CMR,1924,0
CMR,1925,0
CMR,1926,0
CMR,1927,0
CMR,1928,0
CMR,1929,0
CMR,1930,0
CMR,1931,0
CMR,1932,0
CMR,1933,0
CMR,1934,0
CMR,1935,0
CMR,1936,0
CMR,1937,0
CMR,1938,0
CMR,1939,0
CMR,1940,0
CMR,1941,0
CMR,1942,0
CMR,1943,0
CMR,1944,0
CMR,1945,0
CMR,1946,0
CMR,1947,0
CMR,1948,0
CMR,1949,0
CMR,1950,0.139
CMR,1951,0.183
CMR,1952,0.282
CMR,1953,0.202
CMR,1954,0.231
CMR,1955,0.234
CMR,1956,0.238
CMR,1957,0.256
CMR,1958,0.278
CMR,1959,0.278
CMR,1960,0.271
CMR,1961,0.282
CMR,1962,0.289
CMR,1963,0.3
CMR,1964,0.337
CMR,1965,0.311
CMR,1966,0.344
CMR,1967,0.458
CMR,1968,0.506
CMR,1969,0.572
CMR,1970,0.637
CMR,1971,0.809
CMR,1972,0.86
CMR,1973,0.897
CMR,1974,0.974
CMR,1975,1.161
CMR,1976,1.089
CMR,1977,1.559
CMR,1978,1.993
CMR,1979,1.815
CMR,1980,3.886
CMR,1981,5.319
CMR,1982,6.316
CMR,1983,6.554
CMR,1984,6.053
CMR,1985,6.471
CMR,1986,1.993
CMR,1987,1.843
CMR,1988,2.154
CMR,1989,7.578
CMR,1990,2.605
CMR,1991,2.668
CMR,1992,2.712
CMR,1993,2.866
CMR,1994,4.88
CMR,1995,5.375
CMR,1996,5.975
CMR,1997,5.379
CMR,1998,5.373
CMR,1999,5.219
CMR,2000,5.589
CMR,2001,5.562
CMR,2002,5.351
CMR,2003,5.705
CMR,2004,5.698
CMR,2005,5.424
CMR,2006,5.486
CMR,2007,7.409
CMR,2008,7.321
CMR,2009,8.555
CMR,2010,8.383
CMR,2011,8.105
CMR,2012,7.607
CMR,2013,7.853
CMR,2014,8.775
CMR,2015,9.85
CMR,2016,9.965
CMR,2017,9.582
CMR,2018,9.844
CMR,2019,9.605
CMR,2020,9.716
CMR,2021,9.734
CMR,2022,9.792
CMR,2023,9.695
CMR,2024,9.632
COD,1850,0
COD,1851,0
COD,1852,0
COD,1853,0
COD,1854,0
COD,1855,0
COD,1856,0
COD,1857,0
COD,1858,0
COD,1859,0
COD,1860,0
COD,1861,0
COD,1862,0
COD,1863,0
COD,1864,0
COD,1865,0
COD,1866,0
COD,1867,0
COD,1868,0
COD,1869,0
COD,1870,0
COD,1871,0
COD,1872,0
COD,1873,0
COD,1874,0
COD,1875,0
COD,1876,0
COD,1877,0
COD,1878,0
COD,1879,0
COD,1880,0
COD,1881,0
COD,1882,0
COD,1883,0
COD,1884,0
COD,1885,0
COD,1886,0
COD,1887,0
COD,1888,0
COD,1889,0
COD,1890,0
COD,1891,0
COD,1892,0
COD,1893,0
COD,1894,0
COD,1895,0
COD,1896,0
COD,1897,0
COD,1898,0
COD,1899,0
COD,1900,0
COD,1901,0
COD,1902,0
COD,1903,0
COD,1904,0
COD,1905,0
COD,1906,0
COD,1907,0
COD,1908,0
COD,1909,0
COD,1910,0
COD,1911,0
COD,1912,0
COD,1913,0
COD,1914,0
COD,1915,0
COD,1916,0
COD,1917,0
COD,1918,0
COD,1919,0
COD,1920,0.004
COD,1921,0.007
COD,1922,0.081
COD,1923,0.161
COD,1924,0.216
COD,1925,0.172
COD,1926,0.238
COD,1927,0.231
COD,1928,0.282
COD,1929,0.304
COD,1930,0.388
COD,1931,0.249
COD,1932,0.051
COD,1933,0.004
COD,1934,0.018
COD,1935,0.033
COD,1936,0.04
COD,1937,0.103
COD,1938,0.121
COD,1939,0.088
COD,1940,0.077
COD,1941,0.102
COD,1942,0.143
COD,1943,0.22
COD,1944,0.172
COD,1945,0.172
COD,1946,0.311
COD,1947,0.326
COD,1948,0.373
COD,1949,0.476
COD,1950,1.48
COD,1951,1.747
COD,1952,2.084
COD,1953,2.289
COD,1954,2.816
COD,1955,3.388
COD,1956,3.175
COD,1957,3.329
COD,1958,2.926
COD,1959,2.699
COD,1960,2.319
COD,1961,2.355
COD,1962,2.172
COD,1963,2.293
COD,1964,1.974
COD,1965,2.469
COD,1966,2.403
COD,1967,2.289
COD,1968,3.366
COD,1969,3.648
COD,1970,2.71
COD,1971,2.959
COD,1972,3.017
COD,1973,3.189
COD,1974,3.365
COD,1975,3.233
COD,1976,3.405
COD,1977,3.477
COD,1978,3.526
COD,1979,3.74
COD,1980,3.485
COD,1981,3.755
COD,1982,3.047
COD,1983,3.998
COD,1984,3.932
COD,1985,3.612
COD,1986,3.346
COD,1987,3.816
COD,1988,3.978
COD,1989,4.352
COD,1990,4.249
COD,1991,3.133
COD,1992,2.808
COD,1993,2.662
COD,1994,2.751
COD,1995,3.096
COD,1996,3.473
COD,1997,3.089
COD,1998,2.733
COD,1999,2.199
COD,2000,1.705
COD,2001,1.647
COD,2002,1.734
COD,2003,2.096
COD,2004,2.028
COD,2005,2.287
COD,2006,2.352
COD,2007,2.623
COD,2008,2.685
COD,2009,2.446
COD,2010,2.735
COD,2011,3.041
COD,2012,2.797
COD,2013,3.921
COD,2014,5.066
COD,2015,3.274
COD,2016,2.659
COD,2017,2.92
COD,2018,3.774
COD,2019,4.118
COD,2020,4.305
COD,2021,4.292
COD,2022,5.892
COD,2023,5.881
COD,2024,5.904
COG,1850,0
COG,1851,0
COG,1852,0
COG,1853,0
COG,1854,0
COG,1855,0
COG,1856,0
COG,1857,0
COG,1858,0
COG,1859,0
COG,1860,0
COG,1861,0
COG,1862,0
COG,1863,0
COG,1864,0
COG,1865,0
COG,1866,0
COG,1867,0
COG,1868,0
COG,1869,0
COG,1870,0
COG,1871,0
COG,1872,0
COG,1873,0
COG,1874,0
COG,1875,0
COG,1876,0
COG,1877,0
COG,1878,0
COG,1879,0
COG,1880,0
COG,1881,0
COG,1882,0
COG,1883,0
COG,1884,0
COG,1885,0
COG,1886,0
COG,1887,0
COG,1888,0
COG,1889,0
COG,1890,0
COG,1891,0
COG,1892,0
COG,1893,0
COG,1894,0
COG,1895,0
COG,1896,0
COG,1897,0
COG,1898,0
COG,1899,0
COG,1900,0
COG,1901,0
COG,1902,0
COG,1903,0
COG,1904,0
COG,1905,0
COG,1906,0
COG,1907,0
COG,1908,0
COG,1909,0
COG,1910,0
COG,1911,0
COG,1912,0
COG,1913,0
COG,1914,0
COG,1915,0
COG,1916,0
COG,1917,0
COG,1918,0
COG,1919,0
COG,1920,0
COG,1921,0
COG,1922,0
COG,1923,0
COG,1924,0
COG,1925,0
COG,1926,0
COG,1927,0
COG,1928,0
COG,1929,0
COG,1930,0
COG,1931,0
COG,1932,0
COG,1933,0
COG,1934,0
COG,1935,0
COG,1936,0
COG,1937,0
COG,1938,0
COG,1939,0
COG,1940,0
COG,1941,0
COG,1942,0
COG,1943,0
COG,1944,0
COG,1945,0
COG,1946,0
COG,1947,0
COG,1948,0
COG,1949,0
COG,1950,0.089
COG,1951,0.118
COG,1952,0.154
COG,1953,0.13
COG,1954,0.137
COG,1955,0.135
COG,1956,0.176
COG,1957,0.189
COG,1958,0.216
COG,1959,0.187
COG,1960,0.224
COG,1961,0.267
COG,1962,0.238
COG,1963,0.234
COG,1964,0.267
COG,1965,0.245
COG,1966,0.308
COG,1967,0.322
COG,1968,0.451
COG,1969,0.502
COG,1970,0.572
COG,1971,0.685
COG,1972,0.663
COG,1973,1.22
COG,1974,1.623
COG,1975,1.099
COG,1976,1.235
COG,1977,0.48
COG,1978,0.322
COG,1979,0.348
COG,1980,0.406
COG,1981,0.471
COG,1982,1.343
COG,1983,1.142
COG,1984,1.14
COG,1985,1.275
COG,1986,1.062
COG,1987,1.32
COG,1988,1.493
COG,1989,1.496
COG,1990,1.008
COG,1991,1.083
COG,1992,1.289
COG,1993,1.16
COG,1994,3.384
COG,1995,3.225
COG,1996,4.037
COG,1997,4.831
COG,1998,3.869
COG,1999,3.916
COG,2000,4.284
COG,2001,4.178
COG,2002,2.72
COG,2003,3.258
COG,2004,3.549
COG,2005,4.352
COG,2006,4.786
COG,2007,4.259
COG,2008,4.27
COG,2009,4.944
COG,2010,5.5
COG,2011,5.046
COG,2012,5.018
COG,2013,5.89
COG,2014,5.471
COG,2015,5.637
COG,2016,5.727
COG,2017,5.651
COG,2018,6.545
COG,2019,7.294
COG,2020,7.677
COG,2021,7.393
COG,2022,8.728
COG,2023,8.274
COG,2024,8.84
COK,1850,0
COK,1851,0
COK,1852,0
COK,1853,0
COK,1854,0
COK,1855,0
COK,1856,0
COK,1857,0
COK,1858,0
COK,1859,0
COK,1860,0
COK,1861,0
COK,1862,0
COK,1863,0
COK,1864,0
COK,1865,0
COK,1866,0
COK,1867,0
COK,1868,0
COK,1869,0
COK,1870,0
COK,1871,0
COK,1872,0
COK,1873,0
COK,1874,0
COK,1875,0
COK,1876,0
COK,1877,0
COK,1878,0
COK,1879,0
COK,1880,0
COK,1881,0
COK,1882,0
COK,1883,0
COK,1884,0
COK,1885,0
COK,1886,0
COK,1887,0
COK,1888,0
COK,1889,0
COK,1890,0
COK,1891,0
COK,1892,0
COK,1893,0
COK,1894,0
COK,1895,0
COK,1896,0
COK,1897,0
COK,1898,0
COK,1899,0
COK,1900,0
COK,1901,0
COK,1902,0
COK,1903,0
COK,1904,0
COK,1905,0
COK,1906,0
COK,1907,0
COK,1908,0
COK,1909,0
COK,1910,0
COK,1911,0
COK,1912,0
COK,1913,0
COK,1914,0
COK,1915,0
COK,1916,0
COK,1917,0
COK,1918,0
COK,1919,0
COK,1920,0
COK,1921,0
COK,1922,0
COK,1923,0
COK,1924,0
COK,1925,0
COK,1926,0
COK,1927,0
COK,1928,0
COK,1929,0
COK,1930,0
COK,1931,0
COK,1932,0
COK,1933,0
COK,1934,0
COK,1935,0
COK,1936,0
COK,1937,0
COK,1938,0
COK,1939,0
COK,1940,0
COK,1941,0
COK,1942,0
COK,1943,0
COK,1944,0
COK,1945,0
COK,1946,0
COK,1947,0
COK,1948,0
COK,1949,0
COK,1950,0
COK,1951,0
COK,1952,0
COK,1953,0
COK,1954,0
COK,1955,0
COK,1956,0
COK,1957,0
COK,1958,0
COK,1959,0
COK,1960,0
COK,1961,0
COK,1962,0
COK,1963,0
COK,1964,0
COK,1965,0
COK,1966,0
COK,1967,0
COK,1968,0
COK,1969,0.011
COK,1970,0.011
COK,1971,0.011
COK,1972,0.011
COK,1973,0.011
COK,1974,0.011
COK,1975,0.015
COK,1976,0.015
COK,1977,0.029
COK,1978,0.029
COK,1979,0.026
COK,1980,0.029
COK,1981,0.066
COK,1982,0.051
COK,1983,0.051
COK,1984,0.022
COK,1985,0.022
COK,1986,0.022
COK,1987,0.022
COK,1988,0.022
COK,1989,0.022
COK,1990,0.04
COK,1991,0.04
COK,1992,0.04
COK,1993,0.044
COK,1994,0.044
COK,1995,0.044
COK,1996,0.051
COK,1997,0.051
COK,1998,0.051
COK,1999,0.051
COK,2000,0.051
COK,2001,0.055
COK,2002,0.044
COK,2003,0.048
COK,2004,0.051
COK,2005,0.059
COK,2006,0.066
COK,2007,0.066
COK,2008,0.066
COK,2009,0.062
COK,2010,0.07
COK,2011,0.077
COK,2012,0.081
COK,2013,0.081
COK,2014,0.081
COK,2015,0.077
COK,2016,0.077
COK,2017,0.077
COK,2018,0.077
COK,2019,0.081
COK,2020,0.066
COK,2021,0.073
COK,2022,0.077
COK,2023,0.077
COK,2024,0.08
COL,1850,0
COL,1851,0
COL,1852,0
COL,1853,0
COL,1854,0
COL,1855,0
COL,1856,0.01
COL,1857,0.018
COL,1858,0.02
COL,1859,0.005
COL,1860,0.009
COL,1861,0.012
COL,1862,0.028
COL,1863,0.024
COL,1864,0.019
COL,1865,0.01
COL,1866,0.078
COL,1867,0.047
COL,1868,0.072
COL,1869,0.021
COL,1870,0.055
COL,1871,0.119
COL,1872,0.104
COL,1873,0.081
COL,1874,0.077
COL,1875,0.074
COL,1876,0.068
COL,1877,0.068
COL,1878,0.061
COL,1879,0.068
COL,1880,0.073
COL,1881,0.059
COL,1882,0.087
COL,1883,0.109
COL,1884,0.145
COL,1885,0.219
COL,1886,0.269
COL,1887,0.234
COL,1888,0.296
COL,1889,0.117
COL,1890,0.108
COL,1891,0.09
COL,1892,0.082
COL,1893,0.096
COL,1894,0.077
COL,1895,0.1
COL,1896,0.098
COL,1897,0.082
COL,1898,0.08
COL,1899,0.074
COL,1900,0.092
COL,1901,0.139
COL,1902,0.135
COL,1903,0.094
COL,1904,0.055
COL,1905,0.023
COL,1906,0.025
COL,1907,0.025
COL,1908,0.015
COL,1909,0.022
COL,1910,0.014
COL,1911,0.02
COL,1912,0.021
COL,1913,0.045
COL,1914,0.053
COL,1915,0.042
COL,1916,0.053
COL,1917,0.073
COL,1918,0.065
COL,1919,0.123
COL,1920,0.106
COL,1921,0.161
COL,1922,0.295
COL,1923,0.314
COL,1924,0.341
COL,1925,0.626
COL,1926,1.104
COL,1927,1.029
COL,1928,1.324
COL,1929,1.306
COL,1930,0.733
COL,1931,0.758
COL,1932,0.611
COL,1933,0.954
COL,1934,0.808
COL,1935,2.502
COL,1936,2.89
COL,1937,2.871
COL,1938,3.082
COL,1939,4.81
COL,1940,4.3
COL,1941,3.953
COL,1942,4.272
COL,1943,3.938
COL,1944,4.913
COL,1945,4.764
COL,1946,5.776
COL,1947,5.865
COL,1948,5.18
COL,1949,5.867
COL,1950,7.262
COL,1951,8.164
COL,1952,8.633
COL,1953,10.761
COL,1954,9.621
COL,1955,11.944
COL,1956,12.599
COL,1957,13.651
COL,1958,13.977
COL,1959,16.087
COL,1960,16.39
COL,1961,18.196
COL,1962,19.419
COL,1963,21.233
COL,1964,21.683
COL,1965,22.859
COL,1966,23.474
COL,1967,24.687
COL,1968,26.573
COL,1969,28.016
COL,1970,28.37
COL,1971,30.282
COL,1972,31.426
COL,1973,33.632
COL,1974,36.396
COL,1975,35.811
COL,1976,37.983
COL,1977,39.244
COL,1978,41.539
COL,1979,44.272
COL,1980,44.18
COL,1981,44.267
COL,1982,45.688
COL,1983,49.218
COL,1984,48.712
COL,1985,48.091
COL,1986,48.768
COL,1987,50.138
COL,1988,52.152
COL,1989,53.1
COL,1990,56.857
COL,1991,56.609
COL,1992,61.341
COL,1993,63.26
COL,1994,66.982
COL,1995,59.35
COL,1996,59.628
COL,1997,65.096
COL,1998,65.56
COL,1999,55.286
COL,2000,56.213
COL,2001,56.465
COL,2002,55.417
COL,2003,57.033
COL,2004,54.324
COL,2005,60.256
COL,2006,62.466
COL,2007,60.67
COL,2008,66.982
COL,2009,71.771
COL,2010,75.431
COL,2011,75.191
COL,2012,78.675
COL,2013,86.445
COL,2014,92.042
COL,2015,91.027
COL,2016,91.583
COL,2017,83.459
COL,2018,90.811
COL,2019,98.962
COL,2020,92.305
COL,2021,103.734
COL,2022,89.437
COL,2023,89.992
COL,2024,92.659
COM,1850,0
COM,1851,0
COM,1852,0
COM,1853,0
COM,1854,0
COM,1855,0
COM,1856,0
COM,1857,0
COM,1858,0
COM,1859,0
COM,1860,0
COM,1861,0
COM,1862,0
COM,1863,0
COM,1864,0
COM,1865,0
COM,1866,0
COM,1867,0
COM,1868,0
COM,1869,0
COM,1870,0
COM,1871,0
COM,1872,0
COM,1873,0
COM,1874,0
COM,1875,0
COM,1876,0
COM,1877,0
COM,1878,0
COM,1879,0
COM,1880,0
COM,1881,0
COM,1882,0
COM,1883,0
COM,1884,0
COM,1885,0
COM,1886,0
COM,1887,0
COM,1888,0
COM,1889,0
COM,1890,0
COM,1891,0
COM,1892,0
COM,1893,0
COM,1894,0
COM,1895,0
COM,1896,0
COM,1897,0
COM,1898,0
COM,1899,0
COM,1900,0
COM,1901,0
COM,1902,0
COM,1903,0
COM,1904,0
COM,1905,0
COM,1906,0
COM,1907,0
COM,1908,0
COM,1909,0
COM,1910,0
COM,1911,0
COM,1912,0
COM,1913,0
COM,1914,0
COM,1915,0
COM,1916,0
COM,1917,0
COM,1918,0
COM,1919,0
COM,1920,0
COM,1921,0
COM,1922,0
COM,1923,0
COM,1924,0
COM,1925,0
COM,1926,0
COM,1927,0
COM,1928,0
COM,1929,0
COM,1930,0
COM,1931,0
COM,1932,0
COM,1933,0
COM,1934,0
COM,1935,0
COM,1936,0
COM,1937,0
COM,1938,0
COM,1939,0
COM,1940,0
COM,1941,0
COM,1942,0
COM,1943,0
COM,1944,0
COM,1945,0
COM,1946,0
COM,1947,0
COM,1948,0
COM,1949,0
COM,1950,0
COM,1951,0
COM,1952,0
COM,1953,0
COM,1954,0
COM,1955,0
COM,1956,0
COM,1957,0
COM,1958,0
COM,1959,0.011
COM,1960,0.011
COM,1961,0.011
COM,1962,0.011
COM,1963,0.011
COM,1964,0.011
COM,1965,0.015
COM,1966,0.018
COM,1967,0.018
COM,1968,0.018
COM,1969,0.018
COM,1970,0.029
COM,1971,0.029
COM,1972,0.029
COM,1973,0.029
COM,1974,0.029
COM,1975,0.033
COM,1976,0.04
COM,1977,0.04
COM,1978,0.029
COM,1979,0.022
COM,1980,0.048
COM,1981,0.048
COM,1982,0.048
COM,1983,0.048
COM,1984,0.048
COM,1985,0.048
COM,1986,0.044
COM,1987,0.048
COM,1988,0.051
COM,1989,0.051
COM,1990,0.062
COM,1991,0.066
COM,1992,0.07
COM,1993,0.07
COM,1994,0.073
COM,1995,0.077
COM,1996,0.077
COM,1997,0.081
COM,1998,0.088
COM,1999,0.095
COM,2000,0.103
COM,2001,0.106
COM,2002,0.106
COM,2003,0.136
COM,2004,0.15
COM,2005,0.143
COM,2006,0.169
COM,2007,0.106
COM,2008,0.11
COM,2009,0.136
COM,2010,0.161
COM,2011,0.143
COM,2012,0.154
COM,2013,0.183
COM,2014,0.165
COM,2015,0.18
COM,2016,0.205
COM,2017,0.264
COM,2018,0.286
COM,2019,0.311
COM,2020,0.37
COM,2021,0.498
COM,2022,0.532
COM,2023,0.542
COM,2024,0.552
CPV,1850,0
CPV,1851,0
CPV,1852,0
CPV,1853,0
CPV,1854,0
CPV,1855,0
CPV,1856,0
CPV,1857,0
CPV,1858,0
CPV,1859,0
CPV,1860,0
CPV,1861,0
CPV,1862,0
CPV,1863,0
CPV,1864,0
CPV,1865,0
CPV,1866,0
CPV,1867,0
CPV,1868,0
CPV,1869,0
CPV,1870,0
CPV,1871,0
CPV,1872,0
CPV,1873,0
CPV,1874,0
CPV,1875,0
CPV,1876,0
CPV,1877,0
CPV,1878,0
CPV,1879,0
CPV,1880,0
CPV,1881,0
CPV,1882,0
CPV,1883,0
CPV,1884,0
CPV,1885,0
CPV,1886,0
CPV,1887,0
CPV,1888,0
CPV,1889,0
CPV,1890,0
CPV,1891,0
CPV,1892,0
CPV,1893,0
CPV,1894,0
CPV,1895,0
CPV,1896,0
CPV,1897,0
CPV,1898,0
CPV,1899,0
CPV,1900,0
CPV,1901,0
CPV,1902,0
CPV,1903,0
CPV,1904,0
CPV,1905,0
CPV,1906,0
CPV,1907,0
CPV,1908,0
CPV,1909,0
CPV,1910,0
CPV,1911,0
CPV,1912,0
CPV,1913,0
CPV,1914,0
CPV,1915,0
CPV,1916,0
CPV,1917,0
CPV,1918,0
CPV,1919,0
CPV,1920,0
CPV,1921,0
CPV,1922,0
CPV,1923,0
CPV,1924,0
CPV,1925,0
CPV,1926,0
CPV,1927,0
CPV,1928,0
CPV,1929,0
CPV,1930,0
CPV,1931,0
CPV,1932,0
CPV,1933,0
CPV,1934,0
CPV,1935,0
CPV,1936,0
CPV,1937,0
CPV,1938,0
CPV,1939,0
CPV,1940,0
CPV,1941,0
CPV,1942,0
CPV,1943,0
CPV,1944,0
CPV,1945,0
CPV,1946,0
CPV,1947,0
CPV,1948,0
CPV,1949,0
CPV,1950,0.103
CPV,1951,0.077
CPV,1952,0.037
CPV,1953,0.018
CPV,1954,0.022
CPV,1955,0.022
CPV,1956,0.029
CPV,1957,0.018
CPV,1958,0.015
CPV,1959,0.018
CPV,1960,0.022
CPV,1961,0.022
CPV,1962,0.018
CPV,1963,0.015
CPV,1964,0.029
CPV,1965,0.026
CPV,1966,0.022
CPV,1967,0.018
CPV,1968,0.029
CPV,1969,0.037
CPV,1970,0.037
CPV,1971,0.037
CPV,1972,0.051
CPV,1973,0.062
CPV,1974,0.066
CPV,1975,0.077
CPV,1976,0.073
CPV,1977,0.081
CPV,1978,0.209
CPV,1979,0.249
CPV,1980,0.121
CPV,1981,0.033
CPV,1982,0.037
CPV,1983,0.037
CPV,1984,0.084
CPV,1985,0.084
CPV,1986,0.059
CPV,1987,0.081
CPV,1988,0.073
CPV,1989,0.081
CPV,1990,0.18
CPV,1991,0.165
CPV,1992,0.18
CPV,1993,0.169
CPV,1994,0.176
CPV,1995,0.198
CPV,1996,0.22
CPV,1997,0.227
CPV,1998,0.242
CPV,1999,0.286
CPV,2000,0.297
CPV,2001,0.348
CPV,2002,0.385
CPV,2003,0.414
CPV,2004,0.429
CPV,2005,0.447
CPV,2006,0.495
CPV,2007,0.506
CPV,2008,0.473
CPV,2009,0.524
CPV,2010,0.557
CPV,2011,0.616
CPV,2012,0.502
CPV,2013,0.495
CPV,2014,0.491
CPV,2015,0.495
CPV,2016,0.531
CPV,2017,0.572
CPV,2018,0.572
CPV,2019,0.63
CPV,2020,0.52
CPV,2021,0.59
CPV,2022,0.598
CPV,2023,0.571
CPV,2024,0.594
CRI,1850,0
CRI,1851,0
CRI,1852,0
CRI,1853,0
CRI,1854,0
CRI,1855,0
CRI,1856,0
CRI,1857,0
CRI,1858,0
CRI,1859,0
CRI,1860,0
CRI,1861,0
CRI,1862,0
CRI,1863,0
CRI,1864,0
CRI,1865,0
CRI,1866,0
CRI,1867,0
CRI,1868,0
CRI,1869,0
CRI,1870,0
CRI,1871,0
CRI,1872,0
CRI,1873,0
CRI,1874,0
CRI,1875,0
CRI,1876,0
CRI,1877,0
CRI,1878,0.001
CRI,1879,0.001
CRI,1880,0.001
CRI,1881,0
CRI,1882,0
CRI,1883,0.001
CRI,1884,0.002
CRI,1885,0.001
CRI,1886,0.003
CRI,1887,0.002
CRI,1888,0.001
CRI,1889,0.006
CRI,1890,0.016
CRI,1891,0.012
CRI,1892,0.036
CRI,1893,0.028
CRI,1894,0.03
CRI,1895,0.023
CRI,1896,0.027
CRI,1897,0.023
CRI,1898,0.033
CRI,1899,0.03
CRI,1900,0.03
CRI,1901,0.032
CRI,1902,0.022
CRI,1903,0.038
CRI,1904,0.035
CRI,1905,0.024
CRI,1906,0.077
CRI,1907,0.062
CRI,1908,0.09
CRI,1909,0.052
CRI,1910,0.098
CRI,1911,0.111
CRI,1912,0.112
CRI,1913,0.112
CRI,1914,0.099
CRI,1915,0.072
CRI,1916,0.058
CRI,1917,0.027
CRI,1918,0.004
CRI,1919,0.031
CRI,1920,0.036
CRI,1921,0.009
CRI,1922,0.006
CRI,1923,0.008
CRI,1924,0.009
CRI,1925,0.003
CRI,1926,0.002
CRI,1927,0.002
CRI,1928,0.02
CRI,1929,0.02
CRI,1930,0.011
CRI,1931,0.006
CRI,1932,0.007
CRI,1933,0
CRI,1934,0
CRI,1935,0.008
CRI,1936,0.001
CRI,1937,0.008
CRI,1938,0.001
CRI,1939,0
CRI,1940,0.004
CRI,1941,0
CRI,1942,0.001
CRI,1943,0.001
CRI,1944,0.006
CRI,1945,0
CRI,1946,0
CRI,1947,0
CRI,1948,0.008
CRI,1949,0
CRI,1950,0.286
CRI,1951,0.312
CRI,1952,0.388
CRI,1953,0.432
CRI,1954,0.407
CRI,1955,0.348
CRI,1956,0.484
CRI,1957,0.462
CRI,1958,0.447
CRI,1959,0.385
CRI,1960,0.491
CRI,1961,0.491
CRI,1962,0.55
CRI,1963,0.601
CRI,1964,0.674
CRI,1965,0.846
CRI,1966,0.992
CRI,1967,0.875
CRI,1968,1.036
CRI,1969,1.146
CRI,1970,1.249
CRI,1971,1.527
CRI,1972,1.761
CRI,1973,2.043
CRI,1974,1.904
CRI,1975,2.036
CRI,1976,2.082
CRI,1977,2.607
CRI,1978,2.911
CRI,1979,2.78
CRI,1980,2.447
CRI,1981,2.235
CRI,1982,2.069
CRI,1983,2.088
CRI,1984,1.979
CRI,1985,2.24
CRI,1986,2.575
CRI,1987,2.721
CRI,1988,2.903
CRI,1989,2.93
CRI,1990,2.909
CRI,1991,3.282
CRI,1992,3.735
CRI,1993,3.881
CRI,1994,5.188
CRI,1995,4.789
CRI,1996,4.673
CRI,1997,4.9
CRI,1998,5.214
CRI,1999,5.415
CRI,2000,5.367
CRI,2001,5.638
CRI,2002,6.214
CRI,2003,6.551
CRI,2004,6.797
CRI,2005,6.66
CRI,2006,6.976
CRI,2007,7.907
CRI,2008,7.934
CRI,2009,7.693
CRI,2010,7.461
CRI,2011,7.276
CRI,2012,7.217
CRI,2013,7.584
CRI,2014,7.702
CRI,2015,7.353
CRI,2016,7.829
CRI,2017,7.987
CRI,2018,7.967
CRI,2019,7.66
CRI,2020,6.754
CRI,2021,7.665
CRI,2022,8.01
CRI,2023,8.473
CRI,2024,8.76
CUB,1850,0
CUB,1851,0
CUB,1852,0
CUB,1853,0
CUB,1854,0
CUB,1855,0
CUB,1856,0.385
CUB,1857,0.361
CUB,1858,0.338
CUB,1859,0.317
CUB,1860,0.298
CUB,1861,0.442
CUB,1862,0.592
CUB,1863,0.371
CUB,1864,0.611
CUB,1865,0.589
CUB,1866,0.592
CUB,1867,0.634
CUB,1868,0.6
CUB,1869,0.685
CUB,1870,0.626
CUB,1871,0.609
CUB,1872,0.619
CUB,1873,0.642
CUB,1874,0.651
CUB,1875,0.653
CUB,1876,0.562
CUB,1877,0.589
CUB,1878,0.686
CUB,1879,0.697
CUB,1880,0.59
CUB,1881,0.606
CUB,1882,0.615
CUB,1883,0.596
CUB,1884,0.585
CUB,1885,0.609
CUB,1886,0.576
CUB,1887,0.643
CUB,1888,0.716
CUB,1889,0.793
CUB,1890,0.772
CUB,1891,0.924
CUB,1892,1.022
CUB,1893,0.968
CUB,1894,1.043
CUB,1895,0.996
CUB,1896,0.799
CUB,1897,0.755
CUB,1898,0.838
CUB,1899,0.941
CUB,1900,0.944
CUB,1901,1.016
CUB,1902,0.992
CUB,1903,1.214
CUB,1904,1.349
CUB,1905,1.646
CUB,1906,1.884
CUB,1907,1.946
CUB,1908,1.897
CUB,1909,2.005
CUB,1910,2.386
CUB,1911,2.819
CUB,1912,3.279
CUB,1913,3.289
CUB,1914,3.013
CUB,1915,3.135
CUB,1916,3.642
CUB,1917,3.984
CUB,1918,3.893
CUB,1919,2.687
CUB,1920,3.63
CUB,1921,1.513
CUB,1922,1.381
CUB,1923,1.797
CUB,1924,1.572
CUB,1925,1.704
CUB,1926,1.636
CUB,1927,1.652
CUB,1928,1.595
CUB,1929,0.86
CUB,1930,1.298
CUB,1931,0.96
CUB,1932,0.773
CUB,1933,0.758
CUB,1934,0.815
CUB,1935,0.792
CUB,1936,0.923
CUB,1937,0.984
CUB,1938,0.884
CUB,1939,0.704
CUB,1940,0.681
CUB,1941,0.562
CUB,1942,0.47
CUB,1943,0.734
CUB,1944,0.527
CUB,1945,0.557
CUB,1946,0.478
CUB,1947,0.557
CUB,1948,0.419
CUB,1949,0.339
CUB,1950,5.641
CUB,1951,6.469
CUB,1952,6.282
CUB,1953,6.191
CUB,1954,5.949
CUB,1955,6.777
CUB,1956,5.842
CUB,1957,13.866
CUB,1958,17.995
CUB,1959,15.665
CUB,1960,13.687
CUB,1961,12.168
CUB,1962,14.155
CUB,1963,13.026
CUB,1964,14.279
CUB,1965,14.594
CUB,1966,15.169
CUB,1967,15.737
CUB,1968,16.02
CUB,1969,17.243
CUB,1970,18.654
CUB,1971,19.589
CUB,1972,20.777
CUB,1973,22.375
CUB,1974,22.888
CUB,1975,27.039
CUB,1976,27.197
CUB,1977,29.374
CUB,1978,30.661
CUB,1979,31.685
CUB,1980,31.374
CUB,1981,32.723
CUB,1982,34.527
CUB,1983,30.821
CUB,1984,32.581
CUB,1985,32.556
CUB,1986,33.547
CUB,1987,33.933
CUB,1988,35.616
CUB,1989,35.719
CUB,1990,29.638
CUB,1991,26.961
CUB,1992,20.754
CUB,1993,19.79
CUB,1994,21.426
CUB,1995,22.868
CUB,1996,23.304
CUB,1997,24.824
CUB,1998,24.309
CUB,1999,24.489
CUB,2000,25.299
CUB,2001,24.681
CUB,2002,25.179
CUB,2003,25.554
CUB,2004,24.54
CUB,2005,25.706
CUB,2006,26.781
CUB,2007,25.724
CUB,2008,27.738
CUB,2009,28.261
CUB,2010,33.042
CUB,2011,29.076
CUB,2012,29.476
CUB,2013,27.894
CUB,2014,27.366
CUB,2015,29.091
CUB,2016,27.772
CUB,2017,24.559
CUB,2018,23.019
CUB,2019,22.487
CUB,2020,21.281
CUB,2021,22.549
CUB,2022,23.259
CUB,2023,23.47
CUB,2024,24.44
CUW,1851,0
CUW,1852,0
CUW,1853,0
CUW,1854,0
CUW,1855,0
CUW,1856,0
CUW,1857,0
CUW,1858,0
CUW,1859,0
CUW,1860,0
CUW,1861,0
CUW,1862,0
CUW,1863,0
CUW,1864,0
CUW,1865,0
CUW,1866,0
CUW,1867,0
CUW,1868,0
CUW,1869,0
CUW,1870,0
CUW,1871,0
CUW,1872,0
CUW,1873,0
CUW,1874,0
CUW,1875,0
CUW,1876,0
CUW,1877,0
CUW,1878,0
CUW,1879,0
CUW,1880,0
CUW,1881,0
CUW,1882,0
CUW,1883,0
CUW,1884,0
CUW,1885,0
CUW,1886,0
CUW,1887,0
CUW,1888,0
CUW,1889,0
CUW,1890,0
CUW,1891,0
CUW,1892,0
CUW,1893,0
CUW,1894,0
CUW,1895,0
CUW,1896,0
CUW,1897,0
CUW,1898,0
CUW,1899,0
CUW,1900,0
CUW,1901,0
CUW,1902,0
CUW,1903,0
CUW,1904,0
CUW,1905,0
CUW,1906,0
CUW,1907,0
CUW,1908,0
CUW,1909,0
CUW,1910,0
CUW,1911,0
CUW,1912,0
CUW,1913,0
CUW,1914,0
CUW,1915,0
CUW,1916,0
CUW,1917,0
CUW,1918,0
CUW,1919,0
CUW,1920,0
CUW,1921,0
CUW,1922,0
CUW,1923,0
CUW,1924,0
CUW,1925,0
CUW,1926,0
CUW,1927,0
CUW,1928,0
CUW,1929,0
CUW,1930,0
CUW,1931,0
CUW,1932,0
CUW,1933,0
CUW,1934,0
CUW,1935,0
CUW,1936,0
CUW,1937,0
CUW,1938,0
CUW,1939,0
CUW,1940,0
CUW,1941,0
CUW,1942,0
CUW,1943,0
CUW,1944,0
CUW,1945,0
CUW,1946,0
CUW,1947,0
CUW,1948,0
CUW,1949,0
CUW,1950,6.132
CUW,1951,9.672
CUW,1952,5.584
CUW,1953,6.463
CUW,1954,13.073
CUW,1955,10.814
CUW,1956,13.986
CUW,1957,9.552
CUW,1958,8.367
CUW,1959,10.771
CUW,1960,9.261
CUW,1961,9.666
CUW,1962,10.615
CUW,1963,10.168
CUW,1964,9.886
CUW,1965,8.87
CUW,1966,8.294
CUW,1967,10.217
CUW,1968,9.5
CUW,1969,12.433
CUW,1970,13.906
CUW,1971,12.103
CUW,1972,11.735
CUW,1973,13.018
CUW,1974,11.8
CUW,1975,8.545
CUW,1976,18.254
CUW,1977,9.534
CUW,1978,8.119
CUW,1979,8.517
CUW,1980,8.765
CUW,1981,8.349
CUW,1982,9.335
CUW,1983,4.798
CUW,1984,11.98
CUW,1985,14.022
CUW,1986,2.688
CUW,1987,2.39
CUW,1988,2.354
CUW,1989,4.481
CUW,1990,4.799
CUW,1991,3.83
CUW,1992,3.155
CUW,1993,4.87
CUW,1994,4.669
CUW,1995,4.621
CUW,1996,4.322
CUW,1997,4.523
CUW,1998,0.25
CUW,1999,1.871
CUW,2000,4.964
CUW,2001,5.055
CUW,2002,4.874
CUW,2003,4.877
CUW,2004,5.117
CUW,2005,5.071
CUW,2006,5.285
CUW,2007,5.95
CUW,2008,5.723
CUW,2009,5.856
CUW,2010,4.034
CUW,2011,5.146
CUW,2012,6.287
CUW,2013,5.932
CUW,2014,6.797
CUW,2015,7.332
CUW,2016,6.203
CUW,2017,4.968
CUW,2018,4.324
CUW,2019,2.396
CUW,2020,2.008
CUW,2021,2.14
CUW,2022,2.209
CUW,2023,2.205
CUW,2024,2.29
CXR,1851,0
CXR,1852,0
CXR,1853,0
CXR,1854,0
CXR,1855,0
CXR,1856,0
CXR,1857,0
CXR,1858,0
CXR,1859,0
CXR,1860,0
CXR,1861,0
CXR,1862,0
CXR,1863,0
CXR,1864,0
CXR,1865,0
CXR,1866,0
CXR,1867,0
CXR,1868,0
CXR,1869,0
CXR,1870,0
CXR,1871,0
CXR,1872,0
CXR,1873,0
CXR,1874,0
CXR,1875,0
CXR,1876,0
CXR,1877,0
CXR,1878,0
CXR,1879,0
CXR,1880,0
CXR,1881,0
CXR,1882,0
CXR,1883,0
CXR,1884,0
CXR,1885,0
CXR,1886,0
CXR,1887,0
CXR,1888,0
CXR,1889,0
CXR,1890,0
CXR,1891,0
CXR,1892,0
CXR,1893,0
CXR,1894,0
CXR,1895,0
CXR,1896,0
CXR,1897,0
CXR,1898,0
CXR,1899,0
CXR,1900,0
CXR,1901,0
CXR,1902,0
CXR,1903,0
CXR,1904,0
CXR,1905,0
CXR,1906,0
CXR,1907,0
CXR,1908,0
CXR,1909,0
CXR,1910,0
CXR,1911,0
CXR,1912,0
CXR,1913,0
CXR,1914,0
CXR,1915,0
CXR,1916,0
CXR,1917,0
CXR,1918,0
CXR,1919,0
CXR,1920,0
CXR,1921,0
CXR,1922,0
CXR,1923,0
CXR,1924,0
CXR,1925,0
CXR,1926,0
CXR,1927,0
CXR,1928,0
CXR,1929,0
CXR,1930,0
CXR,1931,0
CXR,1932,0
CXR,1933,0
CXR,1934,0
CXR,1935,0
CXR,1936,0
CXR,1937,0
CXR,1938,0
CXR,1939,0
CXR,1940,0
CXR,1941,0
CXR,1942,0
CXR,1943,0
CXR,1944,0
CXR,1945,0
CXR,1946,0
CXR,1947,0
CXR,1948,0
CXR,1949,0
CXR,1950,0
CXR,1951,0
CXR,1952,0
CXR,1953,0
CXR,1954,0
CXR,1955,0
CXR,1956,0
CXR,1957,0
CXR,1958,0
CXR,1959,0
CXR,1960,0
CXR,1961,0
CXR,1962,0
CXR,1963,0
CXR,1964,0
CXR,1965,0
CXR,1966,0
CXR,1967,0
CXR,1968,0
CXR,1969,0
CXR,1970,0.07
CXR,1971,0.084
CXR,1972,0.084
CXR,1973,0.07
CXR,1974,0.125
CXR,1975,0.136
CXR,1976,0.125
CXR,1977,0.092
CXR,1978,0.092
CXR,1979,0.099
CXR,1980,0.099
CXR,1981,0.103
CXR,1982,0.073
CXR,1983,0.081
CXR,1984,0
CXR,1985,0
CXR,1986,0
CXR,1987,0
CXR,1988,0
CXR,1989,0
CXR,1990,0
CXR,1991,0
CXR,1992,0
CXR,1993,0
CXR,1994,0
CXR,1995,0
CXR,1996,0
CXR,1997,0
CXR,1998,0
CXR,1999,0
CXR,2000,0
CXR,2001,0
CXR,2002,0
CXR,2003,0
CXR,2004,0
CXR,2005,0
CXR,2006,0
CXR,2007,0
CXR,2008,0
CXR,2009,0
CXR,2010,0
CXR,2011,0
CXR,2012,0
CXR,2013,0
CXR,2014,0
CXR,2015,0
CXR,2016,0
CXR,2017,0
CXR,2018,0
CXR,2019,0
CXR,2020,0
CXR,2021,0
CXR,2022,0
CXR,2023,0
CXR,2024,0
CYP,1750,0
CYP,1751,0
CYP,1752,0
CYP,1753,0
CYP,1754,0
CYP,1755,0
CYP,1756,0
CYP,1757,0
CYP,1758,0
CYP,1759,0
CYP,1760,0
CYP,1761,0
CYP,1762,0
CYP,1763,0
CYP,1764,0
CYP,1765,0
CYP,1766,0
CYP,1767,0
CYP,1768,0
CYP,1769,0
CYP,1770,0
CYP,1771,0
CYP,1772,0
CYP,1773,0
CYP,1774,0
CYP,1775,0
CYP,1776,0
CYP,1777,0
CYP,1778,0
CYP,1779,0
CYP,1780,0
CYP,1781,0
CYP,1782,0
CYP,1783,0
CYP,1784,0
CYP,1785,0
CYP,1786,0
CYP,1787,0
CYP,1788,0
CYP,1789,0
CYP,1790,0
CYP,1791,0
CYP,1792,0
CYP,1793,0
CYP,1794,0
CYP,1795,0
CYP,1796,0
CYP,1797,0
CYP,1798,0
CYP,1799,0
CYP,1800,0
CYP,1801,0
CYP,1802,0
CYP,1803,0
CYP,1804,0
CYP,1805,0
CYP,1806,0
CYP,1807,0
CYP,1808,0
CYP,1809,0
CYP,1810,0
CYP,1811,0
CYP,1812,0
CYP,1813,0
CYP,1814,0
CYP,1815,0
CYP,1816,0
CYP,1817,0
CYP,1818,0
CYP,1819,0
CYP,1820,0
CYP,1821,0
CYP,1822,0
CYP,1823,0
CYP,1824,0
CYP,1825,0
CYP,1826,0
CYP,1827,0
CYP,1828,0
CYP,1829,0
CYP,1830,0
CYP,1831,0
CYP,1832,0
CYP,1833,0
CYP,1834,0
CYP,1835,0
CYP,1836,0
CYP,1837,0
CYP,1838,0
CYP,1839,0
CYP,1840,0
CYP,1841,0
CYP,1842,0
CYP,1843,0
CYP,1844,0
CYP,1845,0
CYP,1846,0
CYP,1847,0
CYP,1848,0
CYP,1849,0
CYP,1850,0
CYP,1851,0
CYP,1852,0
CYP,1853,0
CYP,1854,0
CYP,1855,0
CYP,1856,0
CYP,1857,0
CYP,1858,0
CYP,1859,0
CYP,1860,0
CYP,1861,0
CYP,1862,0
CYP,1863,0
CYP,1864,0
CYP,1865,0
CYP,1866,0
CYP,1867,0
CYP,1868,0
CYP,1869,0
CYP,1870,0
CYP,1871,0
CYP,1872,0
CYP,1873,0
CYP,1874,0
CYP,1875,0
CYP,1876,0
CYP,1877,0
CYP,1878,0
CYP,1879,0
CYP,1880,0
CYP,1881,0
CYP,1882,0
CYP,1883,0
CYP,1884,0
CYP,1885,0
CYP,1886,0
CYP,1887,0
CYP,1888,0
CYP,1889,0
CYP,1890,0
CYP,1891,0
CYP,1892,0
CYP,1893,0
CYP,1894,0
CYP,1895,0
CYP,1896,0
CYP,1897,0
CYP,1898,0
CYP,1899,0
CYP,1900,0
CYP,1901,0
CYP,1902,0
CYP,1903,0
CYP,1904,0
CYP,1905,0
CYP,1906,0
CYP,1907,0
CYP,1908,0
CYP,1909,0
CYP,1910,0
CYP,1911,0
CYP,1912,0
CYP,1913,0
CYP,1914,0
CYP,1915,0
CYP,1916,0
CYP,1917,0
CYP,1918,0
CYP,1919,0
CYP,1920,0
CYP,1921,0
CYP,1922,0
CYP,1923,0
CYP,1924,0
CYP,1925,0
CYP,1926,0
CYP,1927,0
CYP,1928,0
CYP,1929,0
CYP,1930,0
CYP,1931,0
CYP,1932,0
CYP,1933,0
CYP,1934,0
CYP,1935,0
CYP,1936,0
CYP,1937,0
CYP,1938,0
CYP,1939,0
CYP,1940,0
CYP,1941,0
CYP,1942,0
CYP,1943,0
CYP,1944,0
CYP,1945,0
CYP,1946,0
CYP,1947,0
CYP,1948,0
CYP,1949,0
CYP,1950,0.267
CYP,1951,0.282
CYP,1952,0.315
CYP,1953,0.366
CYP,1954,0.443
CYP,1955,0.451
CYP,1956,0.674
CYP,1957,0.817
CYP,1958,0.765
CYP,1959,0.831
CYP,1960,0.886
CYP,1961,0.864
CYP,1962,0.905
CYP,1963,0.985
CYP,1964,1
CYP,1965,1.15
CYP,1966,1.242
CYP,1967,1.362
CYP,1968,1.622
CYP,1969,1.67
CYP,1970,1.703
CYP,1971,1.884
CYP,1972,2.406
CYP,1973,2.504
CYP,1974,1.929
CYP,1975,1.991
CYP,1976,2.488
CYP,1977,2.7
CYP,1978,2.845
CYP,1979,3.045
CYP,1980,3.261
CYP,1981,3.096
CYP,1982,3.157
CYP,1983,3.151
CYP,1984,3.235
CYP,1985,3.145
CYP,1986,3.606
CYP,1987,4.185
CYP,1988,4.198
CYP,1989,4.43
CYP,1990,4.648
CYP,1991,5.136
CYP,1992,5.509
CYP,1993,5.753
CYP,1994,5.995
CYP,1995,5.866
CYP,1996,6.216
CYP,1997,6.302
CYP,1998,6.597
CYP,1999,6.863
CYP,2000,7.107
CYP,2001,6.98
CYP,2002,7.172
CYP,2003,7.561
CYP,2004,7.787
CYP,2005,7.952
CYP,2006,8.183
CYP,2007,8.475
CYP,2008,8.692
CYP,2009,8.438
CYP,2010,8.072
CYP,2011,7.792
CYP,2012,7.262
CYP,2013,6.578
CYP,2014,6.93
CYP,2015,6.952
CYP,2016,7.35
CYP,2017,7.469
CYP,2018,7.324
CYP,2019,7.324
CYP,2020,6.903
CYP,2021,6.951
CYP,2022,7.071
CYP,2023,7.188
CYP,2024,7.299
CZE,1850,0
CZE,1851,0
CZE,1852,0
CZE,1853,0
CZE,1854,0
CZE,1855,0
CZE,1856,0
CZE,1857,0
CZE,1858,0
CZE,1859,0
CZE,1860,0.202
CZE,1861,0.665
CZE,1862,1.131
CZE,1863,1.597
CZE,1864,2.063
CZE,1865,2.528
CZE,1866,2.994
CZE,1867,3.457
CZE,1868,3.923
CZE,1869,4.389
CZE,1870,4.854
CZE,1871,5.32
CZE,1872,5.783
CZE,1873,6.249
CZE,1874,6.714
CZE,1875,7.18
CZE,1876,12.412
CZE,1877,13.041
CZE,1878,13.67
CZE,1879,14.69
CZE,1880,15.564
CZE,1881,16.437
CZE,1882,16.808
CZE,1883,17.953
CZE,1884,18.544
CZE,1885,19.47
CZE,1886,20.468
CZE,1887,21.499
CZE,1888,23.043
CZE,1889,24.396
CZE,1890,26.09
CZE,1891,27.049
CZE,1892,27.46
CZE,1893,28.069
CZE,1894,28.774
CZE,1895,29.863
CZE,1896,30.598
CZE,1897,32.383
CZE,1898,33.107
CZE,1899,33.966
CZE,1900,33.719
CZE,1901,35.233
CZE,1902,35.704
CZE,1903,36.375
CZE,1904,36.73
CZE,1905,37.811
CZE,1906,39.486
CZE,1907,41.498
CZE,1908,42.264
CZE,1909,42.006
CZE,1910,41.568
CZE,1911,42.094
CZE,1912,44.789
CZE,1913,46.849
CZE,1914,42.71
CZE,1915,42.616
CZE,1916,45.357
CZE,1917,42.652
CZE,1918,36.364
CZE,1919,34.354
CZE,1920,34.071
CZE,1921,32.721
CZE,1922,29.203
CZE,1923,30.867
CZE,1924,37.886
CZE,1925,35.654
CZE,1926,36.151
CZE,1927,38.795
CZE,1928,40.847
CZE,1929,45.693
CZE,1930,40.311
CZE,1931,37.719
CZE,1932,32.875
CZE,1933,30.064
CZE,1934,30.032
CZE,1935,30.918
CZE,1936,33.593
CZE,1937,40.692
CZE,1938,46.588
CZE,1939,51.192
CZE,1940,57.694
CZE,1941,58.073
CZE,1942,62.634
CZE,1943,69.152
CZE,1944,65.925
CZE,1945,34.986
CZE,1946,43.567
CZE,1947,49.45
CZE,1948,53.448
CZE,1949,56.187
CZE,1950,57.851
CZE,1951,61.649
CZE,1952,65.916
CZE,1953,68.319
CZE,1954,72.957
CZE,1955,75.746
CZE,1956,81.286
CZE,1957,84.897
CZE,1958,92.773
CZE,1959,92.879
CZE,1960,99.081
CZE,1961,107.528
CZE,1962,114.592
CZE,1963,120.515
CZE,1964,125.44
CZE,1965,122.23
CZE,1966,121.57
CZE,1967,121.312
CZE,1968,126.921
CZE,1969,134.732
CZE,1970,154.465
CZE,1971,162.014
CZE,1972,163.482
CZE,1973,164.134
CZE,1974,166.025
CZE,1975,173.691
CZE,1976,180.427
CZE,1977,185.803
CZE,1978,187.483
CZE,1979,182.571
CZE,1980,184.691
CZE,1981,182.673
CZE,1982,180.877
CZE,1983,181.107
CZE,1984,187.201
CZE,1985,184.633
CZE,1986,185.887
CZE,1987,183.677
CZE,1988,180.664
CZE,1989,172.367
CZE,1990,164.252
CZE,1991,148.886
CZE,1992,145.708
CZE,1993,140.126
CZE,1994,132.67
CZE,1995,131.624
CZE,1996,135.019
CZE,1997,130.942
CZE,1998,125.717
CZE,1999,116.669
CZE,2000,127.233
CZE,2001,127.165
CZE,2002,123.988
CZE,2003,127.592
CZE,2004,128.314
CZE,2005,125.713
CZE,2006,126.533
CZE,2007,128.364
CZE,2008,122.928
CZE,2009,114.972
CZE,2010,117.464
CZE,2011,115.178
CZE,2012,111.276
CZE,2013,106.71
CZE,2014,104.233
CZE,2015,104.99
CZE,2016,106.636
CZE,2017,107.736
CZE,2018,106.322
CZE,2019,100.997
CZE,2020,91.661
CZE,2021,96.629
CZE,2022,95.04
CZE,2023,83.232
CZE,2024,75.623
DEU,1792,0.469
DEU,1793,0.48
DEU,1794,0.443
DEU,1795,0.447
DEU,1796,0.535
DEU,1797,0.55
DEU,1798,0.575
DEU,1799,0.627
DEU,1800,0.795
DEU,1801,0.535
DEU,1802,0.553
DEU,1803,0.535
DEU,1804,1.008
DEU,1805,1.041
DEU,1806,0.938
DEU,1807,2.689
DEU,1808,0.898
DEU,1809,0.931
DEU,1810,0.978
DEU,1811,0.927
DEU,1812,0.912
DEU,1813,0.89
DEU,1814,0.883
DEU,1815,1.03
DEU,1816,2.385
DEU,1817,3.382
DEU,1818,3.532
DEU,1819,3.276
DEU,1820,3.382
DEU,1821,3.532
DEU,1822,3.631
DEU,1823,4.034
DEU,1824,3.232
DEU,1825,4.338
DEU,1826,4.188
DEU,1827,4.54
DEU,1828,4.54
DEU,1829,3.631
DEU,1830,4.793
DEU,1831,4.591
DEU,1832,3.448
DEU,1833,4.378
DEU,1834,4.411
DEU,1835,4.932
DEU,1836,5.192
DEU,1837,5.95
DEU,1838,6.632
DEU,1839,7.02
DEU,1840,9.175
DEU,1841,9.548
DEU,1842,10.882
DEU,1843,10.3
DEU,1844,10.882
DEU,1845,12.611
DEU,1846,13.187
DEU,1847,13.839
DEU,1848,12.828
DEU,1849,13.623
DEU,1850,15.14
DEU,1851,16.869
DEU,1852,19.174
DEU,1853,20.76
DEU,1854,24.366
DEU,1855,28.616
DEU,1856,30.924
DEU,1857,32.939
DEU,1858,35.61
DEU,1859,33.808
DEU,1860,36.395
DEU,1861,41.33
DEU,1862,45.54
DEU,1863,49.383
DEU,1864,56.642
DEU,1865,63.468
DEU,1866,62.907
DEU,1867,69.154
DEU,1868,74.368
DEU,1869,77.593
DEU,1870,76.64
DEU,1871,85.349
DEU,1872,92.109
DEU,1873,98.367
DEU,1874,71.595
DEU,1875,101.518
DEU,1876,103.438
DEU,1877,101.302
DEU,1878,104.545
DEU,1879,110.847
DEU,1880,124.503
DEU,1881,134.264
DEU,1882,143.665
DEU,1883,153.093
DEU,1884,157.526
DEU,1885,161.183
DEU,1886,163.033
DEU,1887,170.391
DEU,1888,186.347
DEU,1889,198.849
DEU,1890,208.232
DEU,1891,220.84
DEU,1892,214.989
DEU,1893,220.712
DEU,1894,229.498
DEU,1895,238.285
DEU,1896,256.26
DEU,1897,273.554
DEU,1898,285.378
DEU,1899,303.284
DEU,1900,326.759
DEU,1901,325.557
DEU,1902,319.189
DEU,1903,343.599
DEU,1904,356.122
DEU,1905,382.324
DEU,1906,361.937
DEU,1907,442.183
DEU,1908,446.642
DEU,1909,445.572
DEU,1910,445.367
DEU,1911,458.586
DEU,1912,499.121
DEU,1913,535.083
DEU,1914,497.927
DEU,1915,462.906
DEU,1916,500.697
DEU,1917,524.579
DEU,1918,503.423
DEU,1919,387.428
DEU,1920,429.208
DEU,1921,473.18
DEU,1922,455.461
DEU,1923,331.929
DEU,1924,451.793
DEU,1925,458.066
DEU,1926,413.237
DEU,1927,481.186
DEU,1928,505.011
DEU,1929,539.235
DEU,1930,462.092
DEU,1931,385.965
DEU,1932,347.486
DEU,1933,364.981
DEU,1934,408.62
DEU,1935,452.333
DEU,1936,499.634
DEU,1937,563.513
DEU,1938,601.273
DEU,1939,648.625
DEU,1940,654.325
DEU,1941,660.793
DEU,1942,667.899
DEU,1943,679.43
DEU,1944,600.273
DEU,1945,116.065
DEU,1946,271.682
DEU,1947,317.66
DEU,1948,377.816
DEU,1949,432.148
DEU,1950,510.499
DEU,1951,576.631
DEU,1952,610.757
DEU,1953,623.25
DEU,1954,659.494
DEU,1955,723.231
DEU,1956,765.942
DEU,1957,777.666
DEU,1958,756.119
DEU,1959,755.483
DEU,1960,813.602
DEU,1961,834.506
DEU,1962,882.843
DEU,1963,945.242
DEU,1964,968.632
DEU,1965,959.842
DEU,1966,951.155
DEU,1967,936.013
DEU,1968,984.582
DEU,1969,1051.803
DEU,1970,1025.802
DEU,1971,1037.079
DEU,1972,1041.356
DEU,1973,1085.603
DEU,1974,1062.511
DEU,1975,1002.286
DEU,1976,1090.808
DEU,1977,1052.513
DEU,1978,1079.067
DEU,1979,1117.745
DEU,1980,1099.901
DEU,1981,1048.362
DEU,1982,1015.5
DEU,1983,1011.436
DEU,1984,1033.017
DEU,1985,1043.913
DEU,1986,1047.234
DEU,1987,1032.267
DEU,1988,1028.702
DEU,1989,1008.565
DEU,1990,1054.796
DEU,1991,1016.93
DEU,1992,969.464
DEU,1993,959.386
DEU,1994,943.228
DEU,1995,939.934
DEU,1996,959.69
DEU,1997,931.508
DEU,1998,923.499
DEU,1999,895.442
DEU,2000,898.976
DEU,2001,915.255
DEU,2002,898.834
DEU,2003,894.501
DEU,2004,876.57
DEU,2005,867.88
DEU,2006,886.434
DEU,2007,846.153
DEU,2008,856.643
DEU,2009,789.984
DEU,2010,826.705
DEU,2011,804.542
DEU,2012,814.093
DEU,2013,831.746
DEU,2014,792.584
DEU,2015,800.823
DEU,2016,797.988
DEU,2017,784.595
DEU,2018,758.771
DEU,2019,708.649
DEU,2020,647.177
DEU,2021,677.998
DEU,2022,667.843
DEU,2023,593.766
DEU,2024,572.319
DJI,1850,0
DJI,1851,0
DJI,1852,0
DJI,1853,0
DJI,1854,0
DJI,1855,0
DJI,1856,0
DJI,1857,0
DJI,1858,0
DJI,1859,0
DJI,1860,0
DJI,1861,0
DJI,1862,0
DJI,1863,0
DJI,1864,0
DJI,1865,0
DJI,1866,0
DJI,1867,0
DJI,1868,0
DJI,1869,0
DJI,1870,0
DJI,1871,0
DJI,1872,0
DJI,1873,0
DJI,1874,0
DJI,1875,0
DJI,1876,0
DJI,1877,0
DJI,1878,0
DJI,1879,0
DJI,1880,0
DJI,1881,0
DJI,1882,0
DJI,1883,0
DJI,1884,0
DJI,1885,0
DJI,1886,0
DJI,1887,0
DJI,1888,0
DJI,1889,0
DJI,1890,0
DJI,1891,0
DJI,1892,0
DJI,1893,0
DJI,1894,0
DJI,1895,0
DJI,1896,0
DJI,1897,0
DJI,1898,0
DJI,1899,0
DJI,1900,0
DJI,1901,0
DJI,1902,0
DJI,1903,0
DJI,1904,0
DJI,1905,0
DJI,1906,0
DJI,1907,0
DJI,1908,0
DJI,1909,0
DJI,1910,0
DJI,1911,0
DJI,1912,0
DJI,1913,0
DJI,1914,0
DJI,1915,0
DJI,1916,0
DJI,1917,0
DJI,1918,0
DJI,1919,0
DJI,1920,0
DJI,1921,0
DJI,1922,0
DJI,1923,0
DJI,1924,0
DJI,1925,0
DJI,1926,0
DJI,1927,0
DJI,1928,0
DJI,1929,0
DJI,1930,0
DJI,1931,0
DJI,1932,0
DJI,1933,0
DJI,1934,0
DJI,1935,0
DJI,1936,0
DJI,1937,0
DJI,1938,0
DJI,1939,0
DJI,1940,0
DJI,1941,0
DJI,1942,0
DJI,1943,0
DJI,1944,0
DJI,1945,0
DJI,1946,0
DJI,1947,0
DJI,1948,0
DJI,1949,0
DJI,1950,0.011
DJI,1951,0.026
DJI,1952,0.026
DJI,1953,0.029
DJI,1954,0.033
DJI,1955,0.037
DJI,1956,0.029
DJI,1957,0.044
DJI,1958,0.048
DJI,1959,0.037
DJI,1960,0.04
DJI,1961,0.044
DJI,1962,0.048
DJI,1963,0.066
DJI,1964,0.084
DJI,1965,0.121
DJI,1966,0.139
DJI,1967,0.088
DJI,1968,0.121
DJI,1969,0.084
DJI,1970,0.139
DJI,1971,0.161
DJI,1972,0.191
DJI,1973,0.18
DJI,1974,0.194
DJI,1975,0.198
DJI,1976,0.198
DJI,1977,0.198
DJI,1978,0.202
DJI,1979,0.363
DJI,1980,0.348
DJI,1981,0.3
DJI,1982,0.348
DJI,1983,0.348
DJI,1984,0.352
DJI,1985,0.359
DJI,1986,0.377
DJI,1987,0.388
DJI,1988,0.348
DJI,1989,0.388
DJI,1990,0.297
DJI,1991,0.3
DJI,1992,0.304
DJI,1993,0.304
DJI,1994,0.3
DJI,1995,0.311
DJI,1996,0.304
DJI,1997,0.333
DJI,1998,0.388
DJI,1999,0.388
DJI,2000,0.366
DJI,2001,0.366
DJI,2002,0.399
DJI,2003,0.421
DJI,2004,0.407
DJI,2005,0.414
DJI,2006,0.414
DJI,2007,0.454
DJI,2008,0.495
DJI,2009,0.443
DJI,2010,0.517
DJI,2011,0.315
DJI,2012,0.293
DJI,2013,0.381
DJI,2014,0.418
DJI,2015,0.505
DJI,2016,0.428
DJI,2017,0.414
DJI,2018,0.472
DJI,2019,0.54
DJI,2020,0.463
DJI,2021,0.558
DJI,2022,0.55
DJI,2023,0.558
DJI,2024,0.564
DMA,1850,0
DMA,1851,0
DMA,1852,0
DMA,1853,0
DMA,1854,0
DMA,1855,0
DMA,1856,0
DMA,1857,0
DMA,1858,0
DMA,1859,0
DMA,1860,0
DMA,1861,0
DMA,1862,0
DMA,1863,0
DMA,1864,0
DMA,1865,0
DMA,1866,0
DMA,1867,0
DMA,1868,0
DMA,1869,0
DMA,1870,0
DMA,1871,0
DMA,1872,0
DMA,1873,0
DMA,1874,0
DMA,1875,0
DMA,1876,0
DMA,1877,0
DMA,1878,0
DMA,1879,0
DMA,1880,0
DMA,1881,0
DMA,1882,0
DMA,1883,0
DMA,1884,0
DMA,1885,0
DMA,1886,0
DMA,1887,0
DMA,1888,0
DMA,1889,0
DMA,1890,0
DMA,1891,0
DMA,1892,0
DMA,1893,0
DMA,1894,0
DMA,1895,0
DMA,1896,0
DMA,1897,0
DMA,1898,0
DMA,1899,0
DMA,1900,0
DMA,1901,0
DMA,1902,0
DMA,1903,0
DMA,1904,0
DMA,1905,0
DMA,1906,0
DMA,1907,0
DMA,1908,0
DMA,1909,0
DMA,1910,0
DMA,1911,0
DMA,1912,0
DMA,1913,0
DMA,1914,0
DMA,1915,0
DMA,1916,0
DMA,1917,0
DMA,1918,0
DMA,1919,0
DMA,1920,0
DMA,1921,0
DMA,1922,0
DMA,1923,0
DMA,1924,0
DMA,1925,0
DMA,1926,0
DMA,1927,0
DMA,1928,0
DMA,1929,0
DMA,1930,0
DMA,1931,0
DMA,1932,0
DMA,1933,0
DMA,1934,0
DMA,1935,0
DMA,1936,0
DMA,1937,0
DMA,1938,0
DMA,1939,0
DMA,1940,0
DMA,1941,0
DMA,1942,0
DMA,1943,0
DMA,1944,0
DMA,1945,0
DMA,1946,0
DMA,1947,0
DMA,1948,0
DMA,1949,0
DMA,1950,0
DMA,1951,0.004
DMA,1952,0.007
DMA,1953,0.004
DMA,1954,0.004
DMA,1955,0.004
DMA,1956,0.004
DMA,1957,0.004
DMA,1958,0.007
DMA,1959,0.011
DMA,1960,0.011
DMA,1961,0.011
DMA,1962,0.011
DMA,1963,0.015
DMA,1964,0.015
DMA,1965,0.015
DMA,1966,0.015
DMA,1967,0.022
DMA,1968,0.022
DMA,1969,0.018
DMA,1970,0.026
DMA,1971,0.026
DMA,1972,0.026
DMA,1973,0.026
DMA,1974,0.029
DMA,1975,0.029
DMA,1976,0.029
DMA,1977,0.026
DMA,1978,0.026
DMA,1979,0.033
DMA,1980,0.037
DMA,1981,0.037
DMA,1982,0.04
DMA,1983,0.04
DMA,1984,0.044
DMA,1985,0.048
DMA,1986,0.048
DMA,1987,0.048
DMA,1988,0.055
DMA,1989,0.059
DMA,1990,0.059
DMA,1991,0.059
DMA,1992,0.059
DMA,1993,0.062
DMA,1994,0.07
DMA,1995,0.081
DMA,1996,0.073
DMA,1997,0.081
DMA,1998,0.077
DMA,1999,0.081
DMA,2000,0.103
DMA,2001,0.11
DMA,2002,0.103
DMA,2003,0.117
DMA,2004,0.143
DMA,2005,0.15
DMA,2006,0.143
DMA,2007,0.172
DMA,2008,0.169
DMA,2009,0.187
DMA,2010,0.169
DMA,2011,0.15
DMA,2012,0.165
DMA,2013,0.158
DMA,2014,0.169
DMA,2015,0.176
DMA,2016,0.172
DMA,2017,0.154
DMA,2018,0.165
DMA,2019,0.172
DMA,2020,0.158
DMA,2021,0.161
DMA,2022,0.165
DMA,2023,0.165
DMA,2024,0.171
DNK,1843,0.136
DNK,1844,0.158
DNK,1845,0.209
DNK,1846,0.227
DNK,1847,0.172
DNK,1848,0.311
DNK,1849,0.271
DNK,1850,0.341
DNK,1851,0.311
DNK,1852,0.333
DNK,1853,0.359
DNK,1854,0.458
DNK,1855,0.454
DNK,1856,0.649
DNK,1857,0.663
DNK,1858,0.491
DNK,1859,0.627
DNK,1860,0.542
DNK,1861,0.784
DNK,1862,0.678
DNK,1863,0.755
DNK,1864,0.649
DNK,1865,1.015
DNK,1866,0.938
DNK,1867,0.916
DNK,1868,1.085
DNK,1869,0.945
DNK,1870,1.143
DNK,1871,1.187
DNK,1872,1.14
DNK,1873,1.15
DNK,1874,1.242
DNK,1875,1.458
DNK,1876,1.543
DNK,1877,1.524
DNK,1878,1.447
DNK,1879,1.634
DNK,1880,1.861
DNK,1881,1.971
DNK,1882,2.114
DNK,1883,2.429
DNK,1884,2.418
DNK,1885,2.535
DNK,1886,2.429
DNK,1887,2.492
DNK,1888,2.803
DNK,1889,2.993
DNK,1890,2.869
DNK,1891,3.085
DNK,1892,3.169
DNK,1893,2.997
DNK,1894,3.4
DNK,1895,3.525
DNK,1896,4.313
DNK,1897,4.624
DNK,1898,4.804
DNK,1899,5.251
DNK,1900,5.148
DNK,1901,5.36
DNK,1902,5.503
DNK,1903,5.727
DNK,1904,6.178
DNK,1905,6.009
DNK,1906,6.544
DNK,1907,5.833
DNK,1908,7.236
DNK,1909,8.006
DNK,1910,7.35
DNK,1911,7.83
DNK,1912,9.285
DNK,1913,9.526
DNK,1914,9.765
DNK,1915,10.453
DNK,1916,10.215
DNK,1917,7.434
DNK,1918,8.676
DNK,1919,8.237
DNK,1920,7.192
DNK,1921,6.793
DNK,1922,9.651
DNK,1923,10.527
DNK,1924,12.34
DNK,1925,10.721
DNK,1926,10.468
DNK,1927,13.326
DNK,1928,12.557
DNK,1929,15.125
DNK,1930,13.806
DNK,1931,14.321
DNK,1932,13.427
DNK,1933,13.371
DNK,1934,14.642
DNK,1935,15.25
DNK,1936,15.778
DNK,1937,16.295
DNK,1938,14.631
DNK,1939,16.302
DNK,1940,14.823
DNK,1941,17.399
DNK,1942,16.472
DNK,1943,20.622
DNK,1944,20.281
DNK,1945,14.043
DNK,1946,17.644
DNK,1947,21.454
DNK,1948,17.071
DNK,1949,16.88
DNK,1950,22.006
DNK,1951,21.932
DNK,1952,22.914
DNK,1953,23.159
DNK,1954,25.592
DNK,1955,27.079
DNK,1956,26.383
DNK,1957,24.907
DNK,1958,26.802
DNK,1959,26.042
DNK,1960,29.761
DNK,1961,31.713
DNK,1962,36.905
DNK,1963,40.679
DNK,1964,43.158
DNK,1965,44.304
DNK,1966,50.086
DNK,1967,49.034
DNK,1968,53.28
DNK,1969,59.35
DNK,1970,62.043
DNK,1971,57.004
DNK,1972,59.579
DNK,1973,59.198
DNK,1974,55.013
DNK,1975,55.712
DNK,1976,60.057
DNK,1977,61.769
DNK,1978,61.028
DNK,1979,62.908
DNK,1980,60.29
DNK,1981,51.72
DNK,1982,53.619
DNK,1983,50.102
DNK,1984,50.784
DNK,1985,59.984
DNK,1986,58.802
DNK,1987,58.246
DNK,1988,55.014
DNK,1989,48.685
DNK,1990,53.477
DNK,1991,64.105
DNK,1992,58.327
DNK,1993,60.574
DNK,1994,64.673
DNK,1995,61.653
DNK,1996,74.9
DNK,1997,65.438
DNK,1998,61.238
DNK,1999,58.653
DNK,2000,54.307
DNK,2001,55.897
DNK,2002,55.554
DNK,2003,60.645
DNK,2004,55.1
DNK,2005,51.535
DNK,2006,59.5
DNK,2007,54.709
DNK,2008,51.256
DNK,2009,48.851
DNK,2010,49.19
DNK,2011,44.237
DNK,2012,39.861
DNK,2013,41.763
DNK,2014,37.571
DNK,2015,35.111
DNK,2016,36.917
DNK,2017,34.665
DNK,2018,34.609
DNK,2019,30.95
DNK,2020,28.3
DNK,2021,29.604
DNK,2022,29.094
DNK,2023,28.831
DNK,2024,28.369
DOM,1750,0
DOM,1751,0
DOM,1752,0
DOM,1753,0
DOM,1754,0
DOM,1755,0
DOM,1756,0
DOM,1757,0
DOM,1758,0
DOM,1759,0
DOM,1760,0
DOM,1761,0
DOM,1762,0
DOM,1763,0
DOM,1764,0
DOM,1765,0
DOM,1766,0
DOM,1767,0
DOM,1768,0
DOM,1769,0
DOM,1770,0
DOM,1771,0
DOM,1772,0
DOM,1773,0
DOM,1774,0
DOM,1775,0
DOM,1776,0
DOM,1777,0
DOM,1778,0
DOM,1779,0
DOM,1780,0
DOM,1781,0
DOM,1782,0
DOM,1783,0
DOM,1784,0
DOM,1785,0
DOM,1786,0
DOM,1787,0
DOM,1788,0
DOM,1789,0
DOM,1790,0
DOM,1791,0
DOM,1792,0
DOM,1793,0
DOM,1794,0
DOM,1795,0
DOM,1796,0
DOM,1797,0
DOM,1798,0
DOM,1799,0
DOM,1800,0
DOM,1801,0
DOM,1802,0
DOM,1803,0
DOM,1804,0
DOM,1805,0
DOM,1806,0
DOM,1807,0
DOM,1808,0
DOM,1809,0
DOM,1810,0
DOM,1811,0
DOM,1812,0
DOM,1813,0
DOM,1814,0
DOM,1815,0
DOM,1816,0
DOM,1817,0
DOM,1818,0
DOM,1819,0
DOM,1820,0
DOM,1821,0
DOM,1822,0
DOM,1823,0
DOM,1824,0
DOM,1825,0
DOM,1826,0
DOM,1827,0
DOM,1828,0
DOM,1829,0
DOM,1830,0
DOM,1831,0
DOM,1832,0
DOM,1833,0
DOM,1834,0
DOM,1835,0
DOM,1836,0
DOM,1837,0
DOM,1838,0
DOM,1839,0
DOM,1840,0
DOM,1841,0
DOM,1842,0
DOM,1843,0
DOM,1844,0
DOM,1845,0
DOM,1846,0
DOM,1847,0
DOM,1848,0
DOM,1849,0
DOM,1850,0
DOM,1851,0
DOM,1852,0
DOM,1853,0
DOM,1854,0
DOM,1855,0
DOM,1856,0
DOM,1857,0
DOM,1858,0
DOM,1859,0
DOM,1860,0
DOM,1861,0
DOM,1862,0
DOM,1863,0
DOM,1864,0
DOM,1865,0
DOM,1866,0
DOM,1867,0
DOM,1868,0
DOM,1869,0
DOM,1870,0.013
DOM,1871,0.002
DOM,1872,0.003
DOM,1873,0.001
DOM,1874,0.001
DOM,1875,0
DOM,1876,0
DOM,1877,0.002
DOM,1878,0.003
DOM,1879,0.002
DOM,1880,0.005
DOM,1881,0.004
DOM,1882,0
DOM,1883,0.004
DOM,1884,0.004
DOM,1885,0.005
DOM,1886,0.005
DOM,1887,0.004
DOM,1888,0.006
DOM,1889,0.006
DOM,1890,0.007
DOM,1891,0.008
DOM,1892,0.009
DOM,1893,0.011
DOM,1894,0.027
DOM,1895,0.02
DOM,1896,0.024
DOM,1897,0.017
DOM,1898,0.012
DOM,1899,0.015
DOM,1900,0.015
DOM,1901,0.014
DOM,1902,0.014
DOM,1903,0.018
DOM,1904,0.014
DOM,1905,0.016
DOM,1906,0.018
DOM,1907,0.026
DOM,1908,0.03
DOM,1909,0.026
DOM,1910,0.038
DOM,1911,0.043
DOM,1912,0.037
DOM,1913,0.042
DOM,1914,0.047
DOM,1915,0.058
DOM,1916,0.073
DOM,1917,0.077
DOM,1918,0.082
DOM,1919,0.059
DOM,1920,0.049
DOM,1921,0.048
DOM,1922,0.022
DOM,1923,0.036
DOM,1924,0.022
DOM,1925,0.025
DOM,1926,0.031
DOM,1927,0.026
DOM,1928,0.016
DOM,1929,0.022
DOM,1930,0.026
DOM,1931,0.01
DOM,1932,0.012
DOM,1933,0.008
DOM,1934,0.009
DOM,1935,0.012
DOM,1936,0.011
DOM,1937,0.007
DOM,1938,0.004
DOM,1939,0
DOM,1940,0.01
DOM,1941,0.002
DOM,1942,0.006
DOM,1943,0.014
DOM,1944,0.001
DOM,1945,0.002
DOM,1946,0.008
DOM,1947,0.017
DOM,1948,0.036
DOM,1949,0.027
DOM,1950,0.348
DOM,1951,0.359
DOM,1952,0.593
DOM,1953,0.619
DOM,1954,0.626
DOM,1955,0.915
DOM,1956,0.985
DOM,1957,1.032
DOM,1958,1.065
DOM,1959,1.113
DOM,1960,1.04
DOM,1961,1.029
DOM,1962,1.241
DOM,1963,1.249
DOM,1964,1.747
DOM,1965,1.545
DOM,1966,1.67
DOM,1967,1.567
DOM,1968,2.347
DOM,1969,2.651
DOM,1970,3.105
DOM,1971,3.519
DOM,1972,4.669
DOM,1973,5.959
DOM,1974,6.41
DOM,1975,6.333
DOM,1976,6.322
DOM,1977,5.598
DOM,1978,5.429
DOM,1979,6.784
DOM,1980,6.425
DOM,1981,6.133
DOM,1982,6.301
DOM,1983,7.862
DOM,1984,7.386
DOM,1985,7.237
DOM,1986,8.116
DOM,1987,9.682
DOM,1988,9.732
DOM,1989,10.249
DOM,1990,8.929
DOM,1991,9.529
DOM,1992,10.405
DOM,1993,11.195
DOM,1994,11.781
DOM,1995,15.09
DOM,1996,16.459
DOM,1997,17.234
DOM,1998,17.756
DOM,1999,17.775
DOM,2000,18.937
DOM,2001,19.083
DOM,2002,20.87
DOM,2003,21.26
DOM,2004,17.254
DOM,2005,17.852
DOM,2006,19.03
DOM,2007,19.909
DOM,2008,20.235
DOM,2009,19.686
DOM,2010,20.445
DOM,2011,20.922
DOM,2012,20.903
DOM,2013,20.842
DOM,2014,21.264
DOM,2015,22.986
DOM,2016,24.14
DOM,2017,23.455
DOM,2018,25.203
DOM,2019,28.471
DOM,2020,26.228
DOM,2021,29.363
DOM,2022,31.225
DOM,2023,31.829
DOM,2024,33.131
DZA,1850,0
DZA,1851,0
DZA,1852,0
DZA,1853,0
DZA,1854,0
DZA,1855,0
DZA,1856,0
DZA,1857,0
DZA,1858,0
DZA,1859,0
DZA,1860,0
DZA,1861,0
DZA,1862,0
DZA,1863,0
DZA,1864,0
DZA,1865,0
DZA,1866,0
DZA,1867,0
DZA,1868,0
DZA,1869,0
DZA,1870,0
DZA,1871,0
DZA,1872,0
DZA,1873,0
DZA,1874,0
DZA,1875,0
DZA,1876,0
DZA,1877,0
DZA,1878,0
DZA,1879,0
DZA,1880,0
DZA,1881,0
DZA,1882,0
DZA,1883,0
DZA,1884,0
DZA,1885,0
DZA,1886,0
DZA,1887,0
DZA,1888,0
DZA,1889,0
DZA,1890,0
DZA,1891,0
DZA,1892,0
DZA,1893,0
DZA,1894,0
DZA,1895,0
DZA,1896,0
DZA,1897,0
DZA,1898,0
DZA,1899,0
DZA,1900,0
DZA,1901,0
DZA,1902,0
DZA,1903,0
DZA,1904,0
DZA,1905,0
DZA,1906,0
DZA,1907,0
DZA,1908,0
DZA,1909,0
DZA,1910,0
DZA,1911,0
DZA,1912,0
DZA,1913,0
DZA,1914,0
DZA,1915,0
DZA,1916,0.004
DZA,1917,0.007
DZA,1918,0.018
DZA,1919,0.018
DZA,1920,0.022
DZA,1921,0.026
DZA,1922,0.026
DZA,1923,0.015
DZA,1924,0.029
DZA,1925,0.033
DZA,1926,0.04
DZA,1927,0.059
DZA,1928,0.073
DZA,1929,0.08
DZA,1930,0.084
DZA,1931,0.099
DZA,1932,0.113
DZA,1933,0.121
DZA,1934,0.139
DZA,1935,0.132
DZA,1936,0.051
DZA,1937,0.069
DZA,1938,0.033
DZA,1939,0.161
DZA,1940,0.238
DZA,1941,0.311
DZA,1942,0.498
DZA,1943,0.469
DZA,1944,0.498
DZA,1945,0.615
DZA,1946,0.762
DZA,1947,0.743
DZA,1948,0.802
DZA,1949,0.908
DZA,1950,3.784
DZA,1951,4.131
DZA,1952,3.889
DZA,1953,3.999
DZA,1954,4.152
DZA,1955,4.607
DZA,1956,4.995
DZA,1957,5.537
DZA,1958,5.214
DZA,1959,5.657
DZA,1960,6.151
DZA,1961,6.056
DZA,1962,5.661
DZA,1963,5.419
DZA,1964,5.643
DZA,1965,6.589
DZA,1966,8.421
DZA,1967,8.432
DZA,1968,9.05
DZA,1969,11.263
DZA,1970,15.059
DZA,1971,18.642
DZA,1972,28.308
DZA,1973,38.254
DZA,1974,31.847
DZA,1975,31.964
DZA,1976,39.068
DZA,1977,41.753
DZA,1978,62.299
DZA,1979,45.303
DZA,1980,66.124
DZA,1981,45.999
DZA,1982,38.808
DZA,1983,52.074
DZA,1984,70.417
DZA,1985,71.988
DZA,1986,75.382
DZA,1987,83.02
DZA,1988,82.839
DZA,1989,78.942
DZA,1990,75.892
DZA,1991,77.976
DZA,1992,79.284
DZA,1993,81.306
DZA,1994,87.848
DZA,1995,95.906
DZA,1996,99.56
DZA,1997,87.517
DZA,1998,105.74
DZA,1999,90.613
DZA,2000,84.552
DZA,2001,86.019
DZA,2002,89.658
DZA,2003,94.078
DZA,2004,90.853
DZA,2005,109.564
DZA,2006,103.798
DZA,2007,107.549
DZA,2008,108.596
DZA,2009,116.328
DZA,2010,117.847
DZA,2011,124.715
DZA,2012,135.593
DZA,2013,141.534
DZA,2014,152.435
DZA,2015,160.322
DZA,2016,158.308
DZA,2017,165.252
DZA,2018,174.461
DZA,2019,182.425
DZA,2020,171.139
DZA,2021,182.036
DZA,2022,192.779
DZA,2023,202.847
DZA,2024,198.203
ECU,1850,0
ECU,1851,0
ECU,1852,0
ECU,1853,0
ECU,1854,0
ECU,1855,0
ECU,1856,0
ECU,1857,0
ECU,1858,0
ECU,1859,0
ECU,1860,0
ECU,1861,0
ECU,1862,0
ECU,1863,0
ECU,1864,0
ECU,1865,0
ECU,1866,0
ECU,1867,0
ECU,1868,0
ECU,1869,0
ECU,1870,0
ECU,1871,0
ECU,1872,0
ECU,1873,0
ECU,1874,0
ECU,1875,0
ECU,1876,0
ECU,1877,0
ECU,1878,0
ECU,1879,0
ECU,1880,0
ECU,1881,0
ECU,1882,0
ECU,1883,0
ECU,1884,0
ECU,1885,0
ECU,1886,0
ECU,1887,0
ECU,1888,0
ECU,1889,0
ECU,1890,0
ECU,1891,0
ECU,1892,0
ECU,1893,0
ECU,1894,0
ECU,1895,0.003
ECU,1896,0
ECU,1897,0.001
ECU,1898,0
ECU,1899,0.002
ECU,1900,0
ECU,1901,0
ECU,1902,0
ECU,1903,0.003
ECU,1904,0.004
ECU,1905,0.037
ECU,1906,0.013
ECU,1907,0
ECU,1908,0.008
ECU,1909,0.036
ECU,1910,0.056
ECU,1911,0.051
ECU,1912,0.047
ECU,1913,0.053
ECU,1914,0.029
ECU,1915,0.024
ECU,1916,0.05
ECU,1917,0.062
ECU,1918,0.031
ECU,1919,0.033
ECU,1920,0.039
ECU,1921,0.037
ECU,1922,0.036
ECU,1923,0.042
ECU,1924,0.052
ECU,1925,0.073
ECU,1926,0.113
ECU,1927,0.235
ECU,1928,0.474
ECU,1929,0.601
ECU,1930,0.678
ECU,1931,0.767
ECU,1932,0.712
ECU,1933,0.727
ECU,1934,0.734
ECU,1935,0.785
ECU,1936,0.877
ECU,1937,0.976
ECU,1938,1.031
ECU,1939,1.07
ECU,1940,1.089
ECU,1941,0.729
ECU,1942,1.052
ECU,1943,1.055
ECU,1944,1.327
ECU,1945,1.228
ECU,1946,1.103
ECU,1947,1.158
ECU,1948,1.287
ECU,1949,1.302
ECU,1950,0.74
ECU,1951,0.704
ECU,1952,0.895
ECU,1953,0.821
ECU,1954,0.963
ECU,1955,1.198
ECU,1956,1.296
ECU,1957,1.132
ECU,1958,1.322
ECU,1959,1.293
ECU,1960,1.762
ECU,1961,1.644
ECU,1962,1.564
ECU,1963,1.794
ECU,1964,2.142
ECU,1965,2.274
ECU,1966,2.417
ECU,1967,2.589
ECU,1968,3.113
ECU,1969,3.589
ECU,1970,4.278
ECU,1971,4.219
ECU,1972,4.589
ECU,1973,5.256
ECU,1974,6.084
ECU,1975,7.355
ECU,1976,8.101
ECU,1977,7.474
ECU,1978,10.41
ECU,1979,12.146
ECU,1980,13.416
ECU,1981,16.662
ECU,1982,19.249
ECU,1983,19.517
ECU,1984,21.209
ECU,1985,19.378
ECU,1986,15.222
ECU,1987,15.055
ECU,1988,17.205
ECU,1989,20.194
ECU,1990,16.501
ECU,1991,16.198
ECU,1992,21.998
ECU,1993,24.121
ECU,1994,14.338
ECU,1995,23.534
ECU,1996,25.337
ECU,1997,19.461
ECU,1998,23.117
ECU,1999,21.997
ECU,2000,20.949
ECU,2001,23.436
ECU,2002,24.861
ECU,2003,27.113
ECU,2004,29.31
ECU,2005,30.652
ECU,2006,29.781
ECU,2007,34.393
ECU,2008,30.488
ECU,2009,33.815
ECU,2010,36.469
ECU,2011,38.48
ECU,2012,37.493
ECU,2013,39.685
ECU,2014,43.76
ECU,2015,41.298
ECU,2016,39.375
ECU,2017,39.196
ECU,2018,38.451
ECU,2019,40.083
ECU,2020,32.473
ECU,2021,38.185
ECU,2022,42.066
ECU,2023,44.6
ECU,2024,45.98
EGY,1850,0
EGY,1851,0
EGY,1852,0
EGY,1853,0
EGY,1854,0
EGY,1855,0
EGY,1856,0
EGY,1857,0
EGY,1858,0
EGY,1859,0
EGY,1860,0
EGY,1861,0
EGY,1862,0
EGY,1863,0
EGY,1864,0
EGY,1865,0
EGY,1866,0
EGY,1867,0
EGY,1868,0
EGY,1869,0
EGY,1870,0
EGY,1871,0
EGY,1872,0
EGY,1873,0
EGY,1874,0
EGY,1875,0
EGY,1876,0
EGY,1877,0
EGY,1878,0
EGY,1879,0
EGY,1880,0
EGY,1881,0
EGY,1882,0
EGY,1883,0
EGY,1884,0
EGY,1885,0
EGY,1886,0
EGY,1887,0
EGY,1888,0
EGY,1889,0
EGY,1890,0
EGY,1891,0
EGY,1892,0
EGY,1893,0
EGY,1894,0
EGY,1895,0
EGY,1896,0
EGY,1897,0
EGY,1898,0
EGY,1899,0
EGY,1900,0
EGY,1901,0
EGY,1902,0
EGY,1903,0
EGY,1904,0
EGY,1905,0
EGY,1906,0
EGY,1907,0
EGY,1908,0
EGY,1909,0
EGY,1910,0
EGY,1911,0.011
EGY,1912,0.084
EGY,1913,0.04
EGY,1914,0.308
EGY,1915,0.092
EGY,1916,0.18
EGY,1917,0.421
EGY,1918,0.865
EGY,1919,0.689
EGY,1920,0.454
EGY,1921,0.561
EGY,1922,0.531
EGY,1923,0.469
EGY,1924,0.498
EGY,1925,0.553
EGY,1926,0.531
EGY,1927,0.568
EGY,1928,0.868
EGY,1929,0.923
EGY,1930,1.021
EGY,1931,1.007
EGY,1932,0.952
EGY,1933,0.871
EGY,1934,0.823
EGY,1935,0.746
EGY,1936,0.728
EGY,1937,0.687
EGY,1938,0.878
EGY,1939,2.226
EGY,1940,3.029
EGY,1941,3.952
EGY,1942,3.835
EGY,1943,4.102
EGY,1944,4.358
EGY,1945,4.355
EGY,1946,4.222
EGY,1947,4.413
EGY,1948,6.149
EGY,1949,7.46
EGY,1950,10.233
EGY,1951,10.559
EGY,1952,10.893
EGY,1953,10.779
EGY,1954,11.664
EGY,1955,10.642
EGY,1956,9.942
EGY,1957,11.917
EGY,1958,13.683
EGY,1959,12.707
EGY,1960,16.033
EGY,1961,17.066
EGY,1962,18.571
EGY,1963,21.527
EGY,1964,25.491
EGY,1965,27.609
EGY,1966,26.532
EGY,1967,19.65
EGY,1968,22.873
EGY,1969,19.665
EGY,1970,21.654
EGY,1971,22.977
EGY,1972,25.406
EGY,1973,23.663
EGY,1974,25.972
EGY,1975,30.899
EGY,1976,34.272
EGY,1977,37.616
EGY,1978,39.054
EGY,1979,42.662
EGY,1980,44.918
EGY,1981,50.58
EGY,1982,56
EGY,1983,56.38
EGY,1984,62.942
EGY,1985,63.087
EGY,1986,73.378
EGY,1987,73.377
EGY,1988,72.847
EGY,1989,69.94
EGY,1990,72.884
EGY,1991,74.447
EGY,1992,77.419
EGY,1993,90.835
EGY,1994,87.483
EGY,1995,97.968
EGY,1996,97.042
EGY,1997,110.934
EGY,1998,124.256
EGY,1999,126.987
EGY,2000,142.837
EGY,2001,126.372
EGY,2002,128.362
EGY,2003,149.954
EGY,2004,151.917
EGY,2005,166.934
EGY,2006,178.389
EGY,2007,189.201
EGY,2008,195.86
EGY,2009,205.243
EGY,2010,202.704
EGY,2011,221.675
EGY,2012,212.524
EGY,2013,219.087
EGY,2014,227.254
EGY,2015,226.654
EGY,2016,245.164
EGY,2017,253.364
EGY,2018,241.903
EGY,2019,234.06
EGY,2020,246.323
EGY,2021,266.839
EGY,2022,249.899
EGY,2023,250.23
EGY,2024,258.368
ERI,1850,0
ERI,1851,0
ERI,1852,0
ERI,1853,0
ERI,1854,0
ERI,1855,0
ERI,1856,0
ERI,1857,0
ERI,1858,0
ERI,1859,0
ERI,1860,0
ERI,1861,0
ERI,1862,0
ERI,1863,0
ERI,1864,0
ERI,1865,0
ERI,1866,0
ERI,1867,0
ERI,1868,0
ERI,1869,0
ERI,1870,0
ERI,1871,0
ERI,1872,0
ERI,1873,0
ERI,1874,0
ERI,1875,0
ERI,1876,0
ERI,1877,0
ERI,1878,0
ERI,1879,0
ERI,1880,0
ERI,1881,0
ERI,1882,0
ERI,1883,0
ERI,1884,0
ERI,1885,0
ERI,1886,0
ERI,1887,0
ERI,1888,0
ERI,1889,0
ERI,1890,0
ERI,1891,0
ERI,1892,0
ERI,1893,0
ERI,1894,0
ERI,1895,0
ERI,1896,0
ERI,1897,0
ERI,1898,0
ERI,1899,0
ERI,1900,0
ERI,1901,0
ERI,1902,0
ERI,1903,0
ERI,1904,0
ERI,1905,0
ERI,1906,0
ERI,1907,0
ERI,1908,0
ERI,1909,0
ERI,1910,0
ERI,1911,0
ERI,1912,0
ERI,1913,0
ERI,1914,0
ERI,1915,0
ERI,1916,0
ERI,1917,0
ERI,1918,0
ERI,1919,0
ERI,1920,0
ERI,1921,0
ERI,1922,0
ERI,1923,0
ERI,1924,0
ERI,1925,0
ERI,1926,0
ERI,1927,0
ERI,1928,0
ERI,1929,0
ERI,1930,0
ERI,1931,0
ERI,1932,0
ERI,1933,0
ERI,1934,0
ERI,1935,0
ERI,1936,0
ERI,1937,0
ERI,1938,0
ERI,1939,0.015
ERI,1940,0.007
ERI,1941,0.004
ERI,1942,0.011
ERI,1943,0.015
ERI,1944,0.018
ERI,1945,0
ERI,1946,0
ERI,1947,0
ERI,1948,0
ERI,1949,0
ERI,1950,0
ERI,1951,0
ERI,1952,0
ERI,1953,0
ERI,1954,0
ERI,1955,0
ERI,1956,0
ERI,1957,0
ERI,1958,0
ERI,1959,0
ERI,1960,0
ERI,1961,0
ERI,1962,0
ERI,1963,0
ERI,1964,0
ERI,1965,0
ERI,1966,0
ERI,1967,0
ERI,1968,0
ERI,1969,0
ERI,1970,0
ERI,1971,0
ERI,1972,0
ERI,1973,0
ERI,1974,0
ERI,1975,0
ERI,1976,0
ERI,1977,0
ERI,1978,0
ERI,1979,0
ERI,1980,0
ERI,1981,0
ERI,1982,0
ERI,1983,0
ERI,1984,0
ERI,1985,0
ERI,1986,0
ERI,1987,0
ERI,1988,0
ERI,1989,0
ERI,1990,0
ERI,1991,0
ERI,1992,0
ERI,1993,0
ERI,1994,0.707
ERI,1995,0.79
ERI,1996,0.862
ERI,1997,0.768
ERI,1998,0.586
ERI,1999,0.615
ERI,2000,0.604
ERI,2001,0.637
ERI,2002,0.509
ERI,2003,0.78
ERI,2004,0.633
ERI,2005,0.586
ERI,2006,0.454
ERI,2007,0.424
ERI,2008,0.398
ERI,2009,0.446
ERI,2010,0.468
ERI,2011,0.578
ERI,2012,0.608
ERI,2013,0.57
ERI,2014,0.569
ERI,2015,0.557
ERI,2016,0.554
ERI,2017,0.553
ERI,2018,0.616
ERI,2019,0.645
ERI,2020,0.641
ERI,2021,0.682
ERI,2022,0.718
ERI,2023,0.731
ERI,2024,0.743
ESP,1830,0.004
ESP,1831,0.004
ESP,1832,0.004
ESP,1833,0.004
ESP,1834,0.004
ESP,1835,0.004
ESP,1836,0.022
ESP,1837,0.037
ESP,1838,0.026
ESP,1839,0.048
ESP,1840,0.037
ESP,1841,0.103
ESP,1842,0.143
ESP,1843,0.172
ESP,1844,0.202
ESP,1845,0.275
ESP,1846,0.282
ESP,1847,0.26
ESP,1848,0.293
ESP,1849,0.326
ESP,1850,0.495
ESP,1851,0.509
ESP,1852,0.535
ESP,1853,0.652
ESP,1854,0.55
ESP,1855,0.553
ESP,1856,0.755
ESP,1857,0.85
ESP,1858,1.15
ESP,1859,1.63
ESP,1860,1.931
ESP,1861,2.004
ESP,1862,2.187
ESP,1863,2.433
ESP,1864,2.334
ESP,1865,2.305
ESP,1866,2.29
ESP,1867,2.557
ESP,1868,2.66
ESP,1869,2.638
ESP,1870,3.074
ESP,1871,2.939
ESP,1872,3.261
ESP,1873,3.136
ESP,1874,3.118
ESP,1875,3.29
ESP,1876,3.569
ESP,1877,3.781
ESP,1878,3.756
ESP,1879,3.972
ESP,1880,4.415
ESP,1881,4.932
ESP,1882,5.382
ESP,1883,5.903
ESP,1884,5.87
ESP,1885,5.76
ESP,1886,6.093
ESP,1887,6.141
ESP,1888,6.434
ESP,1889,6.822
ESP,1890,7.339
ESP,1891,7.94
ESP,1892,8.299
ESP,1893,8.119
ESP,1894,8.735
ESP,1895,8.603
ESP,1896,9.303
ESP,1897,9.545
ESP,1898,9.373
ESP,1899,10.626
ESP,1900,11.219
ESP,1901,11.805
ESP,1902,12.337
ESP,1903,12.175
ESP,1904,12.993
ESP,1905,13.571
ESP,1906,13.861
ESP,1907,14.095
ESP,1908,14.784
ESP,1909,15.165
ESP,1910,14.894
ESP,1911,14.729
ESP,1912,15.982
ESP,1913,17.419
ESP,1914,17.301
ESP,1915,15.312
ESP,1916,17.866
ESP,1917,15.85
ESP,1918,16.733
ESP,1919,15.927
ESP,1920,14.055
ESP,1921,14.847
ESP,1922,14.942
ESP,1923,17.213
ESP,1924,18.39
ESP,1925,19.053
ESP,1926,18.379
ESP,1927,21.445
ESP,1928,21.509
ESP,1929,23.97
ESP,1930,23.636
ESP,1931,22.531
ESP,1932,21.176
ESP,1933,18.706
ESP,1934,20.245
ESP,1935,22.455
ESP,1936,8.055
ESP,1937,5.245
ESP,1938,13.221
ESP,1939,15.714
ESP,1940,21.619
ESP,1941,21.508
ESP,1942,23.058
ESP,1943,23.849
ESP,1944,25.791
ESP,1945,28.267
ESP,1946,28.087
ESP,1947,31.172
ESP,1948,32.714
ESP,1949,35.755
ESP,1950,33.014
ESP,1951,33.06
ESP,1952,37.555
ESP,1953,38.902
ESP,1954,39.695
ESP,1955,40.257
ESP,1956,42.322
ESP,1957,50.213
ESP,1958,55.865
ESP,1959,52.075
ESP,1960,48.862
ESP,1961,53.603
ESP,1962,59.976
ESP,1963,58.743
ESP,1964,64.324
ESP,1965,71.02
ESP,1966,77.617
ESP,1967,86.394
ESP,1968,97.006
ESP,1969,96.729
ESP,1970,116.766
ESP,1971,128.459
ESP,1972,144.716
ESP,1973,154.957
ESP,1974,172.666
ESP,1975,181.054
ESP,1976,197.749
ESP,1977,194.829
ESP,1978,199.514
ESP,1979,202.747
ESP,1980,213.915
ESP,1981,206.1
ESP,1982,208.595
ESP,1983,203.446
ESP,1984,197.708
ESP,1985,199.943
ESP,1986,189.124
ESP,1987,189.515
ESP,1988,197.462
ESP,1989,224.893
ESP,1990,229.383
ESP,1991,239.291
ESP,1992,247.687
ESP,1993,239.099
ESP,1994,251.388
ESP,1995,265.069
ESP,1996,252.562
ESP,1997,264.899
ESP,1998,273.65
ESP,1999,297.025
ESP,2000,309.26
ESP,2001,311.031
ESP,2002,331.028
ESP,2003,335.539
ESP,2004,352.139
ESP,2005,367.447
ESP,2006,358.869
ESP,2007,366.469
ESP,2008,335.284
ESP,2009,296.159
ESP,2010,282.585
ESP,2011,283.275
ESP,2012,277.432
ESP,2013,252.109
ESP,2014,253.658
ESP,2015,270.248
ESP,2016,259.555
ESP,2017,273.484
ESP,2018,268.521
ESP,2019,250.674
ESP,2020,211.765
ESP,2021,228.806
ESP,2022,234.223
ESP,2023,215.461
ESP,2024,220.341
EST,1830,0
EST,1831,0
EST,1832,0
EST,1833,0
EST,1850,0.001
EST,1851,0
EST,1852,0
EST,1853,0
EST,1854,0
EST,1855,0.003
EST,1856,0
EST,1857,0
EST,1858,0.005
EST,1859,0.005
EST,1860,0.007
EST,1861,0.009
EST,1862,0.008
EST,1863,0.008
EST,1864,0.009
EST,1865,0.009
EST,1866,0.028
EST,1867,0.032
EST,1868,0.027
EST,1869,0.036
EST,1870,0.039
EST,1871,0.053
EST,1872,0.054
EST,1873,0.051
EST,1874,0.062
EST,1875,0.071
EST,1876,0.088
EST,1877,0.09
EST,1878,0.117
EST,1879,0.121
EST,1880,0.141
EST,1881,0.149
EST,1882,0.157
EST,1883,0.179
EST,1884,0.181
EST,1885,0.197
EST,1886,0.202
EST,1887,0.214
EST,1888,0.224
EST,1889,0.241
EST,1890,0.273
EST,1891,0.301
EST,1892,0.319
EST,1893,0.373
EST,1894,0.38
EST,1895,0.437
EST,1896,0.445
EST,1897,0.514
EST,1898,0.577
EST,1899,0.669
EST,1900,0.758
EST,1901,0.778
EST,1902,0.752
EST,1903,0.735
EST,1904,0.818
EST,1905,0.73
EST,1906,0.833
EST,1907,0.933
EST,1908,0.939
EST,1909,0.991
EST,1910,0.972
EST,1911,1.008
EST,1912,1.141
EST,1913,1.24
EST,1914,1.119
EST,1915,1.027
EST,1916,1.095
EST,1917,1.007
EST,1918,0.402
EST,1919,0.343
EST,1920,0.313
EST,1921,0.339
EST,1922,0.414
EST,1923,0.457
EST,1924,0.545
EST,1925,0.538
EST,1926,0.779
EST,1927,0.968
EST,1928,1.088
EST,1929,1.17
EST,1930,1.583
EST,1931,1.9
EST,1932,2.139
EST,1933,2.39
EST,1934,2.89
EST,1935,3.272
EST,1936,3.755
EST,1937,3.841
EST,1938,4.056
EST,1939,4.104
EST,1940,4.905
EST,1941,4.31
EST,1942,2.34
EST,1943,2.442
EST,1944,3.542
EST,1945,3.752
EST,1946,4.218
EST,1947,5.08
EST,1948,5.407
EST,1949,6.147
EST,1950,6.853
EST,1951,7.428
EST,1952,7.955
EST,1953,8.417
EST,1954,9.195
EST,1955,10.427
EST,1956,11.432
EST,1957,12.511
EST,1958,13.355
EST,1959,14.043
EST,1960,14.623
EST,1961,15.081
EST,1962,15.827
EST,1963,16.971
EST,1964,18.046
EST,1965,19.143
EST,1966,20.216
EST,1967,21.135
EST,1968,21.726
EST,1969,22.623
EST,1970,23.799
EST,1971,25.259
EST,1972,26.582
EST,1973,27.712
EST,1974,28.774
EST,1975,30.254
EST,1976,31.417
EST,1977,32.485
EST,1978,33.595
EST,1979,33.871
EST,1980,35.207
EST,1981,34.534
EST,1982,35.186
EST,1983,35.69
EST,1984,36.009
EST,1985,38.842
EST,1986,38.839
EST,1987,37.908
EST,1988,38.014
EST,1989,38.945
EST,1990,36.906
EST,1991,34.135
EST,1992,24.413
EST,1993,19.433
EST,1994,20.039
EST,1995,18.053
EST,1996,19.033
EST,1997,18.673
EST,1998,16.933
EST,1999,15.93
EST,2000,15.471
EST,2001,15.87
EST,2002,15.358
EST,2003,17.251
EST,2004,17.322
EST,2005,17.09
EST,2006,16.438
EST,2007,19.93
EST,2008,17.815
EST,2009,14.405
EST,2010,18.965
EST,2011,18.948
EST,2012,17.761
EST,2013,19.634
EST,2014,18.784
EST,2015,15.78
EST,2016,17.433
EST,2017,18.616
EST,2018,17.801
EST,2019,12.288
EST,2020,9.198
EST,2021,10.391
EST,2022,11.966
EST,2023,8.744
EST,2024,8.307
ETH,1750,0
ETH,1751,0
ETH,1752,0
ETH,1753,0
ETH,1754,0
ETH,1755,0
ETH,1756,0
ETH,1757,0
ETH,1758,0
ETH,1759,0
ETH,1760,0
ETH,1761,0
ETH,1762,0
ETH,1763,0
ETH,1764,0
ETH,1765,0
ETH,1766,0
ETH,1767,0
ETH,1768,0
ETH,1769,0
ETH,1770,0
ETH,1771,0
ETH,1772,0
ETH,1773,0
ETH,1774,0
ETH,1775,0
ETH,1776,0
ETH,1777,0
ETH,1778,0
ETH,1779,0
ETH,1780,0
ETH,1781,0
ETH,1782,0
ETH,1783,0
ETH,1784,0
ETH,1785,0
ETH,1786,0
ETH,1787,0
ETH,1788,0
ETH,1789,0
ETH,1790,0
ETH,1791,0
ETH,1792,0
ETH,1793,0
ETH,1794,0
ETH,1795,0
ETH,1796,0
ETH,1797,0
ETH,1798,0
ETH,1799,0
ETH,1800,0
ETH,1801,0
ETH,1802,0
ETH,1803,0
ETH,1804,0
ETH,1805,0
ETH,1806,0
ETH,1807,0
ETH,1808,0
ETH,1809,0
ETH,1810,0
ETH,1811,0
ETH,1812,0
ETH,1813,0
ETH,1814,0
ETH,1815,0
ETH,1816,0
ETH,1817,0
ETH,1818,0
ETH,1819,0
ETH,1820,0
ETH,1821,0
ETH,1822,0
ETH,1823,0
ETH,1824,0
ETH,1825,0
ETH,1826,0
ETH,1827,0
ETH,1828,0
ETH,1829,0
ETH,1830,0
ETH,1831,0
ETH,1832,0
ETH,1833,0
ETH,1834,0
ETH,1835,0
ETH,1836,0
ETH,1837,0
ETH,1838,0
ETH,1839,0
ETH,1840,0
ETH,1841,0
ETH,1842,0
ETH,1843,0
ETH,1844,0
ETH,1845,0
ETH,1846,0
ETH,1847,0
ETH,1848,0
ETH,1849,0
ETH,1850,0
ETH,1851,0
ETH,1852,0
ETH,1853,0
ETH,1854,0
ETH,1855,0
ETH,1856,0
ETH,1857,0
ETH,1858,0
ETH,1859,0
ETH,1860,0
ETH,1861,0
ETH,1862,0
ETH,1863,0
ETH,1864,0
ETH,1865,0
ETH,1866,0
ETH,1867,0
ETH,1868,0
ETH,1869,0
ETH,1870,0
ETH,1871,0
ETH,1872,0
ETH,1873,0
ETH,1874,0
ETH,1875,0
ETH,1876,0
ETH,1877,0
ETH,1878,0
ETH,1879,0
ETH,1880,0
ETH,1881,0
ETH,1882,0
ETH,1883,0
ETH,1884,0
ETH,1885,0
ETH,1886,0
ETH,1887,0
ETH,1888,0
ETH,1889,0
ETH,1890,0
ETH,1891,0
ETH,1892,0
ETH,1893,0
ETH,1894,0
ETH,1895,0
ETH,1896,0
ETH,1897,0
ETH,1898,0
ETH,1899,0
ETH,1900,0
ETH,1901,0
ETH,1902,0
ETH,1903,0
ETH,1904,0
ETH,1905,0
ETH,1906,0
ETH,1907,0
ETH,1908,0
ETH,1909,0
ETH,1910,0
ETH,1911,0
ETH,1912,0
ETH,1913,0
ETH,1914,0
ETH,1915,0
ETH,1916,0
ETH,1917,0
ETH,1918,0
ETH,1919,0
ETH,1920,0
ETH,1921,0
ETH,1922,0
ETH,1923,0
ETH,1924,0
ETH,1925,0
ETH,1926,0
ETH,1927,0
ETH,1928,0
ETH,1929,0
ETH,1930,0
ETH,1931,0
ETH,1932,0
ETH,1933,0
ETH,1934,0
ETH,1935,0
ETH,1936,0
ETH,1937,0
ETH,1938,0
ETH,1939,0
ETH,1940,0
ETH,1941,0.011
ETH,1942,0.011
ETH,1943,0.011
ETH,1944,0
ETH,1945,0
ETH,1946,0
ETH,1947,0
ETH,1948,0.004
ETH,1949,0.004
ETH,1950,0.088
ETH,1951,0.062
ETH,1952,0.099
ETH,1953,0.183
ETH,1954,0.271
ETH,1955,0.227
ETH,1956,0.242
ETH,1957,0.322
ETH,1958,0.319
ETH,1959,0.337
ETH,1960,0.352
ETH,1961,0.341
ETH,1962,0.396
ETH,1963,0.421
ETH,1964,0.407
ETH,1965,0.644
ETH,1966,0.824
ETH,1967,1.073
ETH,1968,1.725
ETH,1969,1.666
ETH,1970,1.652
ETH,1971,1.849
ETH,1972,1.406
ETH,1973,1.751
ETH,1974,1.736
ETH,1975,1.209
ETH,1976,1.175
ETH,1977,1.047
ETH,1978,1.369
ETH,1979,1.844
ETH,1980,1.817
ETH,1981,1.86
ETH,1982,1.474
ETH,1983,1.835
ETH,1984,1.65
ETH,1985,1.799
ETH,1986,2.195
ETH,1987,2.554
ETH,1988,2.64
ETH,1989,2.794
ETH,1990,2.987
ETH,1991,2.958
ETH,1992,2.937
ETH,1993,2.994
ETH,1994,2.197
ETH,1995,2.506
ETH,1996,2.794
ETH,1997,2.98
ETH,1998,3.147
ETH,1999,3.094
ETH,2000,3.463
ETH,2001,4.265
ETH,2002,4.432
ETH,2003,4.87
ETH,2004,5.159
ETH,2005,4.956
ETH,2006,5.318
ETH,2007,5.84
ETH,2008,6.418
ETH,2009,6.453
ETH,2010,6.344
ETH,2011,7.355
ETH,2012,7.988
ETH,2013,9.744
ETH,2014,11.543
ETH,2015,12.564
ETH,2016,14.323
ETH,2017,14.603
ETH,2018,16.117
ETH,2019,17.177
ETH,2020,16.735
ETH,2021,17.906
ETH,2022,16.96
ETH,2023,17.571
ETH,2024,17.837
FIN,1850,0
FIN,1851,0
FIN,1852,0
FIN,1853,0
FIN,1854,0
FIN,1855,0
FIN,1856,0
FIN,1857,0
FIN,1858,0
FIN,1859,0
FIN,1860,0.037
FIN,1861,0.073
FIN,1862,0.073
FIN,1863,0.077
FIN,1864,0.048
FIN,1865,0.062
FIN,1866,0.07
FIN,1867,0.062
FIN,1868,0.088
FIN,1869,0.07
FIN,1870,0.092
FIN,1871,0.114
FIN,1872,0.092
FIN,1873,0.088
FIN,1874,0.125
FIN,1875,0.084
FIN,1876,0.095
FIN,1877,0.114
FIN,1878,0.128
FIN,1879,0.077
FIN,1880,0.099
FIN,1881,0.099
FIN,1882,0.121
FIN,1883,0.117
FIN,1884,0.143
FIN,1885,0.22
FIN,1886,0.128
FIN,1887,0.128
FIN,1888,0.121
FIN,1889,0.161
FIN,1890,0.209
FIN,1891,0.22
FIN,1892,0.194
FIN,1893,0.194
FIN,1894,0.22
FIN,1895,0.234
FIN,1896,0.297
FIN,1897,0.517
FIN,1898,0.487
FIN,1899,0.736
FIN,1900,0.601
FIN,1901,0.421
FIN,1902,0.399
FIN,1903,0.513
FIN,1904,0.528
FIN,1905,0.586
FIN,1906,0.616
FIN,1907,0.887
FIN,1908,1.407
FIN,1909,1.282
FIN,1910,1.063
FIN,1911,1.315
FIN,1912,1.484
FIN,1913,1.663
FIN,1914,0.689
FIN,1915,0.106
FIN,1916,0.18
FIN,1917,0.121
FIN,1918,0.073
FIN,1919,0.238
FIN,1920,0.275
FIN,1921,0.282
FIN,1922,0.711
FIN,1923,1.477
FIN,1924,1.744
FIN,1925,1.711
FIN,1926,1.598
FIN,1927,2.851
FIN,1928,3.128
FIN,1929,3.351
FIN,1930,2.648
FIN,1931,3.011
FIN,1932,3.022
FIN,1933,3.224
FIN,1934,3.953
FIN,1935,3.516
FIN,1936,4.963
FIN,1937,6.78
FIN,1938,5.696
FIN,1939,4.871
FIN,1940,2.314
FIN,1941,3.245
FIN,1942,2.81
FIN,1943,3.945
FIN,1944,2.725
FIN,1945,0.64
FIN,1946,3.282
FIN,1947,5.45
FIN,1948,8.458
FIN,1949,4.933
FIN,1950,6.545
FIN,1951,7.977
FIN,1952,8.659
FIN,1953,7.566
FIN,1954,9.156
FIN,1955,10.929
FIN,1956,12.172
FIN,1957,12.241
FIN,1958,10.607
FIN,1959,13.559
FIN,1960,15.087
FIN,1961,14.922
FIN,1962,16.794
FIN,1963,19.336
FIN,1964,22.831
FIN,1965,25.3
FIN,1966,29.489
FIN,1967,28.588
FIN,1968,33.281
FIN,1969,37.897
FIN,1970,40.355
FIN,1971,40.537
FIN,1972,44.106
FIN,1973,49.32
FIN,1974,46.608
FIN,1975,46.026
FIN,1976,51.198
FIN,1977,50.137
FIN,1978,51.825
FIN,1979,54.237
FIN,1980,58.143
FIN,1981,51.403
FIN,1982,42.98
FIN,1983,41.463
FIN,1984,42.147
FIN,1985,49.549
FIN,1986,53.218
FIN,1987,57.533
FIN,1988,52.058
FIN,1989,52.452
FIN,1990,56.921
FIN,1991,55.195
FIN,1992,54.272
FIN,1993,56.32
FIN,1994,61.739
FIN,1995,58.122
FIN,1996,64.04
FIN,1997,62.703
FIN,1998,59.358
FIN,1999,58.874
FIN,2000,57.017
FIN,2001,62.52
FIN,2002,65.049
FIN,2003,72.658
FIN,2004,68.946
FIN,2005,57.064
FIN,2006,68.374
FIN,2007,66.764
FIN,2008,58.625
FIN,2009,55.921
FIN,2010,64.092
FIN,2011,56.646
FIN,2012,51.154
FIN,2013,51.719
FIN,2014,47.622
FIN,2015,44.192
FIN,2016,47.252
FIN,2017,44.657
FIN,2018,45.736
FIN,2019,42.444
FIN,2020,37.72
FIN,2021,37.82
FIN,2022,36.337
FIN,2023,31.799
FIN,2024,29.775
FJI,1750,0
FJI,1751,0
FJI,1752,0
FJI,1753,0
FJI,1754,0
FJI,1755,0
FJI,1756,0
FJI,1757,0
FJI,1758,0
FJI,1759,0
FJI,1760,0
FJI,1761,0
FJI,1762,0
FJI,1763,0
FJI,1764,0
FJI,1765,0
FJI,1766,0
FJI,1767,0
FJI,1768,0
FJI,1769,0
FJI,1770,0
FJI,1771,0
FJI,1772,0
FJI,1773,0
FJI,1774,0
FJI,1775,0
FJI,1776,0
FJI,1777,0
FJI,1778,0
FJI,1779,0
FJI,1780,0
FJI,1781,0
FJI,1782,0
FJI,1783,0
FJI,1784,0
FJI,1785,0
FJI,1786,0
FJI,1787,0
FJI,1788,0
FJI,1789,0
FJI,1790,0
FJI,1791,0
FJI,1792,0
FJI,1793,0
FJI,1794,0
FJI,1795,0
FJI,1796,0
FJI,1797,0
FJI,1798,0
FJI,1799,0
FJI,1800,0
FJI,1801,0
FJI,1802,0
FJI,1803,0
FJI,1804,0
FJI,1805,0
FJI,1806,0
FJI,1807,0
FJI,1808,0
FJI,1809,0
FJI,1810,0
FJI,1811,0
FJI,1812,0
FJI,1813,0
FJI,1814,0
FJI,1815,0
FJI,1816,0
FJI,1817,0
FJI,1818,0
FJI,1819,0
FJI,1820,0
FJI,1821,0
FJI,1822,0
FJI,1823,0
FJI,1824,0
FJI,1825,0
FJI,1826,0
FJI,1827,0
FJI,1828,0
FJI,1829,0
FJI,1830,0
FJI,1831,0
FJI,1832,0
FJI,1833,0
FJI,1834,0
FJI,1835,0
FJI,1836,0
FJI,1837,0
FJI,1838,0
FJI,1839,0
FJI,1840,0
FJI,1841,0
FJI,1842,0
FJI,1843,0
FJI,1844,0
FJI,1845,0
FJI,1846,0
FJI,1847,0
FJI,1848,0
FJI,1849,0
FJI,1850,0
FJI,1851,0
FJI,1852,0
FJI,1853,0
FJI,1854,0
FJI,1855,0
FJI,1856,0
FJI,1857,0
FJI,1858,0
FJI,1859,0
FJI,1860,0
FJI,1861,0
FJI,1862,0
FJI,1863,0
FJI,1864,0
FJI,1865,0
FJI,1866,0
FJI,1867,0
FJI,1868,0
FJI,1869,0
FJI,1870,0
FJI,1871,0
FJI,1872,0
FJI,1873,0
FJI,1874,0
FJI,1875,0
FJI,1876,0
FJI,1877,0
FJI,1878,0
FJI,1879,0
FJI,1880,0
FJI,1881,0
FJI,1882,0
FJI,1883,0
FJI,1884,0
FJI,1885,0
FJI,1886,0
FJI,1887,0
FJI,1888,0
FJI,1889,0
FJI,1890,0
FJI,1891,0
FJI,1892,0
FJI,1893,0
FJI,1894,0
FJI,1895,0
FJI,1896,0
FJI,1897,0
FJI,1898,0
FJI,1899,0
FJI,1900,0
FJI,1901,0
FJI,1902,0
FJI,1903,0
FJI,1904,0
FJI,1905,0
FJI,1906,0
FJI,1907,0
FJI,1908,0
FJI,1909,0
FJI,1910,0
FJI,1911,0
FJI,1912,0
FJI,1913,0
FJI,1914,0
FJI,1915,0
FJI,1916,0
FJI,1917,0
FJI,1918,0
FJI,1919,0
FJI,1920,0
FJI,1921,0
FJI,1922,0
FJI,1923,0
FJI,1924,0
FJI,1925,0
FJI,1926,0
FJI,1927,0
FJI,1928,0
FJI,1929,0
FJI,1930,0
FJI,1931,0
FJI,1932,0
FJI,1933,0
FJI,1934,0
FJI,1935,0
FJI,1936,0
FJI,1937,0
FJI,1938,0
FJI,1939,0
FJI,1940,0
FJI,1941,0
FJI,1942,0
FJI,1943,0
FJI,1944,0
FJI,1945,0
FJI,1946,0
FJI,1947,0
FJI,1948,0
FJI,1949,0
FJI,1950,0.121
FJI,1951,0.132
FJI,1952,0.158
FJI,1953,0.169
FJI,1954,0.158
FJI,1955,0.172
FJI,1956,0.194
FJI,1957,0.165
FJI,1958,0.176
FJI,1959,0.198
FJI,1960,0.194
FJI,1961,0.169
FJI,1962,0.231
FJI,1963,0.242
FJI,1964,0.425
FJI,1965,0.344
FJI,1966,0.322
FJI,1967,0.355
FJI,1968,0.396
FJI,1969,0.432
FJI,1970,0.52
FJI,1971,0.549
FJI,1972,0.579
FJI,1973,0.63
FJI,1974,0.67
FJI,1975,0.623
FJI,1976,0.483
FJI,1977,0.765
FJI,1978,0.709
FJI,1979,0.836
FJI,1980,0.792
FJI,1981,1.077
FJI,1982,0.835
FJI,1983,0.709
FJI,1984,0.577
FJI,1985,0.573
FJI,1986,0.598
FJI,1987,0.472
FJI,1988,0.55
FJI,1989,0.625
FJI,1990,0.801
FJI,1991,0.655
FJI,1992,0.73
FJI,1993,0.729
FJI,1994,0.723
FJI,1995,0.737
FJI,1996,0.792
FJI,1997,0.764
FJI,1998,0.743
FJI,1999,0.756
FJI,2000,0.815
FJI,2001,1.004
FJI,2002,0.835
FJI,2003,0.993
FJI,2004,1.301
FJI,2005,1.022
FJI,2006,1.15
FJI,2007,1.085
FJI,2008,0.791
FJI,2009,0.703
FJI,2010,1.03
FJI,2011,0.931
FJI,2012,0.909
FJI,2013,1.037
FJI,2014,1.18
FJI,2015,1.462
FJI,2016,1.345
FJI,2017,1.455
FJI,2018,1.48
FJI,2019,1.509
FJI,2020,1.37
FJI,2021,1.088
FJI,2022,1.389
FJI,2023,1.382
FJI,2024,1.445
FRA,1802,2.239
FRA,1804,2.176
FRA,1810,2.121
FRA,1811,2.052
FRA,1812,2.217
FRA,1813,2.048
FRA,1814,2.092
FRA,1815,2.341
FRA,1816,2.499
FRA,1817,2.66
FRA,1818,2.382
FRA,1819,2.557
FRA,1820,2.902
FRA,1821,3.012
FRA,1822,3.169
FRA,1823,3.169
FRA,1824,3.517
FRA,1825,3.957
FRA,1826,4.089
FRA,1827,5.91
FRA,1828,6.243
FRA,1829,6.075
FRA,1830,6.551
FRA,1831,6.053
FRA,1832,6.679
FRA,1833,7.247
FRA,1834,8.922
FRA,1835,9.259
FRA,1836,10.637
FRA,1837,11.351
FRA,1838,11.868
FRA,1839,11.571
FRA,1840,11.798
FRA,1841,13.821
FRA,1842,14.528
FRA,1843,14.55
FRA,1844,15.261
FRA,1845,17.836
FRA,1846,18.529
FRA,1847,20.841
FRA,1848,16.69
FRA,1849,17.386
FRA,1850,19.617
FRA,1851,20.038
FRA,1852,21.57
FRA,1853,25.34
FRA,1854,29.213
FRA,1855,33.071
FRA,1856,34.632
FRA,1857,35.281
FRA,1858,34.595
FRA,1859,34.991
FRA,1860,38.131
FRA,1861,41.242
FRA,1862,43.525
FRA,1863,44.188
FRA,1864,46.83
FRA,1865,49.303
FRA,1866,53.56
FRA,1867,54.278
FRA,1868,55.532
FRA,1869,56.942
FRA,1870,50.538
FRA,1871,50.263
FRA,1872,60.925
FRA,1873,65.849
FRA,1874,62.643
FRA,1875,65.26
FRA,1876,65.358
FRA,1877,63.926
FRA,1878,65.223
FRA,1879,67.498
FRA,1880,76.149
FRA,1881,77.985
FRA,1882,82.308
FRA,1883,86.32
FRA,1884,82.913
FRA,1885,79.714
FRA,1886,79.073
FRA,1887,83.29
FRA,1888,86.654
FRA,1889,88.797
FRA,1890,97.818
FRA,1891,97.983
FRA,1892,98.122
FRA,1893,96.33
FRA,1894,101.9
FRA,1895,102.775
FRA,1896,106.282
FRA,1897,111.261
FRA,1898,115.046
FRA,1899,120.3
FRA,1900,129.277
FRA,1901,125.005
FRA,1902,117.662
FRA,1903,129.343
FRA,1904,125.998
FRA,1905,127.427
FRA,1906,136.568
FRA,1907,145.596
FRA,1908,146.714
FRA,1909,150.096
FRA,1910,150.612
FRA,1911,156.907
FRA,1912,158.578
FRA,1913,171.112
FRA,1914,118.351
FRA,1915,103.233
FRA,1916,109.689
FRA,1917,121.604
FRA,1918,108.451
FRA,1919,116.141
FRA,1920,151.778
FRA,1921,137.909
FRA,1922,163.151
FRA,1923,184.189
FRA,1924,206.635
FRA,1925,213.827
FRA,1926,213.732
FRA,1927,213.04
FRA,1928,211.619
FRA,1929,234.282
FRA,1930,237.634
FRA,1931,217.494
FRA,1932,191.775
FRA,1933,199.387
FRA,1934,201.35
FRA,1935,195.372
FRA,1936,198.079
FRA,1937,217.705
FRA,1938,201.798
FRA,1939,194.617
FRA,1940,137.737
FRA,1941,119.927
FRA,1942,122.496
FRA,1943,125.246
FRA,1944,79.986
FRA,1945,107.166
FRA,1946,165.245
FRA,1947,183.624
FRA,1948,196.501
FRA,1949,229.051
FRA,1950,202.451
FRA,1951,228.945
FRA,1952,227.217
FRA,1953,214.772
FRA,1954,226.601
FRA,1955,239.268
FRA,1956,268.807
FRA,1957,277.882
FRA,1958,266.527
FRA,1959,262.33
FRA,1960,298.396
FRA,1961,318.162
FRA,1962,335.538
FRA,1963,340.422
FRA,1964,371.374
FRA,1965,365.845
FRA,1966,382.836
FRA,1967,407.293
FRA,1968,421.116
FRA,1969,446.578
FRA,1970,463.946
FRA,1971,497.046
FRA,1972,517.593
FRA,1973,542.646
FRA,1974,524.737
FRA,1975,486.023
FRA,1976,527.372
FRA,1977,511.269
FRA,1978,532.682
FRA,1979,536.053
FRA,1980,514.509
FRA,1981,462.596
FRA,1982,443.396
FRA,1983,426.039
FRA,1984,414.656
FRA,1985,407.802
FRA,1986,392.872
FRA,1987,390.135
FRA,1988,387.601
FRA,1989,401.469
FRA,1990,394.904
FRA,1991,419.119
FRA,1992,408.433
FRA,1993,388.89
FRA,1994,381.903
FRA,1995,386.959
FRA,1996,403.352
FRA,1997,396.023
FRA,1998,414.357
FRA,1999,413.07
FRA,2000,407.445
FRA,2001,411.592
FRA,2002,407.027
FRA,2003,412.989
FRA,2004,414.073
FRA,2005,416.343
FRA,2006,406.669
FRA,2007,396.461
FRA,2008,389.794
FRA,2009,371.404
FRA,2010,377.079
FRA,2011,355.127
FRA,2012,358.1
FRA,2013,360.013
FRA,2014,327.809
FRA,2015,332.131
FRA,2016,335.496
FRA,2017,338.368
FRA,2018,323.102
FRA,2019,316.321
FRA,2020,281.515
FRA,2021,307.272
FRA,2022,295.304
FRA,2023,270.263
FRA,2024,264.156
FRO,1851,0
FRO,1852,0
FRO,1853,0
FRO,1854,0
FRO,1855,0
FRO,1856,0
FRO,1857,0
FRO,1858,0
FRO,1859,0
FRO,1860,0
FRO,1861,0
FRO,1862,0
FRO,1863,0
FRO,1864,0
FRO,1865,0
FRO,1866,0
FRO,1867,0
FRO,1868,0
FRO,1869,0
FRO,1870,0
FRO,1871,0
FRO,1872,0
FRO,1873,0
FRO,1874,0
FRO,1875,0
FRO,1876,0
FRO,1877,0
FRO,1878,0
FRO,1879,0
FRO,1880,0
FRO,1881,0
FRO,1882,0
FRO,1883,0
FRO,1884,0
FRO,1885,0
FRO,1886,0
FRO,1887,0
FRO,1888,0
FRO,1889,0
FRO,1890,0
FRO,1891,0
FRO,1892,0
FRO,1893,0
FRO,1894,0
FRO,1895,0
FRO,1896,0
FRO,1897,0
FRO,1898,0
FRO,1899,0
FRO,1900,0
FRO,1901,0
FRO,1902,0
FRO,1903,0
FRO,1904,0
FRO,1905,0
FRO,1906,0
FRO,1907,0
FRO,1908,0
FRO,1909,0
FRO,1910,0
FRO,1911,0
FRO,1912,0
FRO,1913,0
FRO,1914,0
FRO,1915,0
FRO,1916,0
FRO,1917,0
FRO,1918,0
FRO,1919,0
FRO,1920,0
FRO,1921,0
FRO,1922,0
FRO,1923,0
FRO,1924,0
FRO,1925,0
FRO,1926,0
FRO,1927,0
FRO,1928,0
FRO,1929,0
FRO,1930,0
FRO,1931,0
FRO,1932,0
FRO,1933,0
FRO,1934,0
FRO,1935,0
FRO,1936,0
FRO,1937,0
FRO,1938,0
FRO,1939,0
FRO,1940,0
FRO,1941,0
FRO,1942,0
FRO,1943,0
FRO,1944,0
FRO,1945,0
FRO,1946,0
FRO,1947,0
FRO,1948,0
FRO,1949,0
FRO,1950,0.04
FRO,1951,0.04
FRO,1952,0.055
FRO,1953,0.084
FRO,1954,0.077
FRO,1955,0.099
FRO,1956,0.114
FRO,1957,0.095
FRO,1958,0.117
FRO,1959,0.099
FRO,1960,0.059
FRO,1961,0.114
FRO,1962,0.117
FRO,1963,0.125
FRO,1964,0.121
FRO,1965,0.136
FRO,1966,0.139
FRO,1967,0.169
FRO,1968,0.183
FRO,1969,0.213
FRO,1970,0.256
FRO,1971,0.26
FRO,1972,0.234
FRO,1973,0.253
FRO,1974,0.3
FRO,1975,0.348
FRO,1976,0.33
FRO,1977,0.407
FRO,1978,0.399
FRO,1979,0.48
FRO,1980,0.421
FRO,1981,0.44
FRO,1982,0.458
FRO,1983,0.487
FRO,1984,0.498
FRO,1985,0.517
FRO,1986,0.491
FRO,1987,0.498
FRO,1988,0.528
FRO,1989,0.579
FRO,1990,0.703
FRO,1991,0.66
FRO,1992,0.649
FRO,1993,0.583
FRO,1994,0.575
FRO,1995,0.572
FRO,1996,0.597
FRO,1997,0.586
FRO,1998,0.623
FRO,1999,0.634
FRO,2000,0.689
FRO,2001,0.762
FRO,2002,0.729
FRO,2003,0.733
FRO,2004,0.747
FRO,2005,0.722
FRO,2006,0.678
FRO,2007,0.692
FRO,2008,0.634
FRO,2009,0.575
FRO,2010,0.627
FRO,2011,0.564
FRO,2012,0.594
FRO,2013,0.649
FRO,2014,0.597
FRO,2015,0.608
FRO,2016,0.627
FRO,2017,0.703
FRO,2018,0.725
FRO,2019,0.74
FRO,2020,0.758
FRO,2021,0.784
FRO,2022,0.723
FRO,2023,0.714
FRO,2024,0.725
FSM,1850,0
FSM,1851,0
FSM,1852,0
FSM,1853,0
FSM,1854,0
FSM,1855,0
FSM,1856,0
FSM,1857,0
FSM,1858,0
FSM,1859,0
FSM,1860,0
FSM,1861,0
FSM,1862,0
FSM,1863,0
FSM,1864,0
FSM,1865,0
FSM,1866,0
FSM,1867,0
FSM,1868,0
FSM,1869,0
FSM,1870,0
FSM,1871,0
FSM,1872,0
FSM,1873,0
FSM,1874,0
FSM,1875,0
FSM,1876,0
FSM,1877,0
FSM,1878,0
FSM,1879,0
FSM,1880,0
FSM,1881,0
FSM,1882,0
FSM,1883,0
FSM,1884,0
FSM,1885,0
FSM,1886,0
FSM,1887,0
FSM,1888,0
FSM,1889,0
FSM,1890,0
FSM,1891,0
FSM,1892,0
FSM,1893,0
FSM,1894,0
FSM,1895,0
FSM,1896,0
FSM,1897,0
FSM,1898,0
FSM,1899,0
FSM,1900,0
FSM,1901,0
FSM,1902,0
FSM,1903,0
FSM,1904,0
FSM,1905,0
FSM,1906,0
FSM,1907,0
FSM,1908,0
FSM,1909,0
FSM,1910,0
FSM,1911,0
FSM,1912,0
FSM,1913,0
FSM,1914,0
FSM,1915,0
FSM,1916,0
FSM,1917,0
FSM,1918,0
FSM,1919,0
FSM,1920,0
FSM,1921,0
FSM,1922,0
FSM,1923,0
FSM,1924,0
FSM,1925,0
FSM,1926,0
FSM,1927,0
FSM,1928,0
FSM,1929,0
FSM,1930,0
FSM,1931,0
FSM,1932,0
FSM,1933,0
FSM,1934,0
FSM,1935,0
FSM,1936,0
FSM,1937,0
FSM,1938,0
FSM,1939,0
FSM,1940,0
FSM,1941,0
FSM,1942,0
FSM,1943,0
FSM,1944,0
FSM,1945,0
FSM,1946,0
FSM,1947,0
FSM,1948,0
FSM,1949,0
FSM,1950,0
FSM,1951,0
FSM,1952,0
FSM,1953,0
FSM,1954,0
FSM,1955,0
FSM,1956,0
FSM,1957,0
FSM,1958,0
FSM,1959,0
FSM,1960,0
FSM,1961,0
FSM,1962,0
FSM,1963,0
FSM,1964,0
FSM,1965,0
FSM,1966,0
FSM,1967,0
FSM,1968,0
FSM,1969,0
FSM,1970,0
FSM,1971,0
FSM,1972,0
FSM,1973,0
FSM,1974,0
FSM,1975,0
FSM,1976,0
FSM,1977,0
FSM,1978,0
FSM,1979,0
FSM,1980,0
FSM,1981,0
FSM,1982,0
FSM,1983,0
FSM,1984,0
FSM,1985,0
FSM,1986,0
FSM,1987,0
FSM,1988,0
FSM,1989,0
FSM,1990,0
FSM,1991,0
FSM,1992,0.136
FSM,1993,0.143
FSM,1994,0.154
FSM,1995,0.176
FSM,1996,0.183
FSM,1997,0.194
FSM,1998,0.205
FSM,1999,0.191
FSM,2000,0.18
FSM,2001,0.165
FSM,2002,0.15
FSM,2003,0.161
FSM,2004,0.143
FSM,2005,0.114
FSM,2006,0.114
FSM,2007,0.128
FSM,2008,0.114
FSM,2009,0.147
FSM,2010,0.103
FSM,2011,0.117
FSM,2012,0.128
FSM,2013,0.136
FSM,2014,0.139
FSM,2015,0.143
FSM,2016,0.143
FSM,2017,0.143
FSM,2018,0.143
FSM,2019,0.143
FSM,2020,0.143
FSM,2021,0.143
FSM,2022,0.145
FSM,2023,0.144
FSM,2024,0.151
GAB,1850,0
GAB,1851,0
GAB,1852,0
GAB,1853,0
GAB,1854,0
GAB,1855,0
GAB,1856,0
GAB,1857,0
GAB,1858,0
GAB,1859,0
GAB,1860,0
GAB,1861,0
GAB,1862,0
GAB,1863,0
GAB,1864,0
GAB,1865,0
GAB,1866,0
GAB,1867,0
GAB,1868,0
GAB,1869,0
GAB,1870,0
GAB,1871,0
GAB,1872,0
GAB,1873,0
GAB,1874,0
GAB,1875,0
GAB,1876,0
GAB,1877,0
GAB,1878,0
GAB,1879,0
GAB,1880,0
GAB,1881,0
GAB,1882,0
GAB,1883,0
GAB,1884,0
GAB,1885,0
GAB,1886,0
GAB,1887,0
GAB,1888,0
GAB,1889,0
GAB,1890,0
GAB,1891,0
GAB,1892,0
GAB,1893,0
GAB,1894,0
GAB,1895,0
GAB,1896,0
GAB,1897,0
GAB,1898,0
GAB,1899,0
GAB,1900,0
GAB,1901,0
GAB,1902,0
GAB,1903,0
GAB,1904,0
GAB,1905,0
GAB,1906,0
GAB,1907,0
GAB,1908,0
GAB,1909,0
GAB,1910,0
GAB,1911,0
GAB,1912,0
GAB,1913,0
GAB,1914,0
GAB,1915,0
GAB,1916,0
GAB,1917,0
GAB,1918,0
GAB,1919,0
GAB,1920,0
GAB,1921,0
GAB,1922,0
GAB,1923,0
GAB,1924,0
GAB,1925,0
GAB,1926,0
GAB,1927,0
GAB,1928,0
GAB,1929,0
GAB,1930,0
GAB,1931,0
GAB,1932,0
GAB,1933,0
GAB,1934,0
GAB,1935,0
GAB,1936,0
GAB,1937,0
GAB,1938,0
GAB,1939,0
GAB,1940,0
GAB,1941,0
GAB,1942,0
GAB,1943,0
GAB,1944,0
GAB,1945,0
GAB,1946,0
GAB,1947,0
GAB,1948,0
GAB,1949,0
GAB,1950,0.01
GAB,1951,0.014
GAB,1952,0.018
GAB,1953,0.015
GAB,1954,0.016
GAB,1955,0.016
GAB,1956,0.021
GAB,1957,0.022
GAB,1958,0.025
GAB,1959,0.022
GAB,1960,0.132
GAB,1961,0.165
GAB,1962,0.088
GAB,1963,0.073
GAB,1964,0.191
GAB,1965,0.216
GAB,1966,0.381
GAB,1967,1.011
GAB,1968,1.96
GAB,1969,1.433
GAB,1970,2.081
GAB,1971,2.843
GAB,1972,2.737
GAB,1973,5.309
GAB,1974,5.448
GAB,1975,5.364
GAB,1976,5.704
GAB,1977,6.306
GAB,1978,7.555
GAB,1979,6.747
GAB,1980,6.625
GAB,1981,6.564
GAB,1982,6.544
GAB,1983,5.509
GAB,1984,5.979
GAB,1985,6.299
GAB,1986,4.951
GAB,1987,4.009
GAB,1988,4.321
GAB,1989,5.757
GAB,1990,4.485
GAB,1991,4.522
GAB,1992,4.917
GAB,1993,4.975
GAB,1994,4.542
GAB,1995,5.22
GAB,1996,5.886
GAB,1997,5.527
GAB,1998,6.453
GAB,1999,6.014
GAB,2000,6.128
GAB,2001,6.48
GAB,2002,6.25
GAB,2003,6.746
GAB,2004,6.386
GAB,2005,6.223
GAB,2006,5.543
GAB,2007,5.038
GAB,2008,5.379
GAB,2009,5.304
GAB,2010,5.528
GAB,2011,5.447
GAB,2012,5.016
GAB,2013,5.19
GAB,2014,5.663
GAB,2015,5.772
GAB,2016,5.613
GAB,2017,5.501
GAB,2018,5.563
GAB,2019,5.607
GAB,2020,5.636
GAB,2021,5.545
GAB,2022,5.783
GAB,2023,5.321
GAB,2024,5.399
GBR,1750,9.306
GBR,1751,9.407
GBR,1752,9.505
GBR,1753,9.61
GBR,1754,9.734
GBR,1755,9.793
GBR,1756,9.91
GBR,1757,10.094
GBR,1758,10.216
GBR,1759,10.339
GBR,1760,10.514
GBR,1761,10.748
GBR,1762,10.952
GBR,1763,11.192
GBR,1764,11.397
GBR,1765,11.643
GBR,1766,11.876
GBR,1767,12.153
GBR,1768,12.467
GBR,1769,12.78
GBR,1770,13.097
GBR,1771,13.369
GBR,1772,13.624
GBR,1773,13.808
GBR,1774,14.012
GBR,1775,14.339
GBR,1776,14.654
GBR,1777,14.96
GBR,1778,15.243
GBR,1779,15.535
GBR,1780,15.879
GBR,1781,16.234
GBR,1782,16.581
GBR,1783,17.063
GBR,1784,17.471
GBR,1785,17.961
GBR,1786,18.444
GBR,1787,18.855
GBR,1788,19.283
GBR,1789,19.86
GBR,1790,20.394
GBR,1791,20.928
GBR,1792,21.457
GBR,1793,21.814
GBR,1794,22.073
GBR,1795,21.865
GBR,1796,21.583
GBR,1797,21.537
GBR,1798,22.527
GBR,1799,26.855
GBR,1800,31.34
GBR,1801,30.737
GBR,1802,30.377
GBR,1803,28.241
GBR,1804,27.79
GBR,1805,29.295
GBR,1806,30.909
GBR,1807,32.584
GBR,1808,33.702
GBR,1809,34.523
GBR,1810,35.402
GBR,1811,36.155
GBR,1812,36.742
GBR,1813,37.36
GBR,1814,38.182
GBR,1815,39.019
GBR,1816,39.265
GBR,1817,41.766
GBR,1818,43.769
GBR,1819,43.316
GBR,1820,42.567
GBR,1821,43.493
GBR,1822,45.074
GBR,1823,46.676
GBR,1824,48.137
GBR,1825,49.564
GBR,1826,50.102
GBR,1827,52.048
GBR,1828,52.63
GBR,1829,53.243
GBR,1830,67.724
GBR,1831,64.486
GBR,1832,62.559
GBR,1833,61.925
GBR,1834,65.802
GBR,1835,72.197
GBR,1836,78.545
GBR,1837,75.254
GBR,1838,73.586
GBR,1839,75.786
GBR,1840,80.791
GBR,1841,81.33
GBR,1842,85.193
GBR,1843,88.57
GBR,1844,93.955
GBR,1845,99.778
GBR,1846,95.494
GBR,1847,101.823
GBR,1848,108.978
GBR,1849,117.35
GBR,1850,122.35
GBR,1851,116.411
GBR,1852,115.998
GBR,1853,115.358
GBR,1854,139.012
GBR,1855,130.169
GBR,1856,140.081
GBR,1857,137.573
GBR,1858,134.833
GBR,1859,149.703
GBR,1860,167.95
GBR,1861,175.048
GBR,1862,169.471
GBR,1863,180.225
GBR,1864,193.91
GBR,1865,205.488
GBR,1866,211.732
GBR,1867,217.374
GBR,1868,213.219
GBR,1869,223.706
GBR,1870,228.494
GBR,1871,242.037
GBR,1872,254.989
GBR,1873,264.658
GBR,1874,257.187
GBR,1875,271.488
GBR,1876,271.019
GBR,1877,275.899
GBR,1878,270.975
GBR,1879,272.646
GBR,1880,297.125
GBR,1881,312.312
GBR,1882,314.965
GBR,1883,327.73
GBR,1884,319.098
GBR,1885,315.291
GBR,1886,312.429
GBR,1887,320.442
GBR,1888,333.168
GBR,1889,345.024
GBR,1890,353.023
GBR,1891,360.472
GBR,1892,353.008
GBR,1893,316.211
GBR,1894,362.102
GBR,1895,365.55
GBR,1896,375.981
GBR,1897,385.969
GBR,1898,386.878
GBR,1899,414.552
GBR,1900,419.741
GBR,1901,410.701
GBR,1902,426.64
GBR,1903,429.985
GBR,1904,431.993
GBR,1905,437.672
GBR,1906,453.35
GBR,1907,473.568
GBR,1908,461.964
GBR,1909,466.086
GBR,1910,469.732
GBR,1911,481.351
GBR,1912,455.886
GBR,1913,498.322
GBR,1914,483.183
GBR,1915,489.481
GBR,1916,507.072
GBR,1917,501.169
GBR,1918,466.849
GBR,1919,456.131
GBR,1920,480.472
GBR,1921,332.188
GBR,1922,439.608
GBR,1923,466.067
GBR,1924,488.24
GBR,1925,460.999
GBR,1926,261.066
GBR,1927,481.344
GBR,1928,454.453
GBR,1929,478.206
GBR,1930,460.805
GBR,1931,430.979
GBR,1932,414.565
GBR,1933,412.269
GBR,1934,445.277
GBR,1935,451.206
GBR,1936,476.535
GBR,1937,491.703
GBR,1938,472.756
GBR,1939,474.289
GBR,1940,500.083
GBR,1941,499.796
GBR,1942,492.996
GBR,1943,490.219
GBR,1944,489.67
GBR,1945,453.074
GBR,1946,464.412
GBR,1947,485.232
GBR,1948,503.51
GBR,1949,507.552
GBR,1950,499.228
GBR,1951,543.791
GBR,1952,527.413
GBR,1953,539.101
GBR,1954,552.031
GBR,1955,576.12
GBR,1956,573.745
GBR,1957,570.249
GBR,1958,555.993
GBR,1959,546.364
GBR,1960,583.903
GBR,1961,588.578
GBR,1962,592.92
GBR,1963,603.382
GBR,1964,607.866
GBR,1965,622.115
GBR,1966,618.078
GBR,1967,592.064
GBR,1968,606.496
GBR,1969,628.39
GBR,1970,652.585
GBR,1971,660.396
GBR,1972,648.034
GBR,1973,659.584
GBR,1974,617.187
GBR,1975,603.254
GBR,1976,598.533
GBR,1977,604.369
GBR,1978,604.728
GBR,1979,644.509
GBR,1980,579.039
GBR,1981,560.547
GBR,1982,548.229
GBR,1983,545.474
GBR,1984,529.097
GBR,1985,559.635
GBR,1986,568.569
GBR,1987,571.649
GBR,1988,570.279
GBR,1989,581.561
GBR,1990,601.945
GBR,1991,609.413
GBR,1992,593.846
GBR,1993,579.613
GBR,1994,574.017
GBR,1995,566.159
GBR,1996,586.761
GBR,1997,562.708
GBR,1998,568.544
GBR,1999,561.65
GBR,2000,569.034
GBR,2001,577.971
GBR,2002,560.273
GBR,2003,571.619
GBR,2004,573.43
GBR,2005,570.338
GBR,2006,567.846
GBR,2007,559.566
GBR,2008,544.932
GBR,2009,494.108
GBR,2010,511.905
GBR,2011,469.713
GBR,2012,487.477
GBR,2013,477.611
GBR,2014,438.807
GBR,2015,422.461
GBR,2016,399.43
GBR,2017,387.367
GBR,2018,379.73
GBR,2019,364.753
GBR,2020,326.263
GBR,2021,342.366
GBR,2022,311.118
GBR,2023,307.826
GBR,2024,312.906
GEO,1830,0
GEO,1831,0
GEO,1832,0
GEO,1833,0
GEO,1850,0
GEO,1851,0
GEO,1852,0
GEO,1853,0
GEO,1854,0
GEO,1855,0.001
GEO,1856,0
GEO,1857,0
GEO,1858,0.002
GEO,1859,0.002
GEO,1860,0.003
GEO,1861,0.003
GEO,1862,0.003
GEO,1863,0.003
GEO,1864,0.003
GEO,1865,0.003
GEO,1866,0.01
GEO,1867,0.012
GEO,1868,0.01
GEO,1869,0.013
GEO,1870,0.014
GEO,1871,0.019
GEO,1872,0.02
GEO,1873,0.019
GEO,1874,0.023
GEO,1875,0.026
GEO,1876,0.032
GEO,1877,0.033
GEO,1878,0.043
GEO,1879,0.044
GEO,1880,0.052
GEO,1881,0.055
GEO,1882,0.057
GEO,1883,0.065
GEO,1884,0.066
GEO,1885,0.072
GEO,1886,0.074
GEO,1887,0.078
GEO,1888,0.082
GEO,1889,0.088
GEO,1890,0.1
GEO,1891,0.11
GEO,1892,0.117
GEO,1893,0.137
GEO,1894,0.139
GEO,1895,0.16
GEO,1896,0.163
GEO,1897,0.188
GEO,1898,0.211
GEO,1899,0.245
GEO,1900,0.278
GEO,1901,0.285
GEO,1902,0.275
GEO,1903,0.269
GEO,1904,0.3
GEO,1905,0.267
GEO,1906,0.305
GEO,1907,0.342
GEO,1908,0.344
GEO,1909,0.363
GEO,1910,0.356
GEO,1911,0.369
GEO,1912,0.418
GEO,1913,0.454
GEO,1914,0.41
GEO,1915,0.376
GEO,1916,0.401
GEO,1917,0.369
GEO,1918,0.147
GEO,1919,0.126
GEO,1920,0.115
GEO,1921,0.124
GEO,1922,0.152
GEO,1923,0.167
GEO,1924,0.199
GEO,1925,0.197
GEO,1926,0.285
GEO,1927,0.355
GEO,1928,0.389
GEO,1929,0.418
GEO,1930,0.571
GEO,1931,0.687
GEO,1932,0.773
GEO,1933,0.866
GEO,1934,1.047
GEO,1935,1.183
GEO,1936,1.354
GEO,1937,1.386
GEO,1938,1.463
GEO,1939,1.481
GEO,1940,1.777
GEO,1941,1.56
GEO,1942,0.857
GEO,1943,0.894
GEO,1944,1.297
GEO,1945,1.367
GEO,1946,1.532
GEO,1947,1.842
GEO,1948,1.956
GEO,1949,2.222
GEO,1950,2.473
GEO,1951,2.677
GEO,1952,2.866
GEO,1953,3.03
GEO,1954,3.306
GEO,1955,3.748
GEO,1956,4.114
GEO,1957,4.504
GEO,1958,4.811
GEO,1959,5.059
GEO,1960,5.268
GEO,1961,5.44
GEO,1962,5.719
GEO,1963,6.142
GEO,1964,6.541
GEO,1965,6.944
GEO,1966,7.336
GEO,1967,7.678
GEO,1968,7.902
GEO,1969,8.235
GEO,1970,8.654
GEO,1971,9.203
GEO,1972,9.696
GEO,1973,10.122
GEO,1974,10.525
GEO,1975,11.08
GEO,1976,11.517
GEO,1977,11.919
GEO,1978,12.339
GEO,1979,12.448
GEO,1980,12.94
GEO,1981,12.721
GEO,1982,12.967
GEO,1983,13.169
GEO,1984,13.302
GEO,1985,14.34
GEO,1986,14.157
GEO,1987,14.516
GEO,1988,15.133
GEO,1989,15.043
GEO,1990,14.85
GEO,1991,14.602
GEO,1992,14.127
GEO,1993,9.884
GEO,1994,5.897
GEO,1995,2.266
GEO,1996,4.046
GEO,1997,4.412
GEO,1998,4.864
GEO,1999,4.246
GEO,2000,4.497
GEO,2001,3.723
GEO,2002,3.347
GEO,2003,3.731
GEO,2004,4.278
GEO,2005,5.046
GEO,2006,6.273
GEO,2007,6.609
GEO,2008,5.747
GEO,2009,6.171
GEO,2010,6.29
GEO,2011,7.814
GEO,2012,8.294
GEO,2013,8.028
GEO,2014,9.058
GEO,2015,9.791
GEO,2016,10.043
GEO,2017,10.06
GEO,2018,9.888
GEO,2019,10.517
GEO,2020,10.378
GEO,2021,10.75
GEO,2022,12
GEO,2023,11.922
GEO,2024,11.784
GHA,1750,0
GHA,1751,0
GHA,1752,0
GHA,1753,0
GHA,1754,0
GHA,1755,0
GHA,1756,0
GHA,1757,0
GHA,1758,0
GHA,1759,0
GHA,1760,0
GHA,1761,0
GHA,1762,0
GHA,1763,0
GHA,1764,0
GHA,1765,0
GHA,1766,0
GHA,1767,0
GHA,1768,0
GHA,1769,0
GHA,1770,0
GHA,1771,0
GHA,1772,0
GHA,1773,0
GHA,1774,0
GHA,1775,0
GHA,1776,0
GHA,1777,0
GHA,1778,0
GHA,1779,0
GHA,1780,0
GHA,1781,0
GHA,1782,0
GHA,1783,0
GHA,1784,0
GHA,1785,0
GHA,1786,0
GHA,1787,0
GHA,1788,0
GHA,1789,0
GHA,1790,0
GHA,1791,0
GHA,1792,0
GHA,1793,0
GHA,1794,0
GHA,1795,0
GHA,1796,0
GHA,1797,0
GHA,1798,0
GHA,1799,0
GHA,1800,0
GHA,1801,0
GHA,1802,0
GHA,1803,0
GHA,1804,0
GHA,1805,0
GHA,1806,0
GHA,1807,0
GHA,1808,0
GHA,1809,0
GHA,1810,0
GHA,1811,0
GHA,1812,0
GHA,1813,0
GHA,1814,0
GHA,1815,0
GHA,1816,0
GHA,1817,0
GHA,1818,0
GHA,1819,0
GHA,1820,0
GHA,1821,0
GHA,1822,0
GHA,1823,0
GHA,1824,0
GHA,1825,0
GHA,1826,0
GHA,1827,0
GHA,1828,0
GHA,1829,0
GHA,1830,0
GHA,1831,0
GHA,1832,0
GHA,1833,0
GHA,1834,0
GHA,1835,0
GHA,1836,0
GHA,1837,0
GHA,1838,0
GHA,1839,0
GHA,1840,0
GHA,1841,0
GHA,1842,0
GHA,1843,0
GHA,1844,0
GHA,1845,0
GHA,1846,0
GHA,1847,0
GHA,1848,0
GHA,1849,0
GHA,1850,0
GHA,1851,0
GHA,1852,0
GHA,1853,0
GHA,1854,0
GHA,1855,0
GHA,1856,0
GHA,1857,0
GHA,1858,0
GHA,1859,0
GHA,1860,0
GHA,1861,0
GHA,1862,0
GHA,1863,0
GHA,1864,0
GHA,1865,0
GHA,1866,0
GHA,1867,0
GHA,1868,0
GHA,1869,0
GHA,1870,0
GHA,1871,0
GHA,1872,0
GHA,1873,0
GHA,1874,0
GHA,1875,0
GHA,1876,0
GHA,1877,0
GHA,1878,0
GHA,1879,0
GHA,1880,0
GHA,1881,0
GHA,1882,0
GHA,1883,0
GHA,1884,0
GHA,1885,0
GHA,1886,0
GHA,1887,0
GHA,1888,0
GHA,1889,0
GHA,1890,0
GHA,1891,0
GHA,1892,0
GHA,1893,0
GHA,1894,0
GHA,1895,0
GHA,1896,0
GHA,1897,0
GHA,1898,0
GHA,1899,0
GHA,1900,0
GHA,1901,0
GHA,1902,0
GHA,1903,0
GHA,1904,0
GHA,1905,0
GHA,1906,0
GHA,1907,0
GHA,1908,0
GHA,1909,0
GHA,1910,0
GHA,1911,0
GHA,1912,0
GHA,1913,0
GHA,1914,0
GHA,1915,0
GHA,1916,0
GHA,1917,0
GHA,1918,0
GHA,1919,0
GHA,1920,0
GHA,1921,0
GHA,1922,0
GHA,1923,0
GHA,1924,0
GHA,1925,0
GHA,1926,0
GHA,1927,0
GHA,1928,0
GHA,1929,0
GHA,1930,0
GHA,1931,0
GHA,1932,0
GHA,1933,0
GHA,1934,0
GHA,1935,0
GHA,1936,0
GHA,1937,0
GHA,1938,0
GHA,1939,0
GHA,1940,0
GHA,1941,0
GHA,1942,0
GHA,1943,0
GHA,1944,0
GHA,1945,0
GHA,1946,0
GHA,1947,0
GHA,1948,0
GHA,1949,0
GHA,1950,0.638
GHA,1951,0.876
GHA,1952,0.868
GHA,1953,1.019
GHA,1954,1.004
GHA,1955,1.187
GHA,1956,1.077
GHA,1957,1.293
GHA,1958,1.363
GHA,1959,1.323
GHA,1960,1.462
GHA,1961,1.345
GHA,1962,1.433
GHA,1963,1.722
GHA,1964,1.649
GHA,1965,1.704
GHA,1966,1.44
GHA,1967,1.495
GHA,1968,1.649
GHA,1969,1.488
GHA,1970,2.404
GHA,1971,2.03
GHA,1972,2.217
GHA,1973,2.257
GHA,1974,2.675
GHA,1975,2.411
GHA,1976,2.107
GHA,1977,2.696
GHA,1978,2.718
GHA,1979,2.521
GHA,1980,2.411
GHA,1981,2.847
GHA,1982,2.895
GHA,1983,3.51
GHA,1984,2.466
GHA,1985,3.144
GHA,1986,2.935
GHA,1987,3.147
GHA,1988,3.21
GHA,1989,3.059
GHA,1990,3.514
GHA,1991,3.902
GHA,1992,3.243
GHA,1993,3.818
GHA,1994,4.54
GHA,1995,4.624
GHA,1996,4.858
GHA,1997,5.514
GHA,1998,5.584
GHA,1999,5.613
GHA,2000,5.313
GHA,2001,5.969
GHA,2002,6.483
GHA,2003,6.685
GHA,2004,6.451
GHA,2005,6.113
GHA,2006,8.523
GHA,2007,8.982
GHA,2008,8.324
GHA,2009,6.868
GHA,2010,8.943
GHA,2011,10.329
GHA,2012,12.641
GHA,2013,12.61
GHA,2014,13.257
GHA,2015,14.568
GHA,2016,13.914
GHA,2017,12.437
GHA,2018,15.19
GHA,2019,16.415
GHA,2020,19.164
GHA,2021,20.556
GHA,2022,20.745
GHA,2023,20.136
GHA,2024,21.022
GIN,1750,0
GIN,1751,0
GIN,1752,0
GIN,1753,0
GIN,1754,0
GIN,1755,0
GIN,1756,0
GIN,1757,0
GIN,1758,0
GIN,1759,0
GIN,1760,0
GIN,1761,0
GIN,1762,0
GIN,1763,0
GIN,1764,0
GIN,1765,0
GIN,1766,0
GIN,1767,0
GIN,1768,0
GIN,1769,0
GIN,1770,0
GIN,1771,0
GIN,1772,0
GIN,1773,0
GIN,1774,0
GIN,1775,0
GIN,1776,0
GIN,1777,0
GIN,1778,0
GIN,1779,0
GIN,1780,0
GIN,1781,0
GIN,1782,0
GIN,1783,0
GIN,1784,0
GIN,1785,0
GIN,1786,0
GIN,1787,0
GIN,1788,0
GIN,1789,0
GIN,1790,0
GIN,1791,0
GIN,1792,0
GIN,1793,0
GIN,1794,0
GIN,1795,0
GIN,1796,0
GIN,1797,0
GIN,1798,0
GIN,1799,0
GIN,1800,0
GIN,1801,0
GIN,1802,0
GIN,1803,0
GIN,1804,0
GIN,1805,0
GIN,1806,0
GIN,1807,0
GIN,1808,0
GIN,1809,0
GIN,1810,0
GIN,1811,0
GIN,1812,0
GIN,1813,0
GIN,1814,0
GIN,1815,0
GIN,1816,0
GIN,1817,0
GIN,1818,0
GIN,1819,0
GIN,1820,0
GIN,1821,0
GIN,1822,0
GIN,1823,0
GIN,1824,0
GIN,1825,0
GIN,1826,0
GIN,1827,0
GIN,1828,0
GIN,1829,0
GIN,1830,0
GIN,1831,0
GIN,1832,0
GIN,1833,0
GIN,1834,0
GIN,1835,0
GIN,1836,0
GIN,1837,0
GIN,1838,0
GIN,1839,0
GIN,1840,0
GIN,1841,0
GIN,1842,0
GIN,1843,0
GIN,1844,0
GIN,1845,0
GIN,1846,0
GIN,1847,0
GIN,1848,0
GIN,1849,0
GIN,1850,0
GIN,1851,0
GIN,1852,0
GIN,1853,0
GIN,1854,0
GIN,1855,0
GIN,1856,0
GIN,1857,0
GIN,1858,0
GIN,1859,0
GIN,1860,0
GIN,1861,0
GIN,1862,0
GIN,1863,0
GIN,1864,0
GIN,1865,0
GIN,1866,0
GIN,1867,0
GIN,1868,0
GIN,1869,0
GIN,1870,0
GIN,1871,0
GIN,1872,0
GIN,1873,0
GIN,1874,0
GIN,1875,0
GIN,1876,0
GIN,1877,0
GIN,1878,0
GIN,1879,0
GIN,1880,0
GIN,1881,0
GIN,1882,0
GIN,1883,0
GIN,1884,0
GIN,1885,0
GIN,1886,0
GIN,1887,0
GIN,1888,0
GIN,1889,0
GIN,1890,0
GIN,1891,0
GIN,1892,0
GIN,1893,0
GIN,1894,0
GIN,1895,0
GIN,1896,0
GIN,1897,0
GIN,1898,0
GIN,1899,0
GIN,1900,0
GIN,1901,0
GIN,1902,0
GIN,1903,0
GIN,1904,0
GIN,1905,0
GIN,1906,0
GIN,1907,0
GIN,1908,0
GIN,1909,0
GIN,1910,0
GIN,1911,0
GIN,1912,0
GIN,1913,0
GIN,1914,0
GIN,1915,0
GIN,1916,0
GIN,1917,0
GIN,1918,0
GIN,1919,0
GIN,1920,0
GIN,1921,0
GIN,1922,0
GIN,1923,0
GIN,1924,0
GIN,1925,0
GIN,1926,0
GIN,1927,0
GIN,1928,0
GIN,1929,0
GIN,1930,0
GIN,1931,0
GIN,1932,0
GIN,1933,0
GIN,1934,0
GIN,1935,0
GIN,1936,0
GIN,1937,0
GIN,1938,0
GIN,1939,0
GIN,1940,0
GIN,1941,0
GIN,1942,0
GIN,1943,0
GIN,1944,0
GIN,1945,0
GIN,1946,0
GIN,1947,0
GIN,1948,0
GIN,1949,0
GIN,1950,0.182
GIN,1951,0.153
GIN,1952,0.171
GIN,1953,0.142
GIN,1954,0.167
GIN,1955,0.166
GIN,1956,0.193
GIN,1957,0.197
GIN,1958,0.165
GIN,1959,0.158
GIN,1960,0.41
GIN,1961,0.616
GIN,1962,0.66
GIN,1963,0.696
GIN,1964,0.7
GIN,1965,0.696
GIN,1966,0.718
GIN,1967,0.725
GIN,1968,0.747
GIN,1969,0.747
GIN,1970,0.791
GIN,1971,0.813
GIN,1972,0.832
GIN,1973,0.802
GIN,1974,0.839
GIN,1975,0.843
GIN,1976,0.887
GIN,1977,0.901
GIN,1978,0.901
GIN,1979,0.945
GIN,1980,0.964
GIN,1981,0.989
GIN,1982,0.982
GIN,1983,0.953
GIN,1984,0.978
GIN,1985,0.993
GIN,1986,0.997
GIN,1987,0.993
GIN,1988,1.026
GIN,1989,1.044
GIN,1990,0.967
GIN,1991,0.989
GIN,1992,1.015
GIN,1993,1.044
GIN,1994,1.085
GIN,1995,1.121
GIN,1996,1.183
GIN,1997,1.238
GIN,1998,1.312
GIN,1999,1.385
GIN,2000,1.444
GIN,2001,1.517
GIN,2002,1.579
GIN,2003,1.652
GIN,2004,1.722
GIN,2005,1.784
GIN,2006,1.847
GIN,2007,1.927
GIN,2008,1.964
GIN,2009,2.092
GIN,2010,2.459
GIN,2011,2.557
GIN,2012,2.393
GIN,2013,2.077
GIN,2014,2.371
GIN,2015,2.454
GIN,2016,2.7
GIN,2017,4.847
GIN,2018,3.77
GIN,2019,4.104
GIN,2020,4.43
GIN,2021,4.068
GIN,2022,4.052
GIN,2023,3.875
GIN,2024,4.026
GMB,1850,0
GMB,1851,0
GMB,1852,0
GMB,1853,0
GMB,1854,0
GMB,1855,0
GMB,1856,0
GMB,1857,0
GMB,1858,0
GMB,1859,0
GMB,1860,0
GMB,1861,0
GMB,1862,0
GMB,1863,0
GMB,1864,0
GMB,1865,0
GMB,1866,0
GMB,1867,0
GMB,1868,0
GMB,1869,0
GMB,1870,0
GMB,1871,0
GMB,1872,0
GMB,1873,0
GMB,1874,0
GMB,1875,0
GMB,1876,0
GMB,1877,0
GMB,1878,0
GMB,1879,0
GMB,1880,0
GMB,1881,0
GMB,1882,0
GMB,1883,0
GMB,1884,0
GMB,1885,0
GMB,1886,0
GMB,1887,0
GMB,1888,0
GMB,1889,0
GMB,1890,0
GMB,1891,0
GMB,1892,0
GMB,1893,0
GMB,1894,0
GMB,1895,0
GMB,1896,0
GMB,1897,0
GMB,1898,0
GMB,1899,0
GMB,1900,0
GMB,1901,0
GMB,1902,0
GMB,1903,0
GMB,1904,0
GMB,1905,0
GMB,1906,0
GMB,1907,0
GMB,1908,0
GMB,1909,0
GMB,1910,0
GMB,1911,0
GMB,1912,0
GMB,1913,0
GMB,1914,0
GMB,1915,0
GMB,1916,0
GMB,1917,0
GMB,1918,0
GMB,1919,0
GMB,1920,0
GMB,1921,0
GMB,1922,0
GMB,1923,0
GMB,1924,0
GMB,1925,0
GMB,1926,0
GMB,1927,0
GMB,1928,0
GMB,1929,0
GMB,1930,0
GMB,1931,0
GMB,1932,0
GMB,1933,0
GMB,1934,0
GMB,1935,0
GMB,1936,0
GMB,1937,0
GMB,1938,0
GMB,1939,0
GMB,1940,0
GMB,1941,0
GMB,1942,0
GMB,1943,0
GMB,1944,0
GMB,1945,0
GMB,1946,0
GMB,1947,0
GMB,1948,0
GMB,1949,0
GMB,1950,0.015
GMB,1951,0.015
GMB,1952,0.011
GMB,1953,0.011
GMB,1954,0.015
GMB,1955,0.015
GMB,1956,0.018
GMB,1957,0.022
GMB,1958,0.026
GMB,1959,0.018
GMB,1960,0.018
GMB,1961,0.022
GMB,1962,0.026
GMB,1963,0.029
GMB,1964,0.029
GMB,1965,0.029
GMB,1966,0.033
GMB,1967,0.033
GMB,1968,0.037
GMB,1969,0.048
GMB,1970,0.048
GMB,1971,0.055
GMB,1972,0.066
GMB,1973,0.062
GMB,1974,0.062
GMB,1975,0.099
GMB,1976,0.099
GMB,1977,0.114
GMB,1978,0.139
GMB,1979,0.147
GMB,1980,0.158
GMB,1981,0.158
GMB,1982,0.161
GMB,1983,0.161
GMB,1984,0.172
GMB,1985,0.172
GMB,1986,0.161
GMB,1987,0.18
GMB,1988,0.183
GMB,1989,0.18
GMB,1990,0.198
GMB,1991,0.198
GMB,1992,0.198
GMB,1993,0.209
GMB,1994,0.209
GMB,1995,0.216
GMB,1996,0.22
GMB,1997,0.224
GMB,1998,0.242
GMB,1999,0.275
GMB,2000,0.275
GMB,2001,0.3
GMB,2002,0.3
GMB,2003,0.3
GMB,2004,0.319
GMB,2005,0.319
GMB,2006,0.348
GMB,2007,0.348
GMB,2008,0.363
GMB,2009,0.374
GMB,2010,0.432
GMB,2011,0.443
GMB,2012,0.451
GMB,2013,0.429
GMB,2014,0.506
GMB,2015,0.583
GMB,2016,0.59
GMB,2017,0.597
GMB,2018,0.649
GMB,2019,0.711
GMB,2020,0.7
GMB,2021,0.725
GMB,2022,0.808
GMB,2023,0.773
GMB,2024,0.803
GNB,1850,0
GNB,1851,0
GNB,1852,0
GNB,1853,0
GNB,1854,0
GNB,1855,0
GNB,1856,0
GNB,1857,0
GNB,1858,0
GNB,1859,0
GNB,1860,0
GNB,1861,0
GNB,1862,0
GNB,1863,0
GNB,1864,0
GNB,1865,0
GNB,1866,0
GNB,1867,0
GNB,1868,0
GNB,1869,0
GNB,1870,0
GNB,1871,0
GNB,1872,0
GNB,1873,0
GNB,1874,0
GNB,1875,0
GNB,1876,0
GNB,1877,0
GNB,1878,0
GNB,1879,0
GNB,1880,0
GNB,1881,0
GNB,1882,0
GNB,1883,0
GNB,1884,0
GNB,1885,0
GNB,1886,0
GNB,1887,0
GNB,1888,0
GNB,1889,0
GNB,1890,0
GNB,1891,0
GNB,1892,0
GNB,1893,0
GNB,1894,0
GNB,1895,0
GNB,1896,0
GNB,1897,0
GNB,1898,0
GNB,1899,0
GNB,1900,0
GNB,1901,0
GNB,1902,0
GNB,1903,0
GNB,1904,0
GNB,1905,0
GNB,1906,0
GNB,1907,0
GNB,1908,0
GNB,1909,0
GNB,1910,0
GNB,1911,0
GNB,1912,0
GNB,1913,0
GNB,1914,0
GNB,1915,0
GNB,1916,0
GNB,1917,0
GNB,1918,0
GNB,1919,0
GNB,1920,0
GNB,1921,0
GNB,1922,0
GNB,1923,0
GNB,1924,0
GNB,1925,0
GNB,1926,0
GNB,1927,0
GNB,1928,0
GNB,1929,0
GNB,1930,0
GNB,1931,0
GNB,1932,0
GNB,1933,0
GNB,1934,0
GNB,1935,0
GNB,1936,0
GNB,1937,0
GNB,1938,0
GNB,1939,0
GNB,1940,0
GNB,1941,0
GNB,1942,0
GNB,1943,0
GNB,1944,0
GNB,1945,0
GNB,1946,0
GNB,1947,0
GNB,1948,0
GNB,1949,0
GNB,1950,0.007
GNB,1951,0.004
GNB,1952,0.011
GNB,1953,0.007
GNB,1954,0.007
GNB,1955,0.011
GNB,1956,0.011
GNB,1957,0.011
GNB,1958,0.011
GNB,1959,0.015
GNB,1960,0.018
GNB,1961,0.029
GNB,1962,0.04
GNB,1963,0.048
GNB,1964,0.059
GNB,1965,0.066
GNB,1966,0.066
GNB,1967,0.048
GNB,1968,0.062
GNB,1969,0.059
GNB,1970,0.07
GNB,1971,0.073
GNB,1972,0.066
GNB,1973,0.11
GNB,1974,0.103
GNB,1975,0.114
GNB,1976,0.095
GNB,1977,0.103
GNB,1978,0.103
GNB,1979,0.11
GNB,1980,0.147
GNB,1981,0.143
GNB,1982,0.143
GNB,1983,0.143
GNB,1984,0.161
GNB,1985,0.172
GNB,1986,0.183
GNB,1987,0.194
GNB,1988,0.216
GNB,1989,0.231
GNB,1990,0.095
GNB,1991,0.095
GNB,1992,0.095
GNB,1993,0.099
GNB,1994,0.099
GNB,1995,0.103
GNB,1996,0.099
GNB,1997,0.117
GNB,1998,0.088
GNB,1999,0.099
GNB,2000,0.051
GNB,2001,0.048
GNB,2002,0.062
GNB,2003,0.073
GNB,2004,0.044
GNB,2005,0.092
GNB,2006,0.117
GNB,2007,0.084
GNB,2008,0.117
GNB,2009,0.099
GNB,2010,0.103
GNB,2011,0.11
GNB,2012,0.114
GNB,2013,0.143
GNB,2014,0.143
GNB,2015,0.154
GNB,2016,0.169
GNB,2017,0.183
GNB,2018,0.198
GNB,2019,0.256
GNB,2020,0.311
GNB,2021,0.341
GNB,2022,0.344
GNB,2023,0.329
GNB,2024,0.342
GNQ,1850,0
GNQ,1851,0
GNQ,1852,0
GNQ,1853,0
GNQ,1854,0
GNQ,1855,0
GNQ,1856,0
GNQ,1857,0
GNQ,1858,0
GNQ,1859,0
GNQ,1860,0
GNQ,1861,0
GNQ,1862,0
GNQ,1863,0
GNQ,1864,0
GNQ,1865,0
GNQ,1866,0
GNQ,1867,0
GNQ,1868,0
GNQ,1869,0
GNQ,1870,0
GNQ,1871,0
GNQ,1872,0
GNQ,1873,0
GNQ,1874,0
GNQ,1875,0
GNQ,1876,0
GNQ,1877,0
GNQ,1878,0
GNQ,1879,0
GNQ,1880,0
GNQ,1881,0
GNQ,1882,0
GNQ,1883,0
GNQ,1884,0
GNQ,1885,0
GNQ,1886,0
GNQ,1887,0
GNQ,1888,0
GNQ,1889,0
GNQ,1890,0
GNQ,1891,0
GNQ,1892,0
GNQ,1893,0
GNQ,1894,0
GNQ,1895,0
GNQ,1896,0
GNQ,1897,0
GNQ,1898,0
GNQ,1899,0
GNQ,1900,0
GNQ,1901,0
GNQ,1902,0
GNQ,1903,0
GNQ,1904,0
GNQ,1905,0
GNQ,1906,0
GNQ,1907,0
GNQ,1908,0
GNQ,1909,0
GNQ,1910,0
GNQ,1911,0
GNQ,1912,0
GNQ,1913,0
GNQ,1914,0
GNQ,1915,0
GNQ,1916,0
GNQ,1917,0
GNQ,1918,0
GNQ,1919,0
GNQ,1920,0
GNQ,1921,0
GNQ,1922,0
GNQ,1923,0
GNQ,1924,0
GNQ,1925,0
GNQ,1926,0
GNQ,1927,0
GNQ,1928,0
GNQ,1929,0
GNQ,1930,0
GNQ,1931,0
GNQ,1932,0
GNQ,1933,0
GNQ,1934,0
GNQ,1935,0
GNQ,1936,0
GNQ,1937,0
GNQ,1938,0
GNQ,1939,0
GNQ,1940,0
GNQ,1941,0
GNQ,1942,0
GNQ,1943,0
GNQ,1944,0
GNQ,1945,0
GNQ,1946,0
GNQ,1947,0
GNQ,1948,0
GNQ,1949,0
GNQ,1950,0.011
GNQ,1951,0.011
GNQ,1952,0.011
GNQ,1953,0.011
GNQ,1954,0.029
GNQ,1955,0.037
GNQ,1956,0.037
GNQ,1957,0.033
GNQ,1958,0.048
GNQ,1959,0.048
GNQ,1960,0.022
GNQ,1961,0.022
GNQ,1962,0.022
GNQ,1963,0.026
GNQ,1964,0.026
GNQ,1965,0.029
GNQ,1966,0.026
GNQ,1967,0.026
GNQ,1968,0.029
GNQ,1969,0.044
GNQ,1970,0.037
GNQ,1971,0.066
GNQ,1972,0.088
GNQ,1973,0.029
GNQ,1974,0.051
GNQ,1975,0.062
GNQ,1976,0.062
GNQ,1977,0.062
GNQ,1978,0.07
GNQ,1979,0.062
GNQ,1980,0.059
GNQ,1981,0.07
GNQ,1982,0.073
GNQ,1983,0.062
GNQ,1984,0.081
GNQ,1985,0.066
GNQ,1986,0.081
GNQ,1987,0.099
GNQ,1988,0.106
GNQ,1989,0.117
GNQ,1990,0.062
GNQ,1991,0.066
GNQ,1992,0.066
GNQ,1993,0.07
GNQ,1994,1.149
GNQ,1995,1.223
GNQ,1996,1.359
GNQ,1997,1.975
GNQ,1998,2.295
GNQ,1999,2.511
GNQ,2000,2.699
GNQ,2001,3.091
GNQ,2002,2.765
GNQ,2003,3.13
GNQ,2004,6.137
GNQ,2005,6.206
GNQ,2006,6.172
GNQ,2007,5.711
GNQ,2008,5.926
GNQ,2009,4.883
GNQ,2010,6.377
GNQ,2011,6.067
GNQ,2012,6.875
GNQ,2013,8.168
GNQ,2014,7.641
GNQ,2015,7.01
GNQ,2016,7.538
GNQ,2017,6.816
GNQ,2018,7.034
GNQ,2019,5.514
GNQ,2020,6.39
GNQ,2021,7.088
GNQ,2022,7.497
GNQ,2023,6.913
GNQ,2024,7.01
GRC,1850,0
GRC,1851,0
GRC,1852,0
GRC,1853,0
GRC,1854,0
GRC,1855,0
GRC,1856,0
GRC,1857,0
GRC,1858,0
GRC,1859,0
GRC,1860,0
GRC,1861,0
GRC,1862,0
GRC,1863,0
GRC,1864,0
GRC,1865,0
GRC,1866,0
GRC,1867,0.169
GRC,1868,0.084
GRC,1869,0.194
GRC,1870,0.202
GRC,1871,0.297
GRC,1872,0.176
GRC,1873,0.194
GRC,1874,0.15
GRC,1875,0.165
GRC,1876,0
GRC,1877,0
GRC,1878,0
GRC,1879,0.004
GRC,1880,0
GRC,1881,0
GRC,1882,0
GRC,1883,0.004
GRC,1884,0
GRC,1885,0
GRC,1886,0
GRC,1887,0
GRC,1888,0.004
GRC,1889,0
GRC,1890,0
GRC,1891,0
GRC,1892,0.37
GRC,1893,0.326
GRC,1894,0.333
GRC,1895,0.311
GRC,1896,0.374
GRC,1897,0.363
GRC,1898,0.462
GRC,1899,0.242
GRC,1900,0.418
GRC,1901,0.418
GRC,1902,0.333
GRC,1903,0.399
GRC,1904,0.355
GRC,1905,0.278
GRC,1906,0.26
GRC,1907,0.429
GRC,1908,0.729
GRC,1909,0.561
GRC,1910,0.718
GRC,1911,0.905
GRC,1912,0
GRC,1913,1.337
GRC,1914,0.011
GRC,1915,0.022
GRC,1916,0.066
GRC,1917,0.092
GRC,1918,0.125
GRC,1919,0.106
GRC,1920,0.678
GRC,1921,0.744
GRC,1922,0.678
GRC,1923,0.92
GRC,1924,1.297
GRC,1925,1.979
GRC,1926,1.821
GRC,1927,2.316
GRC,1928,2.374
GRC,1929,2.703
GRC,1930,2.854
GRC,1931,2.729
GRC,1932,2.681
GRC,1933,2.3
GRC,1934,2.831
GRC,1935,2.912
GRC,1936,3.366
GRC,1937,3.586
GRC,1938,2.842
GRC,1939,0.251
GRC,1940,0.237
GRC,1941,0.135
GRC,1942,0.227
GRC,1943,0.213
GRC,1944,0.11
GRC,1945,0.066
GRC,1946,0.124
GRC,1947,0.168
GRC,1948,1.351
GRC,1949,1.64
GRC,1950,4.128
GRC,1951,4.575
GRC,1952,4.797
GRC,1953,4.885
GRC,1954,5.082
GRC,1955,5.953
GRC,1956,6.286
GRC,1957,6.814
GRC,1958,7.447
GRC,1959,8.121
GRC,1960,9.392
GRC,1961,9.808
GRC,1962,10.152
GRC,1963,12.239
GRC,1964,13.202
GRC,1965,16.999
GRC,1966,18.621
GRC,1967,19.504
GRC,1968,22.286
GRC,1969,25.434
GRC,1970,24.126
GRC,1971,27.75
GRC,1972,31.477
GRC,1973,37.131
GRC,1974,36.062
GRC,1975,38.67
GRC,1976,42.656
GRC,1977,46.657
GRC,1978,47.682
GRC,1979,50.819
GRC,1980,50.889
GRC,1981,50.125
GRC,1982,51.509
GRC,1983,54.789
GRC,1984,56.285
GRC,1985,59.772
GRC,1986,58.275
GRC,1987,62.576
GRC,1988,67.052
GRC,1989,73.227
GRC,1990,83.437
GRC,1991,83.406
GRC,1992,84.974
GRC,1993,84.283
GRC,1994,86.429
GRC,1995,86.962
GRC,1996,89.114
GRC,1997,93.801
GRC,1998,98.621
GRC,1999,97.934
GRC,2000,102.973
GRC,2001,105.361
GRC,2002,105
GRC,2003,109.067
GRC,2004,109.485
GRC,2005,113.889
GRC,2006,112.419
GRC,2007,114.545
GRC,2008,111.08
GRC,2009,104.319
GRC,2010,97.354
GRC,2011,94.505
GRC,2012,91.393
GRC,2013,81.713
GRC,2014,78.636
GRC,2015,74.927
GRC,2016,71.36
GRC,2017,74.842
GRC,2018,71.778
GRC,2019,65.736
GRC,2020,55.577
GRC,2021,57.528
GRC,2022,57.609
GRC,2023,51.988
GRC,2024,53.361
GRD,1850,0
GRD,1851,0
GRD,1852,0
GRD,1853,0
GRD,1854,0
GRD,1855,0
GRD,1856,0
GRD,1857,0
GRD,1858,0
GRD,1859,0
GRD,1860,0
GRD,1861,0
GRD,1862,0
GRD,1863,0
GRD,1864,0
GRD,1865,0
GRD,1866,0
GRD,1867,0
GRD,1868,0
GRD,1869,0
GRD,1870,0
GRD,1871,0
GRD,1872,0
GRD,1873,0
GRD,1874,0
GRD,1875,0
GRD,1876,0
GRD,1877,0
GRD,1878,0
GRD,1879,0
GRD,1880,0
GRD,1881,0
GRD,1882,0
GRD,1883,0
GRD,1884,0
GRD,1885,0
GRD,1886,0
GRD,1887,0
GRD,1888,0
GRD,1889,0
GRD,1890,0
GRD,1891,0
GRD,1892,0
GRD,1893,0
GRD,1894,0
GRD,1895,0
GRD,1896,0
GRD,1897,0
GRD,1898,0
GRD,1899,0
GRD,1900,0
GRD,1901,0
GRD,1902,0
GRD,1903,0
GRD,1904,0
GRD,1905,0
GRD,1906,0
GRD,1907,0
GRD,1908,0
GRD,1909,0
GRD,1910,0
GRD,1911,0
GRD,1912,0
GRD,1913,0
GRD,1914,0
GRD,1915,0
GRD,1916,0
GRD,1917,0
GRD,1918,0
GRD,1919,0
GRD,1920,0
GRD,1921,0
GRD,1922,0
GRD,1923,0
GRD,1924,0
GRD,1925,0
GRD,1926,0
GRD,1927,0
GRD,1928,0
GRD,1929,0
GRD,1930,0
GRD,1931,0
GRD,1932,0
GRD,1933,0
GRD,1934,0
GRD,1935,0
GRD,1936,0
GRD,1937,0
GRD,1938,0
GRD,1939,0
GRD,1940,0
GRD,1941,0
GRD,1942,0
GRD,1943,0
GRD,1944,0
GRD,1945,0
GRD,1946,0
GRD,1947,0
GRD,1948,0
GRD,1949,0
GRD,1950,0.007
GRD,1951,0.011
GRD,1952,0.011
GRD,1953,0.011
GRD,1954,0.011
GRD,1955,0.011
GRD,1956,0.011
GRD,1957,0.011
GRD,1958,0.015
GRD,1959,0.015
GRD,1960,0.022
GRD,1961,0.018
GRD,1962,0.026
GRD,1963,0.015
GRD,1964,0.022
GRD,1965,0.022
GRD,1966,0.029
GRD,1967,0.037
GRD,1968,0.04
GRD,1969,0.048
GRD,1970,0.044
GRD,1971,0.048
GRD,1972,0.048
GRD,1973,0.055
GRD,1974,0.037
GRD,1975,0.048
GRD,1976,0.048
GRD,1977,0.048
GRD,1978,0.051
GRD,1979,0.048
GRD,1980,0.048
GRD,1981,0.059
GRD,1982,0.062
GRD,1983,0.062
GRD,1984,0.062
GRD,1985,0.062
GRD,1986,0.066
GRD,1987,0.073
GRD,1988,0.095
GRD,1989,0.099
GRD,1990,0.106
GRD,1991,0.11
GRD,1992,0.117
GRD,1993,0.125
GRD,1994,0.143
GRD,1995,0.15
GRD,1996,0.154
GRD,1997,0.169
GRD,1998,0.176
GRD,1999,0.191
GRD,2000,0.187
GRD,2001,0.194
GRD,2002,0.202
GRD,2003,0.213
GRD,2004,0.205
GRD,2005,0.216
GRD,2006,0.224
GRD,2007,0.238
GRD,2008,0.26
GRD,2009,0.249
GRD,2010,0.256
GRD,2011,0.249
GRD,2012,0.267
GRD,2013,0.3
GRD,2014,0.242
GRD,2015,0.26
GRD,2016,0.275
GRD,2017,0.293
GRD,2018,0.308
GRD,2019,0.333
GRD,2020,0.289
GRD,2021,0.311
GRD,2022,0.342
GRD,2023,0.363
GRD,2024,0.377
GRL,1750,0
GRL,1751,0
GRL,1752,0
GRL,1753,0
GRL,1754,0
GRL,1755,0
GRL,1756,0
GRL,1757,0
GRL,1758,0
GRL,1759,0
GRL,1760,0
GRL,1761,0
GRL,1762,0
GRL,1763,0
GRL,1764,0
GRL,1765,0
GRL,1766,0
GRL,1767,0
GRL,1768,0
GRL,1769,0
GRL,1770,0
GRL,1771,0
GRL,1772,0
GRL,1773,0
GRL,1774,0
GRL,1775,0
GRL,1776,0
GRL,1777,0
GRL,1778,0
GRL,1779,0
GRL,1780,0
GRL,1781,0
GRL,1782,0
GRL,1783,0
GRL,1784,0
GRL,1785,0
GRL,1786,0
GRL,1787,0
GRL,1788,0
GRL,1789,0
GRL,1790,0
GRL,1791,0
GRL,1792,0
GRL,1793,0
GRL,1794,0
GRL,1795,0
GRL,1796,0
GRL,1797,0
GRL,1798,0
GRL,1799,0
GRL,1800,0
GRL,1801,0
GRL,1802,0
GRL,1803,0
GRL,1804,0
GRL,1805,0
GRL,1806,0
GRL,1807,0
GRL,1808,0
GRL,1809,0
GRL,1810,0
GRL,1811,0
GRL,1812,0
GRL,1813,0
GRL,1814,0
GRL,1815,0
GRL,1816,0
GRL,1817,0
GRL,1818,0
GRL,1819,0
GRL,1820,0
GRL,1821,0
GRL,1822,0
GRL,1823,0
GRL,1824,0
GRL,1825,0
GRL,1826,0
GRL,1827,0
GRL,1828,0
GRL,1829,0
GRL,1830,0
GRL,1831,0
GRL,1832,0
GRL,1833,0
GRL,1834,0
GRL,1835,0
GRL,1836,0
GRL,1837,0
GRL,1838,0
GRL,1839,0
GRL,1840,0
GRL,1841,0
GRL,1842,0
GRL,1843,0
GRL,1844,0
GRL,1845,0
GRL,1846,0
GRL,1847,0
GRL,1848,0
GRL,1849,0
GRL,1850,0
GRL,1851,0
GRL,1852,0
GRL,1853,0
GRL,1854,0
GRL,1855,0
GRL,1856,0
GRL,1857,0
GRL,1858,0
GRL,1859,0
GRL,1860,0
GRL,1861,0
GRL,1862,0
GRL,1863,0
GRL,1864,0
GRL,1865,0
GRL,1866,0
GRL,1867,0
GRL,1868,0
GRL,1869,0
GRL,1870,0
GRL,1871,0
GRL,1872,0
GRL,1873,0
GRL,1874,0
GRL,1875,0
GRL,1876,0
GRL,1877,0
GRL,1878,0
GRL,1879,0
GRL,1880,0
GRL,1881,0
GRL,1882,0
GRL,1883,0
GRL,1884,0
GRL,1885,0
GRL,1886,0
GRL,1887,0
GRL,1888,0
GRL,1889,0
GRL,1890,0
GRL,1891,0
GRL,1892,0
GRL,1893,0
GRL,1894,0
GRL,1895,0
GRL,1896,0
GRL,1897,0
GRL,1898,0
GRL,1899,0
GRL,1900,0
GRL,1901,0
GRL,1902,0
GRL,1903,0
GRL,1904,0
GRL,1905,0
GRL,1906,0
GRL,1907,0
GRL,1908,0
GRL,1909,0
GRL,1910,0
GRL,1911,0
GRL,1912,0
GRL,1913,0
GRL,1914,0
GRL,1915,0
GRL,1916,0
GRL,1917,0
GRL,1918,0
GRL,1919,0
GRL,1920,0
GRL,1921,0
GRL,1922,0
GRL,1923,0
GRL,1924,0
GRL,1925,0
GRL,1926,0
GRL,1927,0
GRL,1928,0
GRL,1929,0
GRL,1930,0
GRL,1931,0
GRL,1932,0
GRL,1933,0
GRL,1934,0
GRL,1935,0
GRL,1936,0
GRL,1937,0
GRL,1938,0
GRL,1939,0
GRL,1940,0
GRL,1941,0
GRL,1942,0
GRL,1943,0
GRL,1944,0
GRL,1945,0
GRL,1946,0
GRL,1947,0
GRL,1948,0
GRL,1949,0
GRL,1950,0.099
GRL,1951,0.099
GRL,1952,0.106
GRL,1953,0.121
GRL,1954,0.103
GRL,1955,0.209
GRL,1956,0.143
GRL,1957,0.161
GRL,1958,0.227
GRL,1959,0.234
GRL,1960,0.224
GRL,1961,0.293
GRL,1962,0.264
GRL,1963,0.33
GRL,1964,0.315
GRL,1965,0.344
GRL,1966,0.388
GRL,1967,0.418
GRL,1968,0.542
GRL,1969,0.407
GRL,1970,0.381
GRL,1971,0.469
GRL,1972,0.553
GRL,1973,0.557
GRL,1974,0.557
GRL,1975,0.506
GRL,1976,0.22
GRL,1977,0.722
GRL,1978,0.392
GRL,1979,0.572
GRL,1980,0.564
GRL,1981,0.528
GRL,1982,0.517
GRL,1983,0.363
GRL,1984,0.568
GRL,1985,0.509
GRL,1986,0.326
GRL,1987,0.234
GRL,1988,0.546
GRL,1989,0.473
GRL,1990,0.624
GRL,1991,0.609
GRL,1992,0.595
GRL,1993,0.545
GRL,1994,0.495
GRL,1995,0.534
GRL,1996,0.596
GRL,1997,0.617
GRL,1998,0.596
GRL,1999,0.594
GRL,2000,0.667
GRL,2001,0.618
GRL,2002,0.579
GRL,2003,0.649
GRL,2004,0.623
GRL,2005,0.627
GRL,2006,0.644
GRL,2007,0.635
GRL,2008,0.654
GRL,2009,0.577
GRL,2010,0.661
GRL,2011,0.705
GRL,2012,0.547
GRL,2013,0.562
GRL,2014,0.503
GRL,2015,0.548
GRL,2016,0.509
GRL,2017,0.536
GRL,2018,0.524
GRL,2019,0.526
GRL,2020,0.55
GRL,2021,0.546
GRL,2022,0.587
GRL,2023,0.609
GRL,2024,0.619
GTM,1750,0
GTM,1751,0
GTM,1752,0
GTM,1753,0
GTM,1754,0
GTM,1755,0
GTM,1756,0
GTM,1757,0
GTM,1758,0
GTM,1759,0
GTM,1760,0
GTM,1761,0
GTM,1762,0
GTM,1763,0
GTM,1764,0
GTM,1765,0
GTM,1766,0
GTM,1767,0
GTM,1768,0
GTM,1769,0
GTM,1770,0
GTM,1771,0
GTM,1772,0
GTM,1773,0
GTM,1774,0
GTM,1775,0
GTM,1776,0
GTM,1777,0
GTM,1778,0
GTM,1779,0
GTM,1780,0
GTM,1781,0
GTM,1782,0
GTM,1783,0
GTM,1784,0
GTM,1785,0
GTM,1786,0
GTM,1787,0
GTM,1788,0
GTM,1789,0
GTM,1790,0
GTM,1791,0
GTM,1792,0
GTM,1793,0
GTM,1794,0
GTM,1795,0
GTM,1796,0
GTM,1797,0
GTM,1798,0
GTM,1799,0
GTM,1800,0
GTM,1801,0
GTM,1802,0
GTM,1803,0
GTM,1804,0
GTM,1805,0
GTM,1806,0
GTM,1807,0
GTM,1808,0
GTM,1809,0
GTM,1810,0
GTM,1811,0
GTM,1812,0
GTM,1813,0
GTM,1814,0
GTM,1815,0
GTM,1816,0
GTM,1817,0
GTM,1818,0
GTM,1819,0
GTM,1820,0
GTM,1821,0
GTM,1822,0
GTM,1823,0
GTM,1824,0
GTM,1825,0
GTM,1826,0
GTM,1827,0
GTM,1828,0
GTM,1829,0
GTM,1830,0
GTM,1831,0
GTM,1832,0
GTM,1833,0
GTM,1834,0
GTM,1835,0
GTM,1836,0
GTM,1837,0
GTM,1838,0
GTM,1839,0
GTM,1840,0
GTM,1841,0
GTM,1842,0
GTM,1843,0
GTM,1844,0
GTM,1845,0
GTM,1846,0
GTM,1847,0
GTM,1848,0
GTM,1849,0
GTM,1850,0
GTM,1851,0
GTM,1852,0
GTM,1853,0
GTM,1854,0
GTM,1855,0
GTM,1856,0
GTM,1857,0
GTM,1858,0
GTM,1859,0
GTM,1860,0
GTM,1861,0
GTM,1862,0
GTM,1863,0
GTM,1864,0
GTM,1865,0
GTM,1866,0
GTM,1867,0
GTM,1868,0
GTM,1869,0
GTM,1870,0
GTM,1871,0
GTM,1872,0
GTM,1873,0
GTM,1874,0
GTM,1875,0
GTM,1876,0
GTM,1877,0
GTM,1878,0
GTM,1879,0
GTM,1880,0
GTM,1881,0
GTM,1882,0
GTM,1883,0
GTM,1884,0
GTM,1885,0
GTM,1886,0
GTM,1887,0
GTM,1888,0
GTM,1889,0
GTM,1890,0
GTM,1891,0
GTM,1892,0.001
GTM,1893,0.001
GTM,1894,0.002
GTM,1895,0.012
GTM,1896,0.01
GTM,1897,0.014
GTM,1898,0.003
GTM,1899,0.003
GTM,1900,0.005
GTM,1901,0.007
GTM,1902,0.013
GTM,1903,0.017
GTM,1904,0.025
GTM,1905,0.034
GTM,1906,0.039
GTM,1907,0.035
GTM,1908,0.028
GTM,1909,0.03
GTM,1910,0.036
GTM,1911,0.041
GTM,1912,0.045
GTM,1913,0.044
GTM,1914,0.041
GTM,1915,0.047
GTM,1916,0.029
GTM,1917,0.003
GTM,1918,0.001
GTM,1919,0.01
GTM,1920,0.005
GTM,1921,0.007
GTM,1922,0.002
GTM,1923,0.001
GTM,1924,0.002
GTM,1925,0
GTM,1926,0
GTM,1927,0
GTM,1928,0.001
GTM,1929,0.002
GTM,1930,0.001
GTM,1931,0.001
GTM,1932,0.001
GTM,1933,0.002
GTM,1934,0.002
GTM,1935,0
GTM,1936,0.002
GTM,1937,0.002
GTM,1938,0.001
GTM,1939,0.002
GTM,1940,0.001
GTM,1941,0.012
GTM,1942,0.011
GTM,1943,0.012
GTM,1944,0.012
GTM,1945,0.015
GTM,1946,0.015
GTM,1947,0.015
GTM,1948,0.016
GTM,1949,0.02
GTM,1950,0.622
GTM,1951,0.637
GTM,1952,0.645
GTM,1953,0.681
GTM,1954,0.744
GTM,1955,0.916
GTM,1956,0.978
GTM,1957,0.985
GTM,1958,1.128
GTM,1959,1.238
GTM,1960,1.344
GTM,1961,1.406
GTM,1962,1.381
GTM,1963,1.52
GTM,1964,1.769
GTM,1965,1.974
GTM,1966,1.74
GTM,1967,1.981
GTM,1968,2.139
GTM,1969,2.278
GTM,1970,2.296
GTM,1971,2.439
GTM,1972,2.707
GTM,1973,2.934
GTM,1974,3.066
GTM,1975,3.52
GTM,1976,3.305
GTM,1977,3.804
GTM,1978,4.116
GTM,1979,4.677
GTM,1980,4.491
GTM,1981,3.948
GTM,1982,3.605
GTM,1983,3.158
GTM,1984,3.399
GTM,1985,3.495
GTM,1986,3.662
GTM,1987,3.912
GTM,1988,4.071
GTM,1989,4.183
GTM,1990,4.658
GTM,1991,4.756
GTM,1992,5.791
GTM,1993,5.572
GTM,1994,6.639
GTM,1995,7.085
GTM,1996,6.54
GTM,1997,7.46
GTM,1998,8.62
GTM,1999,8.874
GTM,2000,9.742
GTM,2001,10.147
GTM,2002,10.694
GTM,2003,10.411
GTM,2004,11.056
GTM,2005,12.038
GTM,2006,12.176
GTM,2007,12.117
GTM,2008,10.735
GTM,2009,11.725
GTM,2010,10.817
GTM,2011,10.979
GTM,2012,11.347
GTM,2013,12.493
GTM,2014,13.425
GTM,2015,15.449
GTM,2016,16.524
GTM,2017,16.993
GTM,2018,18.338
GTM,2019,19.259
GTM,2020,17.157
GTM,2021,19.984
GTM,2022,18.913
GTM,2023,19.736
GTM,2024,19.88
GUY,1850,0
GUY,1851,0
GUY,1852,0
GUY,1853,0
GUY,1854,0
GUY,1855,0
GUY,1856,0
GUY,1857,0
GUY,1858,0
GUY,1859,0
GUY,1860,0
GUY,1861,0
GUY,1862,0
GUY,1863,0
GUY,1864,0
GUY,1865,0
GUY,1866,0
GUY,1867,0
GUY,1868,0
GUY,1869,0
GUY,1870,0
GUY,1871,0
GUY,1872,0
GUY,1873,0
GUY,1874,0
GUY,1875,0
GUY,1876,0
GUY,1877,0
GUY,1878,0
GUY,1879,0
GUY,1880,0
GUY,1881,0
GUY,1882,0
GUY,1883,0
GUY,1884,0
GUY,1885,0
GUY,1886,0
GUY,1887,0
GUY,1888,0
GUY,1889,0
GUY,1890,0
GUY,1891,0
GUY,1892,0
GUY,1893,0
GUY,1894,0
GUY,1895,0
GUY,1896,0
GUY,1897,0
GUY,1898,0
GUY,1899,0
GUY,1900,0
GUY,1901,0
GUY,1902,0
GUY,1903,0
GUY,1904,0
GUY,1905,0
GUY,1906,0
GUY,1907,0
GUY,1908,0
GUY,1909,0
GUY,1910,0
GUY,1911,0
GUY,1912,0
GUY,1913,0
GUY,1914,0
GUY,1915,0
GUY,1916,0
GUY,1917,0
GUY,1918,0
GUY,1919,0
GUY,1920,0
GUY,1921,0
GUY,1922,0
GUY,1923,0
GUY,1924,0
GUY,1925,0
GUY,1926,0
GUY,1927,0
GUY,1928,0
GUY,1929,0
GUY,1930,0
GUY,1931,0
GUY,1932,0
GUY,1933,0
GUY,1934,0
GUY,1935,0
GUY,1936,0
GUY,1937,0
GUY,1938,0
GUY,1939,0
GUY,1940,0
GUY,1941,0
GUY,1942,0
GUY,1943,0
GUY,1944,0
GUY,1945,0
GUY,1946,0
GUY,1947,0
GUY,1948,0
GUY,1949,0
GUY,1950,0.26
GUY,1951,0.286
GUY,1952,0.337
GUY,1953,0.451
GUY,1954,0.473
GUY,1955,0.517
GUY,1956,0.55
GUY,1957,0.535
GUY,1958,0.458
GUY,1959,0.553
GUY,1960,0.66
GUY,1961,0.736
GUY,1962,0.678
GUY,1963,0.616
GUY,1964,0.649
GUY,1965,1.077
GUY,1966,1.18
GUY,1967,1.323
GUY,1968,1.33
GUY,1969,1.367
GUY,1970,1.579
GUY,1971,1.499
GUY,1972,1.561
GUY,1973,1.803
GUY,1974,1.554
GUY,1975,1.825
GUY,1976,1.751
GUY,1977,1.898
GUY,1978,2.056
GUY,1979,1.521
GUY,1980,1.788
GUY,1981,1.799
GUY,1982,1.403
GUY,1983,1.246
GUY,1984,1.403
GUY,1985,1.418
GUY,1986,1.044
GUY,1987,1.308
GUY,1988,1.403
GUY,1989,1.183
GUY,1990,1.129
GUY,1991,1.107
GUY,1992,1.041
GUY,1993,1.044
GUY,1994,1.458
GUY,1995,1.565
GUY,1996,1.656
GUY,1997,1.806
GUY,1998,1.828
GUY,1999,1.836
GUY,2000,1.748
GUY,2001,1.74
GUY,2002,1.711
GUY,2003,1.869
GUY,2004,1.927
GUY,2005,1.616
GUY,2006,1.51
GUY,2007,1.781
GUY,2008,1.704
GUY,2009,1.905
GUY,2010,1.883
GUY,2011,1.957
GUY,2012,1.957
GUY,2013,1.902
GUY,2014,1.975
GUY,2015,1.964
GUY,2016,2.209
GUY,2017,2.158
GUY,2018,2.319
GUY,2019,2.645
GUY,2020,3.1
GUY,2021,2.933
GUY,2022,4.397
GUY,2023,4.379
GUY,2024,4.51
HKG,1850,0
HKG,1851,0
HKG,1852,0
HKG,1853,0
HKG,1854,0
HKG,1855,0
HKG,1856,0
HKG,1857,0
HKG,1858,0
HKG,1859,0
HKG,1860,0
HKG,1861,0
HKG,1862,0
HKG,1863,0
HKG,1864,0
HKG,1865,0
HKG,1866,0
HKG,1867,0
HKG,1868,0
HKG,1869,0
HKG,1870,0
HKG,1871,0
HKG,1872,0
HKG,1873,0
HKG,1874,0
HKG,1875,0
HKG,1876,0
HKG,1877,0
HKG,1878,0
HKG,1879,0
HKG,1880,0
HKG,1881,0
HKG,1882,0
HKG,1883,0
HKG,1884,0
HKG,1885,0
HKG,1886,0
HKG,1887,0
HKG,1888,0
HKG,1889,0
HKG,1890,0
HKG,1891,0
HKG,1892,0
HKG,1893,0
HKG,1894,0
HKG,1895,0
HKG,1896,0
HKG,1897,0
HKG,1898,0
HKG,1899,0
HKG,1900,0
HKG,1901,0
HKG,1902,0
HKG,1903,0
HKG,1904,0
HKG,1905,0
HKG,1906,0
HKG,1907,0
HKG,1908,0
HKG,1909,0
HKG,1910,0
HKG,1911,0
HKG,1912,0
HKG,1913,0
HKG,1914,0
HKG,1915,0
HKG,1916,0
HKG,1917,0
HKG,1918,0
HKG,1919,0
HKG,1920,0
HKG,1921,0
HKG,1922,0
HKG,1923,0
HKG,1924,0
HKG,1925,0
HKG,1926,0
HKG,1927,0
HKG,1928,0
HKG,1929,0
HKG,1930,0
HKG,1931,0
HKG,1932,0
HKG,1933,0
HKG,1934,0
HKG,1935,0
HKG,1936,0
HKG,1937,0
HKG,1938,0.055
HKG,1939,0.055
HKG,1940,0
HKG,1941,0.055
HKG,1942,0
HKG,1943,0
HKG,1944,0
HKG,1945,0
HKG,1946,0
HKG,1947,0.018
HKG,1948,0.025
HKG,1949,0.029
HKG,1950,1.319
HKG,1951,1.557
HKG,1952,1.535
HKG,1953,1.729
HKG,1954,1.799
HKG,1955,1.879
HKG,1956,2.121
HKG,1957,2.363
HKG,1958,2.374
HKG,1959,2.703
HKG,1960,2.953
HKG,1961,3.37
HKG,1962,3.681
HKG,1963,4.246
HKG,1964,4.22
HKG,1965,4.803
HKG,1966,5.162
HKG,1967,6.052
HKG,1968,6.198
HKG,1969,7.752
HKG,1970,8.392
HKG,1971,9.151
HKG,1972,9.276
HKG,1973,9.286
HKG,1974,10.667
HKG,1975,11.008
HKG,1976,12.49
HKG,1977,14.204
HKG,1978,15.714
HKG,1979,15.838
HKG,1980,16.6
HKG,1981,18.617
HKG,1982,19.623
HKG,1983,20.912
HKG,1984,22.225
HKG,1985,22.881
HKG,1986,25.526
HKG,1987,28.086
HKG,1988,29.285
HKG,1989,30.141
HKG,1990,27.148
HKG,1991,28.463
HKG,1992,32.922
HKG,1993,34.778
HKG,1994,31.079
HKG,1995,31.271
HKG,1996,28.909
HKG,1997,30.497
HKG,1998,38.925
HKG,1999,42.549
HKG,2000,39.765
HKG,2001,37.289
HKG,2002,39.003
HKG,2003,42.733
HKG,2004,41.158
HKG,2005,43.334
HKG,2006,41.915
HKG,2007,43.572
HKG,2008,42.794
HKG,2009,41.583
HKG,2010,40.063
HKG,2011,43.15
HKG,2012,42.738
HKG,2013,44.31
HKG,2014,45.492
HKG,2015,42.404
HKG,2016,43.366
HKG,2017,42.431
HKG,2018,42.597
HKG,2019,41.897
HKG,2020,33.513
HKG,2021,33.637
HKG,2022,30.764
HKG,2023,32.957
HKG,2024,33.324
HND,1750,0
HND,1751,0
HND,1752,0
HND,1753,0
HND,1754,0
HND,1755,0
HND,1756,0
HND,1757,0
HND,1758,0
HND,1759,0
HND,1760,0
HND,1761,0
HND,1762,0
HND,1763,0
HND,1764,0
HND,1765,0
HND,1766,0
HND,1767,0
HND,1768,0
HND,1769,0
HND,1770,0
HND,1771,0
HND,1772,0
HND,1773,0
HND,1774,0
HND,1775,0
HND,1776,0
HND,1777,0
HND,1778,0
HND,1779,0
HND,1780,0
HND,1781,0
HND,1782,0
HND,1783,0
HND,1784,0
HND,1785,0
HND,1786,0
HND,1787,0
HND,1788,0
HND,1789,0
HND,1790,0
HND,1791,0
HND,1792,0
HND,1793,0
HND,1794,0
HND,1795,0
HND,1796,0
HND,1797,0
HND,1798,0
HND,1799,0
HND,1800,0
HND,1801,0
HND,1802,0
HND,1803,0
HND,1804,0
HND,1805,0
HND,1806,0
HND,1807,0
HND,1808,0
HND,1809,0
HND,1810,0
HND,1811,0
HND,1812,0
HND,1813,0
HND,1814,0
HND,1815,0
HND,1816,0
HND,1817,0
HND,1818,0
HND,1819,0
HND,1820,0
HND,1821,0
HND,1822,0
HND,1823,0
HND,1824,0
HND,1825,0
HND,1826,0
HND,1827,0
HND,1828,0
HND,1829,0
HND,1830,0
HND,1831,0
HND,1832,0
HND,1833,0
HND,1834,0
HND,1835,0
HND,1836,0
HND,1837,0
HND,1838,0
HND,1839,0
HND,1840,0
HND,1841,0
HND,1842,0
HND,1843,0
HND,1844,0
HND,1845,0
HND,1846,0
HND,1847,0
HND,1848,0
HND,1849,0
HND,1850,0
HND,1851,0
HND,1852,0
HND,1853,0
HND,1854,0
HND,1855,0
HND,1856,0
HND,1857,0
HND,1858,0
HND,1859,0
HND,1860,0
HND,1861,0
HND,1862,0
HND,1863,0
HND,1864,0
HND,1865,0
HND,1866,0
HND,1867,0
HND,1868,0
HND,1869,0
HND,1870,0
HND,1871,0
HND,1872,0
HND,1873,0
HND,1874,0
HND,1875,0
HND,1876,0
HND,1877,0
HND,1878,0
HND,1879,0
HND,1880,0
HND,1881,0
HND,1882,0
HND,1883,0
HND,1884,0
HND,1885,0
HND,1886,0
HND,1887,0
HND,1888,0
HND,1889,0
HND,1890,0
HND,1891,0
HND,1892,0
HND,1893,0
HND,1894,0
HND,1895,0
HND,1896,0
HND,1897,0
HND,1898,0.001
HND,1899,0.003
HND,1900,0.003
HND,1901,0.003
HND,1902,0.004
HND,1903,0.003
HND,1904,0.005
HND,1905,0.005
HND,1906,0.003
HND,1907,0.005
HND,1908,0.007
HND,1909,0.008
HND,1910,0.01
HND,1911,0.012
HND,1912,0.015
HND,1913,0.027
HND,1914,0.043
HND,1915,0.044
HND,1916,0.041
HND,1917,0.031
HND,1918,0.019
HND,1919,0.025
HND,1920,0.038
HND,1921,0.037
HND,1922,0.015
HND,1923,0.004
HND,1924,0.005
HND,1925,0.005
HND,1926,0.003
HND,1927,0.003
HND,1928,0.004
HND,1929,0.003
HND,1930,0.007
HND,1931,0
HND,1932,0
HND,1933,0
HND,1934,0
HND,1935,0
HND,1936,0
HND,1937,0
HND,1938,0
HND,1939,0
HND,1940,0
HND,1941,0
HND,1942,0.001
HND,1943,0
HND,1944,0.001
HND,1945,0.001
HND,1946,0.001
HND,1947,0.001
HND,1948,0.001
HND,1949,0.001
HND,1950,0.301
HND,1951,0.348
HND,1952,0.359
HND,1953,0.333
HND,1954,0.377
HND,1955,0.436
HND,1956,0.454
HND,1957,0.575
HND,1958,0.586
HND,1959,0.586
HND,1960,0.615
HND,1961,0.736
HND,1962,0.7
HND,1963,0.711
HND,1964,0.722
HND,1965,0.751
HND,1966,0.806
HND,1967,0.875
HND,1968,1.223
HND,1969,1.176
HND,1970,1.388
HND,1971,1.329
HND,1972,1.533
HND,1973,1.506
HND,1974,1.553
HND,1975,1.661
HND,1976,1.771
HND,1977,1.993
HND,1978,2.039
HND,1979,1.923
HND,1980,2.038
HND,1981,1.808
HND,1982,1.749
HND,1983,1.976
HND,1984,1.957
HND,1985,1.886
HND,1986,1.825
HND,1987,2.144
HND,1988,2.465
HND,1989,2.68
HND,1990,2.505
HND,1991,2.527
HND,1992,2.803
HND,1993,2.941
HND,1994,3.231
HND,1995,3.836
HND,1996,3.876
HND,1997,4.01
HND,1998,4.811
HND,1999,4.705
HND,2000,5.032
HND,2001,5.665
HND,2002,5.945
HND,2003,6.687
HND,2004,7.194
HND,2005,6.835
HND,2006,7.698
HND,2007,8.216
HND,2008,8.533
HND,2009,8.03
HND,2010,8.107
HND,2011,8.857
HND,2012,9.108
HND,2013,9.328
HND,2014,9.503
HND,2015,10.898
HND,2016,9.939
HND,2017,10.198
HND,2018,9.876
HND,2019,10.963
HND,2020,9.977
HND,2021,11.06
HND,2022,11.742
HND,2023,12.404
HND,2024,12.855
HRV,1850,0
HRV,1851,0
HRV,1852,0
HRV,1853,0
HRV,1854,0
HRV,1855,0
HRV,1856,0
HRV,1857,0
HRV,1858,0
HRV,1859,0
HRV,1860,0
HRV,1861,0
HRV,1862,0
HRV,1863,0
HRV,1864,0
HRV,1865,0
HRV,1866,0
HRV,1867,0
HRV,1868,0
HRV,1869,0
HRV,1870,0
HRV,1871,0
HRV,1872,0
HRV,1873,0
HRV,1874,0
HRV,1875,0
HRV,1876,0
HRV,1877,0
HRV,1878,0
HRV,1879,0
HRV,1880,0
HRV,1881,0
HRV,1882,0
HRV,1883,0
HRV,1884,0
HRV,1885,0.005
HRV,1886,0
HRV,1887,0
HRV,1888,0
HRV,1889,0
HRV,1890,0.015
HRV,1891,0.017
HRV,1892,0.019
HRV,1893,0.034
HRV,1894,0.065
HRV,1895,0.065
HRV,1896,0.072
HRV,1897,0.056
HRV,1898,0.085
HRV,1899,0.099
HRV,1900,0.134
HRV,1901,0.147
HRV,1902,0.137
HRV,1903,0.149
HRV,1904,0.159
HRV,1905,0.172
HRV,1906,0.206
HRV,1907,0.21
HRV,1908,0.226
HRV,1909,0.232
HRV,1910,0.23
HRV,1911,0.249
HRV,1912,0.255
HRV,1913,0.7
HRV,1914,0
HRV,1915,0
HRV,1916,0
HRV,1917,0
HRV,1918,0
HRV,1919,0.502
HRV,1920,0.666
HRV,1921,0.71
HRV,1922,1.031
HRV,1923,1.125
HRV,1924,1.153
HRV,1925,1.266
HRV,1926,1.232
HRV,1927,1.393
HRV,1928,1.56
HRV,1929,1.725
HRV,1930,1.624
HRV,1931,1.477
HRV,1932,1.35
HRV,1933,1.249
HRV,1934,1.3
HRV,1935,1.358
HRV,1936,1.343
HRV,1937,1.497
HRV,1938,1.414
HRV,1939,1.485
HRV,1940,1.732
HRV,1941,0
HRV,1942,0
HRV,1943,0.061
HRV,1944,0.015
HRV,1945,0.87
HRV,1946,1.709
HRV,1947,2.37
HRV,1948,2.675
HRV,1949,3.058
HRV,1950,2.939
HRV,1951,2.782
HRV,1952,2.789
HRV,1953,2.774
HRV,1954,3.312
HRV,1955,3.793
HRV,1956,4.342
HRV,1957,4.711
HRV,1958,4.641
HRV,1959,5.326
HRV,1960,5.821
HRV,1961,6.109
HRV,1962,6.269
HRV,1963,6.975
HRV,1964,7.908
HRV,1965,8.144
HRV,1966,8.072
HRV,1967,8.161
HRV,1968,8.73
HRV,1969,9.054
HRV,1970,11.841
HRV,1971,12.755
HRV,1972,11.937
HRV,1973,14.279
HRV,1974,14.335
HRV,1975,14.951
HRV,1976,15.427
HRV,1977,14.996
HRV,1978,16.764
HRV,1979,18.238
HRV,1980,17.926
HRV,1981,19.48
HRV,1982,17.891
HRV,1983,19.267
HRV,1984,20.321
HRV,1985,20.731
HRV,1986,21.657
HRV,1987,21.139
HRV,1988,21.82
HRV,1989,21.752
HRV,1990,22.885
HRV,1991,16.999
HRV,1992,16.379
HRV,1993,16.811
HRV,1994,16.055
HRV,1995,16.814
HRV,1996,17.338
HRV,1997,18.569
HRV,1998,19.04
HRV,1999,20.082
HRV,2000,19.653
HRV,2001,20.776
HRV,2002,21.916
HRV,2003,23.226
HRV,2004,22.853
HRV,2005,23.296
HRV,2006,23.496
HRV,2007,24.802
HRV,2008,23.516
HRV,2009,21.752
HRV,2010,20.978
HRV,2011,20.615
HRV,2012,19.05
HRV,2013,18.401
HRV,2014,17.65
HRV,2015,17.794
HRV,2016,18.079
HRV,2017,18.713
HRV,2018,17.695
HRV,2019,17.82
HRV,2020,16.87
HRV,2021,17.403
HRV,2022,17.585
HRV,2023,18.468
HRV,2024,18.465
HTI,1750,0
HTI,1751,0
HTI,1752,0
HTI,1753,0
HTI,1754,0
HTI,1755,0
HTI,1756,0
HTI,1757,0
HTI,1758,0
HTI,1759,0
HTI,1760,0
HTI,1761,0
HTI,1762,0
HTI,1763,0
HTI,1764,0
HTI,1765,0
HTI,1766,0
HTI,1767,0
HTI,1768,0
HTI,1769,0
HTI,1770,0
HTI,1771,0
HTI,1772,0
HTI,1773,0
HTI,1774,0
HTI,1775,0
HTI,1776,0
HTI,1777,0
HTI,1778,0
HTI,1779,0
HTI,1780,0
HTI,1781,0
HTI,1782,0
HTI,1783,0
HTI,1784,0
HTI,1785,0
HTI,1786,0
HTI,1787,0
HTI,1788,0
HTI,1789,0
HTI,1790,0
HTI,1791,0
HTI,1792,0
HTI,1793,0
HTI,1794,0
HTI,1795,0
HTI,1796,0
HTI,1797,0
HTI,1798,0
HTI,1799,0
HTI,1800,0
HTI,1801,0
HTI,1802,0
HTI,1803,0
HTI,1804,0
HTI,1805,0
HTI,1806,0
HTI,1807,0
HTI,1808,0
HTI,1809,0
HTI,1810,0
HTI,1811,0
HTI,1812,0
HTI,1813,0
HTI,1814,0
HTI,1815,0
HTI,1816,0
HTI,1817,0
HTI,1818,0
HTI,1819,0
HTI,1820,0
HTI,1821,0
HTI,1822,0
HTI,1823,0
HTI,1824,0
HTI,1825,0
HTI,1826,0
HTI,1827,0
HTI,1828,0
HTI,1829,0
HTI,1830,0
HTI,1831,0
HTI,1832,0
HTI,1833,0
HTI,1834,0
HTI,1835,0
HTI,1836,0
HTI,1837,0
HTI,1838,0
HTI,1839,0
HTI,1840,0
HTI,1841,0
HTI,1842,0
HTI,1843,0
HTI,1844,0
HTI,1845,0
HTI,1846,0
HTI,1847,0
HTI,1848,0
HTI,1849,0
HTI,1850,0
HTI,1851,0
HTI,1852,0
HTI,1853,0
HTI,1854,0
HTI,1855,0
HTI,1856,0
HTI,1857,0
HTI,1858,0
HTI,1859,0
HTI,1860,0
HTI,1861,0
HTI,1862,0
HTI,1863,0
HTI,1864,0
HTI,1865,0
HTI,1866,0
HTI,1867,0
HTI,1868,0
HTI,1869,0
HTI,1870,0
HTI,1871,0
HTI,1872,0.001
HTI,1873,0
HTI,1874,0.001
HTI,1875,0
HTI,1876,0
HTI,1877,0.003
HTI,1878,0.005
HTI,1879,0.002
HTI,1880,0.001
HTI,1881,0.002
HTI,1882,0.001
HTI,1883,0.001
HTI,1884,0.001
HTI,1885,0.001
HTI,1886,0.001
HTI,1887,0
HTI,1888,0.004
HTI,1889,0.007
HTI,1890,0.011
HTI,1891,0.011
HTI,1892,0.005
HTI,1893,0.004
HTI,1894,0.013
HTI,1895,0.012
HTI,1896,0.019
HTI,1897,0.015
HTI,1898,0.01
HTI,1899,0.008
HTI,1900,0.006
HTI,1901,0.007
HTI,1902,0.007
HTI,1903,0.004
HTI,1904,0.002
HTI,1905,0.004
HTI,1906,0.005
HTI,1907,0.006
HTI,1908,0.007
HTI,1909,0.008
HTI,1910,0.013
HTI,1911,0.016
HTI,1912,0.022
HTI,1913,0.017
HTI,1914,0.006
HTI,1915,0.002
HTI,1916,0.001
HTI,1917,0.004
HTI,1918,0.002
HTI,1919,0
HTI,1920,0
HTI,1921,0
HTI,1922,0
HTI,1923,0.007
HTI,1924,0.001
HTI,1925,0
HTI,1926,0
HTI,1927,0
HTI,1928,0.001
HTI,1929,0
HTI,1930,0
HTI,1931,0
HTI,1932,0
HTI,1933,0
HTI,1934,0
HTI,1935,0
HTI,1936,0
HTI,1937,0
HTI,1938,0
HTI,1939,0
HTI,1940,0
HTI,1941,0
HTI,1942,0
HTI,1943,0
HTI,1944,0
HTI,1945,0
HTI,1946,0
HTI,1947,0
HTI,1948,0
HTI,1949,0
HTI,1950,0.114
HTI,1951,0.132
HTI,1952,0.147
HTI,1953,0.158
HTI,1954,0.216
HTI,1955,0.267
HTI,1956,0.264
HTI,1957,0.253
HTI,1958,0.275
HTI,1959,0.253
HTI,1960,0.286
HTI,1961,0.297
HTI,1962,0.304
HTI,1963,0.249
HTI,1964,0.3
HTI,1965,0.304
HTI,1966,0.304
HTI,1967,0.26
HTI,1968,0.264
HTI,1969,0.315
HTI,1970,0.384
HTI,1971,0.403
HTI,1972,0.392
HTI,1973,0.421
HTI,1974,0.472
HTI,1975,0.483
HTI,1976,0.672
HTI,1977,0.704
HTI,1978,0.75
HTI,1979,0.75
HTI,1980,0.745
HTI,1981,0.758
HTI,1982,0.817
HTI,1983,0.885
HTI,1984,0.902
HTI,1985,0.928
HTI,1986,0.829
HTI,1987,0.898
HTI,1988,1.006
HTI,1989,1.022
HTI,1990,0.994
HTI,1991,0.974
HTI,1992,0.887
HTI,1993,0.683
HTI,1994,0.183
HTI,1995,0.876
HTI,1996,1.019
HTI,1997,1.348
HTI,1998,1.235
HTI,1999,1.271
HTI,2000,1.634
HTI,2001,1.466
HTI,2002,1.778
HTI,2003,1.692
HTI,2004,1.643
HTI,2005,1.715
HTI,2006,1.746
HTI,2007,1.766
HTI,2008,1.754
HTI,2009,1.881
HTI,2010,2.129
HTI,2011,2.272
HTI,2012,2.262
HTI,2013,2.703
HTI,2014,2.698
HTI,2015,2.654
HTI,2016,2.977
HTI,2017,3.133
HTI,2018,3.401
HTI,2019,3.119
HTI,2020,3.265
HTI,2021,3.507
HTI,2022,2.87
HTI,2023,2.865
HTI,2024,2.971
HUN,1830,0.114
HUN,1831,0.07
HUN,1832,0.088
HUN,1833,0.066
HUN,1834,0.07
HUN,1835,0.051
HUN,1836,0.084
HUN,1837,0.07
HUN,1838,0.062
HUN,1839,0.139
HUN,1840,0.136
HUN,1841,0.143
HUN,1842,0.084
HUN,1843,0.088
HUN,1844,0.187
HUN,1845,0.088
HUN,1846,0.062
HUN,1847,0.165
HUN,1850,0
HUN,1851,0.275
HUN,1852,0.344
HUN,1853,0.344
HUN,1854,0.436
HUN,1855,0.454
HUN,1856,0.476
HUN,1857,0.546
HUN,1858,0.381
HUN,1859,0.769
HUN,1860,0.905
HUN,1861,0.96
HUN,1862,1.158
HUN,1863,1.209
HUN,1864,1.209
HUN,1865,1.257
HUN,1866,1.429
HUN,1867,1.689
HUN,1868,1.806
HUN,1869,1.964
HUN,1870,2.121
HUN,1871,2.631
HUN,1872,2.796
HUN,1873,2.917
HUN,1874,2.557
HUN,1875,2.634
HUN,1876,2.763
HUN,1877,2.887
HUN,1878,2.876
HUN,1879,2.869
HUN,1880,3.312
HUN,1881,3.55
HUN,1882,3.583
HUN,1883,4.078
HUN,1884,4.331
HUN,1885,4.378
HUN,1886,4.096
HUN,1887,4.085
HUN,1888,4.43
HUN,1889,4.752
HUN,1890,5.254
HUN,1891,5.522
HUN,1892,5.752
HUN,1893,5.994
HUN,1894,6.434
HUN,1895,6.863
HUN,1896,7.376
HUN,1897,7.464
HUN,1898,8.533
HUN,1899,8.273
HUN,1900,9.585
HUN,1901,9.618
HUN,1902,8.849
HUN,1903,9.175
HUN,1904,9.277
HUN,1905,9.431
HUN,1906,10.164
HUN,1907,10.204
HUN,1908,10.772
HUN,1909,11.853
HUN,1910,11.677
HUN,1911,11.996
HUN,1912,12.304
HUN,1913,13.026
HUN,1914,11.593
HUN,1915,11.765
HUN,1916,11.835
HUN,1917,11.717
HUN,1918,10.651
HUN,1919,4.756
HUN,1920,5.588
HUN,1921,9.237
HUN,1922,11.01
HUN,1923,11.86
HUN,1924,11.263
HUN,1925,10.131
HUN,1926,11.772
HUN,1927,13.088
HUN,1928,13.749
HUN,1929,15.112
HUN,1930,12.515
HUN,1931,11.189
HUN,1932,10.211
HUN,1933,10.006
HUN,1934,10.573
HUN,1935,11.079
HUN,1936,11.9
HUN,1937,13.621
HUN,1938,14.772
HUN,1939,14.443
HUN,1940,15.825
HUN,1941,17.852
HUN,1942,18.837
HUN,1943,19.208
HUN,1944,15.857
HUN,1945,8.2
HUN,1946,10.797
HUN,1947,13.838
HUN,1948,16.381
HUN,1949,20.41
HUN,1950,18.39
HUN,1951,22.185
HUN,1952,27.208
HUN,1953,31.766
HUN,1954,34.009
HUN,1955,35.694
HUN,1956,33.163
HUN,1957,38.446
HUN,1958,39.247
HUN,1959,41.918
HUN,1960,45.358
HUN,1961,48.974
HUN,1962,50.545
HUN,1963,56.261
HUN,1964,62.385
HUN,1965,61.274
HUN,1966,61.71
HUN,1967,58.811
HUN,1968,61.13
HUN,1969,62.38
HUN,1970,69.96
HUN,1971,69.247
HUN,1972,69.384
HUN,1973,73.007
HUN,1974,74.028
HUN,1975,75.3
HUN,1976,79.92
HUN,1977,83.075
HUN,1978,88.04
HUN,1979,86.058
HUN,1980,86.697
HUN,1981,86.437
HUN,1982,86.684
HUN,1983,88.946
HUN,1984,90.665
HUN,1985,85.936
HUN,1986,83.198
HUN,1987,84.115
HUN,1988,78.031
HUN,1989,75.909
HUN,1990,73.427
HUN,1991,69.825
HUN,1992,62.281
HUN,1993,62.991
HUN,1994,61.88
HUN,1995,61.464
HUN,1996,63.083
HUN,1997,61.676
HUN,1998,61.255
HUN,1999,61.575
HUN,2000,58.244
HUN,2001,59.828
HUN,2002,58.842
HUN,2003,61.611
HUN,2004,59.985
HUN,2005,60.142
HUN,2006,59.529
HUN,2007,58.449
HUN,2008,57.184
HUN,2009,51.458
HUN,2010,51.993
HUN,2011,50.156
HUN,2012,46.72
HUN,2013,43.487
HUN,2014,43.639
HUN,2015,46.567
HUN,2016,47.039
HUN,2017,49.424
HUN,2018,49.366
HUN,2019,49.159
HUN,2020,47.105
HUN,2021,48.326
HUN,2022,45.267
HUN,2023,40.344
HUN,2024,40.017
IDN,1850,0
IDN,1851,0
IDN,1852,0
IDN,1853,0
IDN,1854,0
IDN,1855,0
IDN,1856,0
IDN,1857,0
IDN,1858,0
IDN,1859,0
IDN,1860,0
IDN,1861,0
IDN,1862,0
IDN,1863,0
IDN,1864,0
IDN,1865,0
IDN,1866,0
IDN,1867,0
IDN,1868,0
IDN,1869,0
IDN,1870,0
IDN,1871,0
IDN,1872,0
IDN,1873,0
IDN,1874,0
IDN,1875,0
IDN,1876,0
IDN,1877,0
IDN,1878,0
IDN,1879,0
IDN,1880,0
IDN,1881,0
IDN,1882,0
IDN,1883,0
IDN,1884,0
IDN,1885,0
IDN,1886,0
IDN,1887,0
IDN,1888,0
IDN,1889,0.004
IDN,1890,0.015
IDN,1891,0.022
IDN,1892,0.191
IDN,1893,0.403
IDN,1894,0.48
IDN,1895,0.769
IDN,1896,0.861
IDN,1897,1.107
IDN,1898,1.29
IDN,1899,1.125
IDN,1900,1.209
IDN,1901,2.242
IDN,1902,1.539
IDN,1903,3.001
IDN,1904,3.367
IDN,1905,4.133
IDN,1906,4.452
IDN,1907,5.294
IDN,1908,5.492
IDN,1909,5.987
IDN,1910,6.112
IDN,1911,6.727
IDN,1912,5.84
IDN,1913,5.899
IDN,1914,6.016
IDN,1915,6.031
IDN,1916,6.764
IDN,1917,7.137
IDN,1918,7.13
IDN,1919,7.636
IDN,1920,8.262
IDN,1921,8.757
IDN,1922,8.299
IDN,1923,9.589
IDN,1924,10.585
IDN,1925,11.08
IDN,1926,11.098
IDN,1927,12.886
IDN,1928,14.832
IDN,1929,18.539
IDN,1930,18.085
IDN,1931,16.894
IDN,1932,16.587
IDN,1933,17.862
IDN,1934,19.236
IDN,1935,20.001
IDN,1936,21.767
IDN,1937,25.344
IDN,1938,26.733
IDN,1939,29.201
IDN,1940,28.733
IDN,1941,26.486
IDN,1942,9.457
IDN,1943,19.027
IDN,1944,8.772
IDN,1945,3.807
IDN,1946,1.345
IDN,1947,4.056
IDN,1948,15.495
IDN,1949,21.903
IDN,1950,9.831
IDN,1951,9.39
IDN,1952,12.721
IDN,1953,13.08
IDN,1954,14.747
IDN,1955,20.844
IDN,1956,21.811
IDN,1957,22.412
IDN,1958,22.206
IDN,1959,23.862
IDN,1960,21.385
IDN,1961,26.002
IDN,1962,22.975
IDN,1963,22.763
IDN,1964,22.374
IDN,1965,24.668
IDN,1966,23.375
IDN,1967,24.54
IDN,1968,27.563
IDN,1969,33.362
IDN,1970,35.791
IDN,1971,38.955
IDN,1972,43.306
IDN,1973,49.097
IDN,1974,51.225
IDN,1975,53.931
IDN,1976,61.785
IDN,1977,82.41
IDN,1978,93.928
IDN,1979,95.123
IDN,1980,94.854
IDN,1981,100.272
IDN,1982,105.555
IDN,1983,105.149
IDN,1984,112.42
IDN,1985,121.548
IDN,1986,122.109
IDN,1987,123.813
IDN,1988,132.649
IDN,1989,131.586
IDN,1990,154.991
IDN,1991,174.754
IDN,1992,199.298
IDN,1993,214.963
IDN,1994,219.2
IDN,1995,222.225
IDN,1996,252.856
IDN,1997,279.696
IDN,1998,244.315
IDN,1999,291.771
IDN,2000,281.054
IDN,2001,316.759
IDN,2002,308.201
IDN,2003,339.024
IDN,2004,342.709
IDN,2005,347.361
IDN,2006,346.366
IDN,2007,387.577
IDN,2008,365.384
IDN,2009,398.624
IDN,2010,445.37
IDN,2011,500.458
IDN,2012,515.77
IDN,2013,493.435
IDN,2014,498.029
IDN,2015,551.16
IDN,2016,547.969
IDN,2017,570.928
IDN,2018,607.378
IDN,2019,665.049
IDN,2020,623.304
IDN,2021,632.946
IDN,2022,758.021
IDN,2023,762.358
IDN,2024,812.22
IND,1850,0
IND,1851,0
IND,1852,0
IND,1853,0
IND,1854,0
IND,1855,0
IND,1856,0
IND,1857,0
IND,1858,0.394
IND,1859,0.636
IND,1860,0.643
IND,1861,0.497
IND,1862,0.55
IND,1863,0.61
IND,1864,0.577
IND,1865,0.567
IND,1866,0.64
IND,1867,0
IND,1868,0
IND,1869,0
IND,1870,0
IND,1871,0
IND,1872,0
IND,1873,0
IND,1874,0
IND,1875,0
IND,1876,0
IND,1877,0
IND,1878,1.767
IND,1879,1.684
IND,1880,1.887
IND,1881,1.839
IND,1882,2.196
IND,1883,2.441
IND,1884,2.73
IND,1885,2.459
IND,1886,2.772
IND,1887,3.066
IND,1888,3.41
IND,1889,4.022
IND,1890,4.432
IND,1891,4.772
IND,1892,5.247
IND,1893,5.543
IND,1894,5.617
IND,1895,7.035
IND,1896,7.608
IND,1897,8.253
IND,1898,9.125
IND,1899,10.054
IND,1900,11.929
IND,1901,13.179
IND,1902,14.515
IND,1903,14.802
IND,1904,16.561
IND,1905,16.93
IND,1906,19.549
IND,1907,21.772
IND,1908,24.908
IND,1909,24.142
IND,1910,23.487
IND,1911,24.782
IND,1912,28.521
IND,1913,31.466
IND,1914,31.698
IND,1915,33.141
IND,1916,33.517
IND,1917,35.019
IND,1918,39.359
IND,1919,42.974
IND,1920,34.867
IND,1921,37.505
IND,1922,36.903
IND,1923,37.971
IND,1924,40.627
IND,1925,40.084
IND,1926,39.942
IND,1927,41.883
IND,1928,40.072
IND,1929,41.707
IND,1930,42.399
IND,1931,38.85
IND,1932,36.129
IND,1933,35.467
IND,1934,39.61
IND,1935,41.393
IND,1936,40.684
IND,1937,45.067
IND,1938,50.379
IND,1939,49.311
IND,1940,52.309
IND,1941,53.58
IND,1942,53.529
IND,1943,46.644
IND,1944,47.695
IND,1945,52.873
IND,1946,52.224
IND,1947,53.179
IND,1948,53.203
IND,1949,56.187
IND,1950,60.943
IND,1951,63.806
IND,1952,67.249
IND,1953,68.608
IND,1954,72.307
IND,1955,78.694
IND,1956,81.619
IND,1957,91.618
IND,1958,95.801
IND,1959,101.436
IND,1960,111.32
IND,1961,120.399
IND,1962,132.58
IND,1963,142.439
IND,1964,139.483
IND,1965,153.697
IND,1966,159.371
IND,1967,159.557
IND,1968,174.071
IND,1969,177.411
IND,1970,181.724
IND,1971,191.965
IND,1972,203.037
IND,1973,209.096
IND,1974,215.854
IND,1975,234.21
IND,1976,244.75
IND,1977,258.962
IND,1978,263.15
IND,1979,276.285
IND,1980,291.714
IND,1981,314.969
IND,1982,325.383
IND,1983,352.205
IND,1984,361.569
IND,1985,397.601
IND,1986,426.318
IND,1987,455.355
IND,1988,491.7
IND,1989,540.662
IND,1990,577.987
IND,1991,615.388
IND,1992,655.424
IND,1993,677.262
IND,1994,714.043
IND,1995,760.48
IND,1996,823.602
IND,1997,857.976
IND,1998,875.783
IND,1999,961.194
IND,2000,987.065
IND,2001,1001.198
IND,2002,1032.75
IND,2003,1068.398
IND,2004,1134.611
IND,2005,1195.393
IND,2006,1293.321
IND,2007,1393.485
IND,2008,1490.366
IND,2009,1613.328
IND,2010,1678.53
IND,2011,1765.695
IND,2012,1926.986
IND,2013,1995.337
IND,2014,2148.052
IND,2015,2231.817
IND,2016,2352.54
IND,2017,2425.722
IND,2018,2595.227
IND,2019,2611.175
IND,2020,2422.732
IND,2021,2675.778
IND,2022,2831.132
IND,2023,3062.756
IND,2024,3193.478
IRL,1850,0.396
IRL,1851,0
IRL,1852,0
IRL,1853,0
IRL,1854,0
IRL,1855,0
IRL,1856,0
IRL,1857,0
IRL,1858,0
IRL,1859,0
IRL,1860,0
IRL,1861,0
IRL,1862,0
IRL,1863,0
IRL,1864,0
IRL,1865,0
IRL,1866,0
IRL,1867,0
IRL,1868,0
IRL,1869,0
IRL,1870,0
IRL,1871,0
IRL,1872,0
IRL,1873,0
IRL,1874,0
IRL,1875,0
IRL,1876,0
IRL,1877,0
IRL,1878,0
IRL,1879,0
IRL,1880,0.352
IRL,1881,0.352
IRL,1882,0
IRL,1883,0
IRL,1884,0
IRL,1885,0
IRL,1886,0
IRL,1887,0
IRL,1888,0
IRL,1889,0
IRL,1890,0
IRL,1891,0
IRL,1892,0
IRL,1893,0
IRL,1894,0
IRL,1895,0
IRL,1896,0
IRL,1897,0
IRL,1898,0
IRL,1899,0
IRL,1900,0
IRL,1901,0
IRL,1902,0
IRL,1903,0
IRL,1904,0
IRL,1905,0
IRL,1906,0
IRL,1907,0
IRL,1908,0
IRL,1909,0
IRL,1910,0.216
IRL,1911,0
IRL,1912,0
IRL,1913,0.224
IRL,1914,0.249
IRL,1915,0.227
IRL,1916,0.242
IRL,1917,0.256
IRL,1918,0.245
IRL,1919,0.249
IRL,1920,0.293
IRL,1921,0.238
IRL,1922,0
IRL,1923,0
IRL,1924,6.687
IRL,1925,6.035
IRL,1926,8.097
IRL,1927,6.731
IRL,1928,6.485
IRL,1929,9.999
IRL,1930,9.552
IRL,1931,9.842
IRL,1932,6.427
IRL,1933,9.266
IRL,1934,9.482
IRL,1935,9.534
IRL,1936,10.146
IRL,1937,10.354
IRL,1938,9.966
IRL,1939,11.53
IRL,1940,11.522
IRL,1941,8.448
IRL,1942,7.016
IRL,1943,7.111
IRL,1944,6.356
IRL,1945,6.833
IRL,1946,8.195
IRL,1947,8.811
IRL,1948,8.444
IRL,1949,8.345
IRL,1950,9.726
IRL,1951,10.507
IRL,1952,9.62
IRL,1953,9.535
IRL,1954,9.092
IRL,1955,11.715
IRL,1956,10.923
IRL,1957,9.718
IRL,1958,8.956
IRL,1959,12.312
IRL,1960,11.168
IRL,1961,12.353
IRL,1962,13.107
IRL,1963,13.447
IRL,1964,14.216
IRL,1965,13.717
IRL,1966,15.095
IRL,1967,16.395
IRL,1968,17.798
IRL,1969,18.494
IRL,1970,19.39
IRL,1971,22.476
IRL,1972,22.036
IRL,1973,22.846
IRL,1974,23.293
IRL,1975,22.051
IRL,1976,22.29
IRL,1977,23.565
IRL,1978,23.576
IRL,1979,27.399
IRL,1980,26.275
IRL,1981,26.062
IRL,1982,25.566
IRL,1983,25.725
IRL,1984,25.549
IRL,1985,26.746
IRL,1986,28.55
IRL,1987,30.226
IRL,1988,29.884
IRL,1989,30.061
IRL,1990,32.945
IRL,1991,33.675
IRL,1992,33.496
IRL,1993,33.717
IRL,1994,34.839
IRL,1995,35.853
IRL,1996,37.469
IRL,1997,38.805
IRL,1998,40.708
IRL,1999,42.44
IRL,2000,45.25
IRL,2001,47.608
IRL,2002,46.081
IRL,2003,45.684
IRL,2004,46.167
IRL,2005,48.153
IRL,2006,47.597
IRL,2007,47.658
IRL,2008,47.361
IRL,2009,42.177
IRL,2010,41.791
IRL,2011,38.054
IRL,2012,38.224
IRL,2013,37.279
IRL,2014,36.85
IRL,2015,38.715
IRL,2016,40.369
IRL,2017,39.04
IRL,2018,38.922
IRL,2019,37.2
IRL,2020,35.053
IRL,2021,37.474
IRL,2022,36.676
IRL,2023,33.568
IRL,2024,33.311
IRN,1850,0
IRN,1851,0
IRN,1852,0
IRN,1853,0
IRN,1854,0
IRN,1855,0
IRN,1856,0
IRN,1857,0
IRN,1858,0
IRN,1859,0
IRN,1860,0
IRN,1861,0
IRN,1862,0
IRN,1863,0
IRN,1864,0
IRN,1865,0
IRN,1866,0
IRN,1867,0
IRN,1868,0
IRN,1869,0
IRN,1870,0
IRN,1871,0
IRN,1872,0
IRN,1873,0
IRN,1874,0
IRN,1875,0
IRN,1876,0
IRN,1877,0
IRN,1878,0
IRN,1879,0
IRN,1880,0
IRN,1881,0
IRN,1882,0
IRN,1883,0
IRN,1884,0
IRN,1885,0
IRN,1886,0
IRN,1887,0
IRN,1888,0
IRN,1889,0
IRN,1890,0
IRN,1891,0
IRN,1892,0
IRN,1893,0
IRN,1894,0
IRN,1895,0
IRN,1896,0
IRN,1897,0
IRN,1898,0
IRN,1899,0
IRN,1900,0
IRN,1901,0
IRN,1902,0
IRN,1903,0
IRN,1904,0
IRN,1905,0
IRN,1906,0.004
IRN,1907,0
IRN,1908,0
IRN,1909,0
IRN,1910,0
IRN,1911,0.136
IRN,1912,0.253
IRN,1913,0.854
IRN,1914,1.172
IRN,1915,1.403
IRN,1916,2.008
IRN,1917,2.799
IRN,1918,3.448
IRN,1919,4.32
IRN,1920,5.437
IRN,1921,7.255
IRN,1922,9.226
IRN,1923,11.578
IRN,1924,13.506
IRN,1925,14.202
IRN,1926,15.059
IRN,1927,16.701
IRN,1928,17.679
IRN,1929,17.023
IRN,1930,18.514
IRN,1931,17.924
IRN,1932,20.09
IRN,1933,22.087
IRN,1934,23.494
IRN,1935,23.34
IRN,1936,25.553
IRN,1937,31.69
IRN,1938,31.778
IRN,1939,30.052
IRN,1940,27.128
IRN,1941,20.822
IRN,1942,29.532
IRN,1943,30.455
IRN,1944,41.66
IRN,1945,52.897
IRN,1946,60.232
IRN,1947,63.468
IRN,1948,77.951
IRN,1949,8.13
IRN,1950,9.601
IRN,1951,6.914
IRN,1952,4.092
IRN,1953,3.829
IRN,1954,1.044
IRN,1955,15.813
IRN,1956,22.808
IRN,1957,21.8
IRN,1958,25.229
IRN,1959,25.569
IRN,1960,37.359
IRN,1961,36.509
IRN,1962,37.428
IRN,1963,41.305
IRN,1964,47.519
IRN,1965,53.718
IRN,1966,64.103
IRN,1967,67.881
IRN,1968,82.33
IRN,1969,83.039
IRN,1970,91.787
IRN,1971,101.628
IRN,1972,106.015
IRN,1973,129.475
IRN,1974,143.772
IRN,1975,139.214
IRN,1976,156.49
IRN,1977,163.806
IRN,1978,162.289
IRN,1979,163.137
IRN,1980,120.695
IRN,1981,113.273
IRN,1982,138.132
IRN,1983,150.028
IRN,1984,150.401
IRN,1985,160.486
IRN,1986,148.305
IRN,1987,159.34
IRN,1988,175.958
IRN,1989,191.114
IRN,1990,211.075
IRN,1991,223.042
IRN,1992,228.194
IRN,1993,236.993
IRN,1994,264.822
IRN,1995,270.875
IRN,1996,276.62
IRN,1997,269.263
IRN,1998,305.642
IRN,1999,374.452
IRN,2000,367.213
IRN,2001,389.912
IRN,2002,397.031
IRN,2003,410.967
IRN,2004,442.119
IRN,2005,466.795
IRN,2006,501.015
IRN,2007,507.771
IRN,2008,528.528
IRN,2009,543.406
IRN,2010,561.496
IRN,2011,576.366
IRN,2012,599.278
IRN,2013,609.997
IRN,2014,644.228
IRN,2015,641.959
IRN,2016,644.68
IRN,2017,696.407
IRN,2018,664.523
IRN,2019,727.269
IRN,2020,745.596
IRN,2021,779.525
IRN,2022,767.178
IRN,2023,789.676
IRN,2024,792.631
IRQ,1850,0
IRQ,1851,0
IRQ,1852,0
IRQ,1853,0
IRQ,1854,0
IRQ,1855,0
IRQ,1856,0
IRQ,1857,0
IRQ,1858,0
IRQ,1859,0
IRQ,1860,0
IRQ,1861,0
IRQ,1862,0
IRQ,1863,0
IRQ,1864,0
IRQ,1865,0
IRQ,1866,0
IRQ,1867,0
IRQ,1868,0
IRQ,1869,0
IRQ,1870,0
IRQ,1871,0
IRQ,1872,0
IRQ,1873,0
IRQ,1874,0
IRQ,1875,0
IRQ,1876,0
IRQ,1877,0
IRQ,1878,0
IRQ,1879,0
IRQ,1880,0
IRQ,1881,0
IRQ,1882,0
IRQ,1883,0
IRQ,1884,0
IRQ,1885,0
IRQ,1886,0
IRQ,1887,0
IRQ,1888,0
IRQ,1889,0
IRQ,1890,0
IRQ,1891,0
IRQ,1892,0
IRQ,1893,0
IRQ,1894,0
IRQ,1895,0
IRQ,1896,0
IRQ,1897,0
IRQ,1898,0
IRQ,1899,0
IRQ,1900,0
IRQ,1901,0
IRQ,1902,0
IRQ,1903,0
IRQ,1904,0
IRQ,1905,0
IRQ,1906,0
IRQ,1907,0
IRQ,1908,0
IRQ,1909,0
IRQ,1910,0
IRQ,1911,0
IRQ,1912,0
IRQ,1913,0
IRQ,1914,0
IRQ,1915,0
IRQ,1916,0
IRQ,1917,0
IRQ,1918,0
IRQ,1919,0
IRQ,1920,0
IRQ,1921,0
IRQ,1922,0
IRQ,1923,0
IRQ,1924,0
IRQ,1925,0
IRQ,1926,0
IRQ,1927,0.139
IRQ,1928,0.289
IRQ,1929,0.37
IRQ,1930,0.37
IRQ,1931,0.366
IRQ,1932,0.374
IRQ,1933,0.352
IRQ,1934,2.865
IRQ,1935,5.723
IRQ,1936,5.793
IRQ,1937,6.243
IRQ,1938,5.917
IRQ,1939,12.157
IRQ,1940,7.691
IRQ,1941,4.807
IRQ,1942,7.962
IRQ,1943,10.959
IRQ,1944,12.773
IRQ,1945,14.132
IRQ,1946,14.356
IRQ,1947,14.425
IRQ,1948,0
IRQ,1949,1.128
IRQ,1950,1.649
IRQ,1951,2.429
IRQ,1952,1.96
IRQ,1953,2.527
IRQ,1954,3.048
IRQ,1955,4.099
IRQ,1956,6.395
IRQ,1957,5.97
IRQ,1958,6.666
IRQ,1959,7.314
IRQ,1960,8.256
IRQ,1961,8.709
IRQ,1962,9.021
IRQ,1963,9.383
IRQ,1964,9.064
IRQ,1965,19.293
IRQ,1966,27.676
IRQ,1967,18.373
IRQ,1968,19.696
IRQ,1969,22.601
IRQ,1970,23.884
IRQ,1971,28.832
IRQ,1972,29.52
IRQ,1973,30.613
IRQ,1974,30.909
IRQ,1975,33.12
IRQ,1976,48.747
IRQ,1977,43.656
IRQ,1978,42.251
IRQ,1979,52.908
IRQ,1980,45.473
IRQ,1981,32.042
IRQ,1982,30.538
IRQ,1983,38.652
IRQ,1984,40.071
IRQ,1985,44.53
IRQ,1986,47.596
IRQ,1987,52.684
IRQ,1988,67.698
IRQ,1989,72.974
IRQ,1990,49.683
IRQ,1991,45.505
IRQ,1992,59.02
IRQ,1993,63.263
IRQ,1994,76.573
IRQ,1995,79.841
IRQ,1996,74.823
IRQ,1997,76.296
IRQ,1998,80.984
IRQ,1999,82.416
IRQ,2000,83.722
IRQ,2001,96.802
IRQ,2002,97.09
IRQ,2003,101.424
IRQ,2004,113.016
IRQ,2005,114.282
IRQ,2006,98.838
IRQ,2007,61.361
IRQ,2008,94.335
IRQ,2009,105.211
IRQ,2010,113.983
IRQ,2011,123.526
IRQ,2012,134.04
IRQ,2013,141.704
IRQ,2014,137.513
IRQ,2015,142.53
IRQ,2016,153.132
IRQ,2017,167.472
IRQ,2018,186.156
IRQ,2019,191.778
IRQ,2020,172.098
IRQ,2021,193.115
IRQ,2022,217.644
IRQ,2023,227.91
IRQ,2024,233.635
ISL,1750,0
ISL,1751,0
ISL,1752,0
ISL,1753,0
ISL,1754,0
ISL,1755,0
ISL,1756,0
ISL,1757,0
ISL,1758,0
ISL,1759,0
ISL,1760,0
ISL,1761,0
ISL,1762,0
ISL,1763,0
ISL,1764,0
ISL,1765,0
ISL,1766,0
ISL,1767,0
ISL,1768,0
ISL,1769,0
ISL,1770,0
ISL,1771,0
ISL,1772,0
ISL,1773,0
ISL,1774,0
ISL,1775,0
ISL,1776,0
ISL,1777,0
ISL,1778,0
ISL,1779,0
ISL,1780,0
ISL,1781,0
ISL,1782,0
ISL,1783,0
ISL,1784,0
ISL,1785,0
ISL,1786,0
ISL,1787,0
ISL,1788,0
ISL,1789,0
ISL,1790,0
ISL,1791,0
ISL,1792,0
ISL,1793,0
ISL,1794,0
ISL,1795,0
ISL,1796,0
ISL,1797,0
ISL,1798,0
ISL,1799,0
ISL,1800,0
ISL,1801,0
ISL,1802,0
ISL,1803,0
ISL,1804,0
ISL,1805,0
ISL,1806,0
ISL,1807,0
ISL,1808,0
ISL,1809,0
ISL,1810,0
ISL,1811,0
ISL,1812,0
ISL,1813,0
ISL,1814,0
ISL,1815,0
ISL,1816,0
ISL,1817,0
ISL,1818,0
ISL,1819,0
ISL,1820,0
ISL,1821,0
ISL,1822,0
ISL,1823,0
ISL,1824,0
ISL,1825,0
ISL,1826,0
ISL,1827,0
ISL,1828,0
ISL,1829,0
ISL,1830,0
ISL,1831,0
ISL,1832,0
ISL,1833,0
ISL,1834,0
ISL,1835,0
ISL,1836,0
ISL,1837,0
ISL,1838,0
ISL,1839,0
ISL,1840,0
ISL,1841,0
ISL,1842,0
ISL,1843,0
ISL,1844,0
ISL,1845,0
ISL,1846,0
ISL,1847,0
ISL,1848,0
ISL,1849,0
ISL,1850,0
ISL,1851,0
ISL,1852,0
ISL,1853,0
ISL,1854,0
ISL,1855,0
ISL,1856,0
ISL,1857,0
ISL,1858,0
ISL,1859,0
ISL,1860,0
ISL,1861,0
ISL,1862,0
ISL,1863,0
ISL,1864,0
ISL,1865,0
ISL,1866,0
ISL,1867,0
ISL,1868,0
ISL,1869,0
ISL,1870,0
ISL,1871,0
ISL,1872,0
ISL,1873,0
ISL,1874,0
ISL,1875,0
ISL,1876,0
ISL,1877,0
ISL,1878,0
ISL,1879,0
ISL,1880,0
ISL,1881,0
ISL,1882,0
ISL,1883,0
ISL,1884,0
ISL,1885,0
ISL,1886,0
ISL,1887,0
ISL,1888,0
ISL,1889,0
ISL,1890,0
ISL,1891,0
ISL,1892,0
ISL,1893,0
ISL,1894,0
ISL,1895,0
ISL,1896,0
ISL,1897,0
ISL,1898,0
ISL,1899,0
ISL,1900,0
ISL,1901,0
ISL,1902,0
ISL,1903,0
ISL,1904,0
ISL,1905,0
ISL,1906,0
ISL,1907,0
ISL,1908,0
ISL,1909,0
ISL,1910,0
ISL,1911,0
ISL,1912,0
ISL,1913,0
ISL,1914,0
ISL,1915,0
ISL,1916,0
ISL,1917,0
ISL,1918,0
ISL,1919,0
ISL,1920,0
ISL,1921,0
ISL,1922,0
ISL,1923,0
ISL,1924,0
ISL,1925,0
ISL,1926,0
ISL,1927,0
ISL,1928,0
ISL,1929,0
ISL,1930,0
ISL,1931,0
ISL,1932,0
ISL,1933,0
ISL,1934,0
ISL,1935,0
ISL,1936,0.022
ISL,1937,0.018
ISL,1938,0
ISL,1939,0
ISL,1940,0.425
ISL,1941,0.412
ISL,1942,0.438
ISL,1943,0.472
ISL,1944,0.453
ISL,1945,0.432
ISL,1946,0.51
ISL,1947,0.6
ISL,1948,0.722
ISL,1949,0.743
ISL,1950,0.74
ISL,1951,0.645
ISL,1952,0.777
ISL,1953,0.916
ISL,1954,0.78
ISL,1955,0.912
ISL,1956,0.949
ISL,1957,0.964
ISL,1958,1.092
ISL,1959,1.238
ISL,1960,1.212
ISL,1961,1.092
ISL,1962,1.198
ISL,1963,1.304
ISL,1964,1.308
ISL,1965,1.396
ISL,1966,1.494
ISL,1967,1.443
ISL,1968,1.593
ISL,1969,1.264
ISL,1970,1.388
ISL,1971,1.472
ISL,1972,1.483
ISL,1973,1.75
ISL,1974,1.738
ISL,1975,1.613
ISL,1976,1.701
ISL,1977,1.903
ISL,1978,1.921
ISL,1979,1.983
ISL,1980,1.862
ISL,1981,1.748
ISL,1982,1.594
ISL,1983,1.543
ISL,1984,1.81
ISL,1985,1.623
ISL,1986,1.78
ISL,1987,1.845
ISL,1988,1.841
ISL,1989,1.896
ISL,1990,2.222
ISL,1991,2.103
ISL,1992,2.249
ISL,1993,2.4
ISL,1994,2.349
ISL,1995,2.469
ISL,1996,2.523
ISL,1997,2.618
ISL,1998,2.638
ISL,1999,2.841
ISL,2000,2.933
ISL,2001,2.865
ISL,2002,2.992
ISL,2003,2.985
ISL,2004,3.107
ISL,2005,2.976
ISL,2006,3.154
ISL,2007,3.494
ISL,2008,3.811
ISL,2009,3.73
ISL,2010,3.627
ISL,2011,3.503
ISL,2012,3.499
ISL,2013,3.489
ISL,2014,3.445
ISL,2015,3.541
ISL,2016,3.494
ISL,2017,3.611
ISL,2018,3.665
ISL,2019,3.553
ISL,2020,3.339
ISL,2021,3.491
ISL,2022,3.598
ISL,2023,3.508
ISL,2024,3.803
ISR,1850,0
ISR,1851,0
ISR,1852,0
ISR,1853,0
ISR,1854,0
ISR,1855,0
ISR,1856,0
ISR,1857,0
ISR,1858,0
ISR,1859,0
ISR,1860,0
ISR,1861,0
ISR,1862,0
ISR,1863,0
ISR,1864,0
ISR,1865,0
ISR,1866,0
ISR,1867,0
ISR,1868,0
ISR,1869,0
ISR,1870,0
ISR,1871,0
ISR,1872,0
ISR,1873,0
ISR,1874,0
ISR,1875,0
ISR,1876,0
ISR,1877,0
ISR,1878,0
ISR,1879,0
ISR,1880,0
ISR,1881,0
ISR,1882,0
ISR,1883,0
ISR,1884,0
ISR,1885,0
ISR,1886,0
ISR,1887,0
ISR,1888,0
ISR,1889,0
ISR,1890,0
ISR,1891,0
ISR,1892,0
ISR,1893,0
ISR,1894,0
ISR,1895,0
ISR,1896,0
ISR,1897,0
ISR,1898,0
ISR,1899,0
ISR,1900,0
ISR,1901,0
ISR,1902,0
ISR,1903,0
ISR,1904,0
ISR,1905,0
ISR,1906,0
ISR,1907,0
ISR,1908,0
ISR,1909,0
ISR,1910,0
ISR,1911,0
ISR,1912,0
ISR,1913,0
ISR,1914,0
ISR,1915,0
ISR,1916,0
ISR,1917,0
ISR,1918,0
ISR,1919,0
ISR,1920,0
ISR,1921,0
ISR,1922,0
ISR,1923,0
ISR,1924,0
ISR,1925,0
ISR,1926,0
ISR,1927,0
ISR,1928,0
ISR,1929,0
ISR,1930,0.04
ISR,1931,0.04
ISR,1932,0.051
ISR,1933,0.065
ISR,1934,0.069
ISR,1935,0.091
ISR,1936,0.076
ISR,1937,0.08
ISR,1938,0.047
ISR,1939,0.055
ISR,1940,0.073
ISR,1941,0.058
ISR,1942,0.109
ISR,1943,0.084
ISR,1944,0.087
ISR,1945,0.073
ISR,1946,0.131
ISR,1947,0.164
ISR,1948,0.08
ISR,1949,0.12
ISR,1950,1.669
ISR,1951,2.918
ISR,1952,3.659
ISR,1953,4.04
ISR,1954,4.325
ISR,1955,4.815
ISR,1956,4.794
ISR,1957,5.171
ISR,1958,5.537
ISR,1959,5.603
ISR,1960,6.46
ISR,1961,7.061
ISR,1962,7.932
ISR,1963,8.2
ISR,1964,9.137
ISR,1965,12.929
ISR,1966,13.581
ISR,1967,13.528
ISR,1968,13.794
ISR,1969,14.801
ISR,1970,16.559
ISR,1971,16.219
ISR,1972,16.891
ISR,1973,19.261
ISR,1974,19.369
ISR,1975,19.54
ISR,1976,19.497
ISR,1977,19.766
ISR,1978,21.032
ISR,1979,20.864
ISR,1980,20.985
ISR,1981,21.018
ISR,1982,23.855
ISR,1983,23.709
ISR,1984,23.498
ISR,1985,24.613
ISR,1986,26.348
ISR,1987,27.069
ISR,1988,29.703
ISR,1989,31.394
ISR,1990,35.824
ISR,1991,36.148
ISR,1992,42.082
ISR,1993,44.235
ISR,1994,47.475
ISR,1995,49.866
ISR,1996,51.936
ISR,1997,54.866
ISR,1998,56.01
ISR,1999,54.756
ISR,2000,59.519
ISR,2001,63.024
ISR,2002,59.305
ISR,2003,62.415
ISR,2004,58.679
ISR,2005,56.528
ISR,2006,62.149
ISR,2007,62.8
ISR,2008,67.98
ISR,2009,63.861
ISR,2010,68.287
ISR,2011,68.595
ISR,2012,74.781
ISR,2013,63.095
ISR,2014,60.279
ISR,2015,62.936
ISR,2016,61.164
ISR,2017,58.849
ISR,2018,59.986
ISR,2019,58.95
ISR,2020,59.285
ISR,2021,58.95
ISR,2022,62.267
ISR,2023,55.382
ISR,2024,52.637
ITA,1850,0
ITA,1851,0
ITA,1852,0
ITA,1853,0
ITA,1854,0
ITA,1855,0
ITA,1856,0
ITA,1857,0
ITA,1858,0
ITA,1859,0
ITA,1860,0.029
ITA,1861,0.671
ITA,1862,1.227
ITA,1863,1.07
ITA,1864,1.605
ITA,1865,1.271
ITA,1866,1.477
ITA,1867,1.469
ITA,1868,1.696
ITA,1869,1.872
ITA,1870,2.678
ITA,1871,2.308
ITA,1872,2.975
ITA,1873,2.77
ITA,1874,2.997
ITA,1875,3.067
ITA,1876,4.107
ITA,1877,3.803
ITA,1878,3.785
ITA,1879,4.356
ITA,1880,5.067
ITA,1881,5.958
ITA,1882,6.273
ITA,1883,6.646
ITA,1884,7.361
ITA,1885,8.376
ITA,1886,8.328
ITA,1887,10.149
ITA,1888,10.897
ITA,1889,11.256
ITA,1890,12.208
ITA,1891,10.999
ITA,1892,10.889
ITA,1893,10.523
ITA,1894,13.062
ITA,1895,12.022
ITA,1896,11.424
ITA,1897,11.919
ITA,1898,12.403
ITA,1899,13.59
ITA,1900,13.909
ITA,1901,13.52
ITA,1902,15.015
ITA,1903,15.316
ITA,1904,16.188
ITA,1905,17.844
ITA,1906,21.09
ITA,1907,22.808
ITA,1908,23.263
ITA,1909,25.703
ITA,1910,25.736
ITA,1911,26.538
ITA,1912,27.85
ITA,1913,29.964
ITA,1914,27.238
ITA,1915,23.779
ITA,1916,23.512
ITA,1917,16.122
ITA,1918,18.98
ITA,1919,18.609
ITA,1920,17.869
ITA,1921,21.881
ITA,1922,25.699
ITA,1923,26.824
ITA,1924,32.181
ITA,1925,30.968
ITA,1926,35.841
ITA,1927,40.385
ITA,1928,38.148
ITA,1929,44.027
ITA,1930,39.55
ITA,1931,34.173
ITA,1932,28.065
ITA,1933,30.474
ITA,1934,39.661
ITA,1935,45.376
ITA,1936,31.99
ITA,1937,45.174
ITA,1938,44.979
ITA,1939,46.12
ITA,1940,49.031
ITA,1941,42.894
ITA,1942,41.889
ITA,1943,7.112
ITA,1944,3.578
ITA,1945,4.352
ITA,1946,22.166
ITA,1947,36.786
ITA,1948,35.528
ITA,1949,39.771
ITA,1950,41.431
ITA,1951,48.822
ITA,1952,50.621
ITA,1953,55.998
ITA,1954,64.945
ITA,1955,73.273
ITA,1956,83.479
ITA,1957,87.082
ITA,1958,87.602
ITA,1959,94.096
ITA,1960,109.218
ITA,1961,124.393
ITA,1962,146.27
ITA,1963,164.575
ITA,1964,175.743
ITA,1965,189.543
ITA,1966,213.997
ITA,1967,234.148
ITA,1968,249.187
ITA,1969,269.676
ITA,1970,296.379
ITA,1971,311.06
ITA,1972,328.245
ITA,1973,353.356
ITA,1974,358.26
ITA,1975,341.056
ITA,1976,365.799
ITA,1977,354.421
ITA,1978,371.277
ITA,1979,385.259
ITA,1980,386.437
ITA,1981,375.307
ITA,1982,366.883
ITA,1983,358.409
ITA,1984,364.605
ITA,1985,368.986
ITA,1986,363.188
ITA,1987,380.099
ITA,1988,385.962
ITA,1989,404.742
ITA,1990,438.208
ITA,1991,437.742
ITA,1992,437.937
ITA,1993,430.268
ITA,1994,424.507
ITA,1995,448.596
ITA,1996,442.843
ITA,1997,448.571
ITA,1998,460.824
ITA,1999,465.508
ITA,2000,469.598
ITA,2001,469.679
ITA,2002,477.136
ITA,2003,495.094
ITA,2004,500.687
ITA,2005,501.365
ITA,2006,496.075
ITA,2007,489.794
ITA,2008,478.132
ITA,2009,424.032
ITA,2010,435.672
ITA,2011,423.897
ITA,2012,403.444
ITA,2013,369.461
ITA,2014,349.389
ITA,2015,361.244
ITA,2016,358.133
ITA,2017,352.666
ITA,2018,349.048
ITA,2019,339.638
ITA,2020,302.6
ITA,2021,335.93
ITA,2022,340.115
ITA,2023,312.291
ITA,2024,301.93
JAM,1750,0
JAM,1751,0
JAM,1752,0
JAM,1753,0
JAM,1754,0
JAM,1755,0
JAM,1756,0
JAM,1757,0
JAM,1758,0
JAM,1759,0
JAM,1760,0
JAM,1761,0
JAM,1762,0
JAM,1763,0
JAM,1764,0
JAM,1765,0
JAM,1766,0
JAM,1767,0
JAM,1768,0
JAM,1769,0
JAM,1770,0
JAM,1771,0
JAM,1772,0
JAM,1773,0
JAM,1774,0
JAM,1775,0
JAM,1776,0
JAM,1777,0
JAM,1778,0
JAM,1779,0
JAM,1780,0
JAM,1781,0
JAM,1782,0
JAM,1783,0
JAM,1784,0
JAM,1785,0
JAM,1786,0
JAM,1787,0
JAM,1788,0
JAM,1789,0
JAM,1790,0
JAM,1791,0
JAM,1792,0
JAM,1793,0
JAM,1794,0
JAM,1795,0
JAM,1796,0
JAM,1797,0
JAM,1798,0
JAM,1799,0
JAM,1800,0
JAM,1801,0
JAM,1802,0
JAM,1803,0
JAM,1804,0
JAM,1805,0
JAM,1806,0
JAM,1807,0
JAM,1808,0
JAM,1809,0
JAM,1810,0
JAM,1811,0
JAM,1812,0
JAM,1813,0
JAM,1814,0
JAM,1815,0
JAM,1816,0
JAM,1817,0
JAM,1818,0
JAM,1819,0
JAM,1820,0
JAM,1821,0
JAM,1822,0
JAM,1823,0
JAM,1824,0
JAM,1825,0
JAM,1826,0
JAM,1827,0
JAM,1828,0
JAM,1829,0
JAM,1830,0
JAM,1831,0
JAM,1832,0
JAM,1833,0
JAM,1834,0
JAM,1835,0
JAM,1836,0
JAM,1837,0
JAM,1838,0
JAM,1839,0
JAM,1840,0
JAM,1841,0
JAM,1842,0
JAM,1843,0
JAM,1844,0
JAM,1845,0
JAM,1846,0
JAM,1847,0
JAM,1848,0
JAM,1849,0
JAM,1850,0
JAM,1851,0
JAM,1852,0
JAM,1853,0
JAM,1854,0
JAM,1855,0
JAM,1856,0
JAM,1857,0
JAM,1858,0
JAM,1859,0
JAM,1860,0
JAM,1861,0
JAM,1862,0
JAM,1863,0
JAM,1864,0
JAM,1865,0
JAM,1866,0
JAM,1867,0
JAM,1868,0
JAM,1869,0
JAM,1870,0
JAM,1871,0
JAM,1872,0
JAM,1873,0
JAM,1874,0
JAM,1875,0
JAM,1876,0
JAM,1877,0
JAM,1878,0
JAM,1879,0
JAM,1880,0
JAM,1881,0
JAM,1882,0
JAM,1883,0
JAM,1884,0
JAM,1885,0
JAM,1886,0
JAM,1887,0
JAM,1888,0
JAM,1889,0
JAM,1890,0
JAM,1891,0
JAM,1892,0
JAM,1893,0
JAM,1894,0
JAM,1895,0
JAM,1896,0
JAM,1897,0
JAM,1898,0
JAM,1899,0
JAM,1900,0
JAM,1901,0
JAM,1902,0
JAM,1903,0
JAM,1904,0
JAM,1905,0
JAM,1906,0
JAM,1907,0
JAM,1908,0
JAM,1909,0
JAM,1910,0
JAM,1911,0
JAM,1912,0
JAM,1913,0
JAM,1914,0
JAM,1915,0
JAM,1916,0
JAM,1917,0
JAM,1918,0
JAM,1919,0
JAM,1920,0
JAM,1921,0
JAM,1922,0
JAM,1923,0
JAM,1924,0
JAM,1925,0
JAM,1926,0
JAM,1927,0
JAM,1928,0
JAM,1929,0
JAM,1930,0
JAM,1931,0
JAM,1932,0
JAM,1933,0
JAM,1934,0
JAM,1935,0
JAM,1936,0
JAM,1937,0
JAM,1938,0
JAM,1939,0
JAM,1940,0
JAM,1941,0
JAM,1942,0
JAM,1943,0
JAM,1944,0
JAM,1945,0
JAM,1946,0
JAM,1947,0
JAM,1948,0
JAM,1949,0
JAM,1950,0.271
JAM,1951,0.52
JAM,1952,0.564
JAM,1953,0.615
JAM,1954,0.791
JAM,1955,0.985
JAM,1956,1.26
JAM,1957,1.604
JAM,1958,1.355
JAM,1959,1.839
JAM,1960,1.468
JAM,1961,2.128
JAM,1962,2.117
JAM,1963,2.395
JAM,1964,4.062
JAM,1965,2.989
JAM,1966,3.516
JAM,1967,3.864
JAM,1968,3.879
JAM,1969,4.267
JAM,1970,4.989
JAM,1971,5.747
JAM,1972,6.282
JAM,1973,8.29
JAM,1974,7.594
JAM,1975,8.181
JAM,1976,7.276
JAM,1977,7.441
JAM,1978,9.112
JAM,1979,8.529
JAM,1980,8.445
JAM,1981,7.408
JAM,1982,6.214
JAM,1983,6.445
JAM,1984,5.141
JAM,1985,5.042
JAM,1986,4.547
JAM,1987,5.379
JAM,1988,4.525
JAM,1989,6.724
JAM,1990,7.527
JAM,1991,7.751
JAM,1992,7.709
JAM,1993,8.001
JAM,1994,8.189
JAM,1995,9.173
JAM,1996,9.688
JAM,1997,10.068
JAM,1998,9.694
JAM,1999,9.958
JAM,2000,10.314
JAM,2001,10.576
JAM,2002,10.203
JAM,2003,10.667
JAM,2004,10.574
JAM,2005,10.413
JAM,2006,11.574
JAM,2007,10.749
JAM,2008,10.776
JAM,2009,7.937
JAM,2010,7.677
JAM,2011,8.226
JAM,2012,7.887
JAM,2013,8.467
JAM,2014,7.675
JAM,2015,7.966
JAM,2016,8.134
JAM,2017,7.768
JAM,2018,8.061
JAM,2019,9.439
JAM,2020,6.866
JAM,2021,7.313
JAM,2022,7.908
JAM,2023,8.069
JAM,2024,8.402
JOR,1850,0
JOR,1851,0
JOR,1852,0
JOR,1853,0
JOR,1854,0
JOR,1855,0
JOR,1856,0
JOR,1857,0
JOR,1858,0
JOR,1859,0
JOR,1860,0
JOR,1861,0
JOR,1862,0
JOR,1863,0
JOR,1864,0
JOR,1865,0
JOR,1866,0
JOR,1867,0
JOR,1868,0
JOR,1869,0
JOR,1870,0
JOR,1871,0
JOR,1872,0
JOR,1873,0
JOR,1874,0
JOR,1875,0
JOR,1876,0
JOR,1877,0
JOR,1878,0
JOR,1879,0
JOR,1880,0
JOR,1881,0
JOR,1882,0
JOR,1883,0
JOR,1884,0
JOR,1885,0
JOR,1886,0
JOR,1887,0
JOR,1888,0
JOR,1889,0
JOR,1890,0
JOR,1891,0
JOR,1892,0
JOR,1893,0
JOR,1894,0
JOR,1895,0
JOR,1896,0
JOR,1897,0
JOR,1898,0
JOR,1899,0
JOR,1900,0
JOR,1901,0
JOR,1902,0
JOR,1903,0
JOR,1904,0
JOR,1905,0
JOR,1906,0
JOR,1907,0
JOR,1908,0
JOR,1909,0
JOR,1910,0
JOR,1911,0
JOR,1912,0
JOR,1913,0
JOR,1914,0
JOR,1915,0
JOR,1916,0
JOR,1917,0
JOR,1918,0
JOR,1919,0
JOR,1920,0
JOR,1921,0
JOR,1922,0
JOR,1923,0
JOR,1924,0
JOR,1925,0
JOR,1926,0
JOR,1927,0
JOR,1928,0
JOR,1929,0
JOR,1930,0
JOR,1931,0
JOR,1932,0
JOR,1933,0
JOR,1934,0
JOR,1935,0
JOR,1936,0
JOR,1937,0
JOR,1938,0
JOR,1939,0
JOR,1940,0
JOR,1941,0
JOR,1942,0
JOR,1943,0
JOR,1944,0
JOR,1945,0
JOR,1946,0
JOR,1947,0
JOR,1948,0
JOR,1949,0
JOR,1950,0.172
JOR,1951,0.161
JOR,1952,0.194
JOR,1953,0.213
JOR,1954,0.253
JOR,1955,0.381
JOR,1956,0.45
JOR,1957,0.494
JOR,1958,0.524
JOR,1959,0.655
JOR,1960,0.743
JOR,1961,0.977
JOR,1962,1.047
JOR,1963,1.219
JOR,1964,1.241
JOR,1965,1.42
JOR,1966,1.581
JOR,1967,1.413
JOR,1968,1.504
JOR,1969,1.757
JOR,1970,1.556
JOR,1971,1.654
JOR,1972,1.914
JOR,1973,2.2
JOR,1974,2.225
JOR,1975,2.489
JOR,1976,2.947
JOR,1977,3.159
JOR,1978,3.634
JOR,1979,3.787
JOR,1980,4.715
JOR,1981,5.849
JOR,1982,6.279
JOR,1983,7.342
JOR,1984,8.321
JOR,1985,8.506
JOR,1986,9.247
JOR,1987,9.619
JOR,1988,9.276
JOR,1989,9.192
JOR,1990,10.59
JOR,1991,9.991
JOR,1992,12.189
JOR,1993,12.008
JOR,1994,13.521
JOR,1995,13.451
JOR,1996,14.074
JOR,1997,14.308
JOR,1998,14.447
JOR,1999,14.467
JOR,2000,15.401
JOR,2001,15.858
JOR,2002,16.707
JOR,2003,17.273
JOR,2004,19.003
JOR,2005,20.79
JOR,2006,20.829
JOR,2007,21.7
JOR,2008,20.987
JOR,2009,21.545
JOR,2010,20.838
JOR,2011,21.409
JOR,2012,24.069
JOR,2013,24.061
JOR,2014,26.165
JOR,2015,25.799
JOR,2016,24.949
JOR,2017,26.08
JOR,2018,25.419
JOR,2019,24.57
JOR,2020,20.622
JOR,2021,21.19
JOR,2022,22.428
JOR,2023,23.119
JOR,2024,23.219
JPN,1850,0
JPN,1851,0
JPN,1852,0
JPN,1853,0
JPN,1854,0
JPN,1855,0
JPN,1856,0
JPN,1857,0
JPN,1858,0
JPN,1859,0
JPN,1860,0
JPN,1861,0
JPN,1862,0
JPN,1863,0
JPN,1864,0
JPN,1865,0
JPN,1866,0
JPN,1867,0
JPN,1868,0.011
JPN,1869,0.018
JPN,1870,0.018
JPN,1871,0.026
JPN,1872,0.033
JPN,1873,0.04
JPN,1874,0.586
JPN,1875,1.44
JPN,1876,1.403
JPN,1877,1.29
JPN,1878,1.858
JPN,1879,2.316
JPN,1880,2.349
JPN,1881,2.415
JPN,1882,2.514
JPN,1883,2.711
JPN,1884,2.957
JPN,1885,3.349
JPN,1886,3.605
JPN,1887,4.474
JPN,1888,5.17
JPN,1889,6.254
JPN,1890,6.756
JPN,1891,8.123
JPN,1892,8.075
JPN,1893,8.574
JPN,1894,11.025
JPN,1895,12.227
JPN,1896,12.916
JPN,1897,13.542
JPN,1898,17.246
JPN,1899,17.272
JPN,1900,19.412
JPN,1901,23.274
JPN,1902,24.945
JPN,1903,25.787
JPN,1904,29.052
JPN,1905,29.931
JPN,1906,32.855
JPN,1907,35.072
JPN,1908,37.633
JPN,1909,38.256
JPN,1910,39.384
JPN,1911,44.21
JPN,1912,49.281
JPN,1913,54.315
JPN,1914,58.016
JPN,1915,52.842
JPN,1916,58.598
JPN,1917,67.484
JPN,1918,71.543
JPN,1919,79.194
JPN,1920,74.28
JPN,1921,66.809
JPN,1922,71.43
JPN,1923,75.907
JPN,1924,79.348
JPN,1925,82.011
JPN,1926,82.605
JPN,1927,89.482
JPN,1928,92.391
JPN,1929,94.88
JPN,1930,86.166
JPN,1931,77.904
JPN,1932,77.98
JPN,1933,91.342
JPN,1934,101.203
JPN,1935,106.382
JPN,1936,116.849
JPN,1937,125.431
JPN,1938,131.735
JPN,1939,127.747
JPN,1940,153.244
JPN,1941,154.605
JPN,1942,147.792
JPN,1943,150.637
JPN,1944,138.733
JPN,1945,76.635
JPN,1946,52.707
JPN,1947,70.032
JPN,1948,88.082
JPN,1949,98.42
JPN,1950,102.541
JPN,1951,123.381
JPN,1952,130.362
JPN,1953,145.869
JPN,1954,142.662
JPN,1955,142.007
JPN,1956,160.801
JPN,1957,188.279
JPN,1958,181.421
JPN,1959,192.92
JPN,1960,232.83
JPN,1961,283.131
JPN,1962,293.278
JPN,1963,325.268
JPN,1964,359.353
JPN,1965,386.97
JPN,1966,419.78
JPN,1967,489.916
JPN,1968,562.568
JPN,1969,653.853
JPN,1970,769.748
JPN,1971,799.647
JPN,1972,861.054
JPN,1973,914.266
JPN,1974,914.306
JPN,1975,869.815
JPN,1976,909.575
JPN,1977,935.554
JPN,1978,905.088
JPN,1979,957.147
JPN,1980,948.552
JPN,1981,930.377
JPN,1982,900.724
JPN,1983,884.424
JPN,1984,940.542
JPN,1985,915.276
JPN,1986,914.049
JPN,1987,902.207
JPN,1988,984.698
JPN,1989,1021.298
JPN,1990,1154.853
JPN,1991,1166.552
JPN,1992,1175.454
JPN,1993,1169.328
JPN,1994,1223.158
JPN,1995,1235.873
JPN,1996,1248.69
JPN,1997,1240.98
JPN,1998,1201.334
JPN,1999,1238.121
JPN,2000,1260.203
JPN,2001,1245.935
JPN,2002,1275.42
JPN,2003,1283.845
JPN,2004,1279.122
JPN,2005,1286.412
JPN,2006,1263.44
JPN,2007,1298.974
JPN,2008,1228.687
JPN,2009,1160.253
JPN,2010,1211.09
JPN,2011,1261.181
JPN,2012,1302.113
JPN,2013,1311.876
JPN,2014,1260.272
JPN,2015,1219.982
JPN,2016,1199.933
JPN,2017,1184.392
JPN,2018,1138.55
JPN,2019,1102.063
JPN,2020,1037.285
JPN,2021,1058.502
JPN,2022,1029.645
JPN,2023,986.91
JPN,2024,961.867
KAZ,1830,0.001
KAZ,1831,0.001
KAZ,1832,0.001
KAZ,1833,0.001
KAZ,1850,0.008
KAZ,1851,0
KAZ,1852,0
KAZ,1853,0
KAZ,1854,0
KAZ,1855,0.023
KAZ,1856,0
KAZ,1857,0
KAZ,1858,0.032
KAZ,1859,0.034
KAZ,1860,0.045
KAZ,1861,0.057
KAZ,1862,0.052
KAZ,1863,0.054
KAZ,1864,0.061
KAZ,1865,0.058
KAZ,1866,0.183
KAZ,1867,0.21
KAZ,1868,0.175
KAZ,1869,0.237
KAZ,1870,0.257
KAZ,1871,0.347
KAZ,1872,0.356
KAZ,1873,0.334
KAZ,1874,0.406
KAZ,1875,0.467
KAZ,1876,0.58
KAZ,1877,0.592
KAZ,1878,0.773
KAZ,1879,0.794
KAZ,1880,0.931
KAZ,1881,0.981
KAZ,1882,1.033
KAZ,1883,1.176
KAZ,1884,1.194
KAZ,1885,1.3
KAZ,1886,1.333
KAZ,1887,1.411
KAZ,1888,1.472
KAZ,1889,1.589
KAZ,1890,1.8
KAZ,1891,1.982
KAZ,1892,2.098
KAZ,1893,2.459
KAZ,1894,2.504
KAZ,1895,2.878
KAZ,1896,2.929
KAZ,1897,3.387
KAZ,1898,3.799
KAZ,1899,4.407
KAZ,1900,4.992
KAZ,1901,5.125
KAZ,1902,4.95
KAZ,1903,4.842
KAZ,1904,5.387
KAZ,1905,4.809
KAZ,1906,5.485
KAZ,1907,6.144
KAZ,1908,6.181
KAZ,1909,6.525
KAZ,1910,6.399
KAZ,1911,6.634
KAZ,1912,7.515
KAZ,1913,8.164
KAZ,1914,7.368
KAZ,1915,6.763
KAZ,1916,7.208
KAZ,1917,6.634
KAZ,1918,2.646
KAZ,1919,2.26
KAZ,1920,2.061
KAZ,1921,2.235
KAZ,1922,2.725
KAZ,1923,3.011
KAZ,1924,3.587
KAZ,1925,3.54
KAZ,1926,5.129
KAZ,1927,6.377
KAZ,1928,7.103
KAZ,1929,7.652
KAZ,1930,10.395
KAZ,1931,12.485
KAZ,1932,14.069
KAZ,1933,15.715
KAZ,1934,19.013
KAZ,1935,21.527
KAZ,1936,24.693
KAZ,1937,25.244
KAZ,1938,26.643
KAZ,1939,26.969
KAZ,1940,32.325
KAZ,1941,28.405
KAZ,1942,15.41
KAZ,1943,16.083
KAZ,1944,23.323
KAZ,1945,24.713
KAZ,1946,27.788
KAZ,1947,33.469
KAZ,1948,35.631
KAZ,1949,40.509
KAZ,1950,45.172
KAZ,1951,48.969
KAZ,1952,52.447
KAZ,1953,55.497
KAZ,1954,60.629
KAZ,1955,68.757
KAZ,1956,75.383
KAZ,1957,82.503
KAZ,1958,88.075
KAZ,1959,92.626
KAZ,1960,96.467
KAZ,1961,99.49
KAZ,1962,104.415
KAZ,1963,111.949
KAZ,1964,119.03
KAZ,1965,126.269
KAZ,1966,133.351
KAZ,1967,139.409
KAZ,1968,143.289
KAZ,1969,149.192
KAZ,1970,156.965
KAZ,1971,166.438
KAZ,1972,175.003
KAZ,1973,182.272
KAZ,1974,189.075
KAZ,1975,198.61
KAZ,1976,206.067
KAZ,1977,212.883
KAZ,1978,219.992
KAZ,1979,221.657
KAZ,1980,230.263
KAZ,1981,225.578
KAZ,1982,229.742
KAZ,1983,232.792
KAZ,1984,234.663
KAZ,1985,253.15
KAZ,1986,258.134
KAZ,1987,256.685
KAZ,1988,273.733
KAZ,1989,264.606
KAZ,1990,267.405
KAZ,1991,260.421
KAZ,1992,233.523
KAZ,1993,207.559
KAZ,1994,174.671
KAZ,1995,168.468
KAZ,1996,154.716
KAZ,1997,147.293
KAZ,1998,145.622
KAZ,1999,118.762
KAZ,2000,142.197
KAZ,2001,138.036
KAZ,2002,156.768
KAZ,2003,175.022
KAZ,2004,185.476
KAZ,2005,198.449
KAZ,2006,219.633
KAZ,2007,225.712
KAZ,2008,226.102
KAZ,2009,223.189
KAZ,2010,248.093
KAZ,2011,238.157
KAZ,2012,245.263
KAZ,2013,253.533
KAZ,2014,299.137
KAZ,2015,303.052
KAZ,2016,301.739
KAZ,2017,317.72
KAZ,2018,329.572
KAZ,2019,296.04
KAZ,2020,281.789
KAZ,2021,244.904
KAZ,2022,274.346
KAZ,2023,286.175
KAZ,2024,287.006
KEN,1850,0
KEN,1851,0
KEN,1852,0
KEN,1853,0
KEN,1854,0
KEN,1855,0
KEN,1856,0
KEN,1857,0
KEN,1858,0
KEN,1859,0
KEN,1860,0
KEN,1861,0
KEN,1862,0
KEN,1863,0
KEN,1864,0
KEN,1865,0
KEN,1866,0
KEN,1867,0
KEN,1868,0
KEN,1869,0
KEN,1870,0
KEN,1871,0
KEN,1872,0
KEN,1873,0
KEN,1874,0
KEN,1875,0
KEN,1876,0
KEN,1877,0
KEN,1878,0
KEN,1879,0
KEN,1880,0
KEN,1881,0
KEN,1882,0
KEN,1883,0
KEN,1884,0
KEN,1885,0
KEN,1886,0
KEN,1887,0
KEN,1888,0
KEN,1889,0
KEN,1890,0
KEN,1891,0
KEN,1892,0
KEN,1893,0
KEN,1894,0
KEN,1895,0
KEN,1896,0
KEN,1897,0
KEN,1898,0
KEN,1899,0
KEN,1900,0
KEN,1901,0
KEN,1902,0
KEN,1903,0
KEN,1904,0
KEN,1905,0
KEN,1906,0
KEN,1907,0
KEN,1908,0
KEN,1909,0
KEN,1910,0
KEN,1911,0
KEN,1912,0
KEN,1913,0
KEN,1914,0
KEN,1915,0
KEN,1916,0
KEN,1917,0
KEN,1918,0
KEN,1919,0
KEN,1920,0
KEN,1921,0
KEN,1922,0
KEN,1923,0
KEN,1924,0
KEN,1925,0
KEN,1926,0
KEN,1927,0
KEN,1928,0
KEN,1929,0
KEN,1930,0
KEN,1931,0
KEN,1932,0
KEN,1933,0
KEN,1934,0
KEN,1935,0
KEN,1936,0
KEN,1937,0
KEN,1938,0
KEN,1939,0
KEN,1940,0
KEN,1941,0
KEN,1942,0
KEN,1943,0
KEN,1944,0
KEN,1945,0
KEN,1946,0
KEN,1947,0
KEN,1948,0
KEN,1949,0
KEN,1950,0.909
KEN,1951,1.392
KEN,1952,1.59
KEN,1953,1.513
KEN,1954,1.7
KEN,1955,1.985
KEN,1956,2.22
KEN,1957,2.282
KEN,1958,2.088
KEN,1959,2.208
KEN,1960,2.424
KEN,1961,2.399
KEN,1962,2.622
KEN,1963,2.853
KEN,1964,2.823
KEN,1965,2.464
KEN,1966,2.68
KEN,1967,2.698
KEN,1968,2.815
KEN,1969,3.126
KEN,1970,3.078
KEN,1971,3.678
KEN,1972,3.865
KEN,1973,3.912
KEN,1974,4.94
KEN,1975,4.965
KEN,1976,4.597
KEN,1977,5.041
KEN,1978,5.308
KEN,1979,5.025
KEN,1980,6.177
KEN,1981,6.505
KEN,1982,4.672
KEN,1983,4.638
KEN,1984,4.298
KEN,1985,3.753
KEN,1986,4.136
KEN,1987,5.146
KEN,1988,4.762
KEN,1989,5.164
KEN,1990,5.789
KEN,1991,4.805
KEN,1992,5.505
KEN,1993,6.312
KEN,1994,6.523
KEN,1995,7.515
KEN,1996,9.283
KEN,1997,8.227
KEN,1998,9.999
KEN,1999,10.021
KEN,2000,10.385
KEN,2001,9.224
KEN,2002,7.819
KEN,2003,6.716
KEN,2004,7.621
KEN,2005,8.454
KEN,2006,9.567
KEN,2007,9.734
KEN,2008,10.099
KEN,2009,12.185
KEN,2010,11.857
KEN,2011,12.218
KEN,2012,11.246
KEN,2013,12.163
KEN,2014,13.214
KEN,2015,15.212
KEN,2016,16.289
KEN,2017,16.181
KEN,2018,17.003
KEN,2019,18.159
KEN,2020,19.99
KEN,2021,20.59
KEN,2022,20.544
KEN,2023,21.186
KEN,2024,21.225
KGZ,1830,0
KGZ,1831,0
KGZ,1832,0
KGZ,1833,0
KGZ,1850,0.001
KGZ,1851,0
KGZ,1852,0
KGZ,1853,0
KGZ,1854,0
KGZ,1855,0.002
KGZ,1856,0
KGZ,1857,0
KGZ,1858,0.003
KGZ,1859,0.003
KGZ,1860,0.004
KGZ,1861,0.005
KGZ,1862,0.004
KGZ,1863,0.005
KGZ,1864,0.005
KGZ,1865,0.005
KGZ,1866,0.016
KGZ,1867,0.018
KGZ,1868,0.015
KGZ,1869,0.02
KGZ,1870,0.022
KGZ,1871,0.03
KGZ,1872,0.031
KGZ,1873,0.029
KGZ,1874,0.035
KGZ,1875,0.04
KGZ,1876,0.05
KGZ,1877,0.051
KGZ,1878,0.066
KGZ,1879,0.068
KGZ,1880,0.08
KGZ,1881,0.084
KGZ,1882,0.089
KGZ,1883,0.101
KGZ,1884,0.102
KGZ,1885,0.112
KGZ,1886,0.114
KGZ,1887,0.121
KGZ,1888,0.126
KGZ,1889,0.136
KGZ,1890,0.154
KGZ,1891,0.17
KGZ,1892,0.18
KGZ,1893,0.211
KGZ,1894,0.215
KGZ,1895,0.247
KGZ,1896,0.251
KGZ,1897,0.291
KGZ,1898,0.326
KGZ,1899,0.378
KGZ,1900,0.428
KGZ,1901,0.44
KGZ,1902,0.425
KGZ,1903,0.416
KGZ,1904,0.462
KGZ,1905,0.413
KGZ,1906,0.471
KGZ,1907,0.527
KGZ,1908,0.531
KGZ,1909,0.56
KGZ,1910,0.549
KGZ,1911,0.569
KGZ,1912,0.645
KGZ,1913,0.701
KGZ,1914,0.632
KGZ,1915,0.58
KGZ,1916,0.619
KGZ,1917,0.569
KGZ,1918,0.227
KGZ,1919,0.194
KGZ,1920,0.177
KGZ,1921,0.192
KGZ,1922,0.234
KGZ,1923,0.258
KGZ,1924,0.308
KGZ,1925,0.304
KGZ,1926,0.44
KGZ,1927,0.547
KGZ,1928,0.609
KGZ,1929,0.656
KGZ,1930,0.892
KGZ,1931,1.071
KGZ,1932,1.207
KGZ,1933,1.348
KGZ,1934,1.631
KGZ,1935,1.847
KGZ,1936,2.118
KGZ,1937,2.166
KGZ,1938,2.286
KGZ,1939,2.314
KGZ,1940,2.773
KGZ,1941,2.437
KGZ,1942,1.323
KGZ,1943,1.38
KGZ,1944,2.002
KGZ,1945,2.12
KGZ,1946,2.384
KGZ,1947,2.871
KGZ,1948,3.056
KGZ,1949,3.475
KGZ,1950,3.875
KGZ,1951,4.2
KGZ,1952,4.498
KGZ,1953,4.76
KGZ,1954,5.2
KGZ,1955,5.897
KGZ,1956,6.466
KGZ,1957,7.077
KGZ,1958,7.555
KGZ,1959,7.945
KGZ,1960,8.275
KGZ,1961,8.535
KGZ,1962,8.96
KGZ,1963,9.606
KGZ,1964,10.214
KGZ,1965,10.836
KGZ,1966,11.444
KGZ,1967,11.967
KGZ,1968,12.302
KGZ,1969,12.811
KGZ,1970,13.482
KGZ,1971,14.306
KGZ,1972,15.051
KGZ,1973,15.687
KGZ,1974,16.284
KGZ,1975,17.115
KGZ,1976,17.759
KGZ,1977,18.349
KGZ,1978,18.967
KGZ,1979,19.106
KGZ,1980,19.847
KGZ,1981,19.458
KGZ,1982,19.817
KGZ,1983,20.088
KGZ,1984,20.253
KGZ,1985,21.837
KGZ,1986,21.824
KGZ,1987,21.218
KGZ,1988,21.352
KGZ,1989,20.73
KGZ,1990,19.204
KGZ,1991,15.897
KGZ,1992,11.042
KGZ,1993,8.468
KGZ,1994,6.144
KGZ,1995,4.507
KGZ,1996,5.652
KGZ,1997,5.561
KGZ,1998,5.901
KGZ,1999,4.642
KGZ,2000,4.575
KGZ,2001,3.857
KGZ,2002,4.917
KGZ,2003,5.376
KGZ,2004,5.808
KGZ,2005,5.519
KGZ,2006,5.457
KGZ,2007,6.522
KGZ,2008,7.481
KGZ,2009,6.709
KGZ,2010,6.356
KGZ,2011,7.62
KGZ,2012,10.087
KGZ,2013,9.734
KGZ,2014,10.236
KGZ,2015,10.265
KGZ,2016,9.622
KGZ,2017,9.364
KGZ,2018,11.175
KGZ,2019,9.047
KGZ,2020,8.348
KGZ,2021,10.338
KGZ,2022,11.513
KGZ,2023,11.144
KGZ,2024,11.77
KHM,1750,0
KHM,1751,0
KHM,1752,0
KHM,1753,0
KHM,1754,0
KHM,1755,0
KHM,1756,0
KHM,1757,0
KHM,1758,0
KHM,1759,0
KHM,1760,0
KHM,1761,0
KHM,1762,0
KHM,1763,0
KHM,1764,0
KHM,1765,0
KHM,1766,0
KHM,1767,0
KHM,1768,0
KHM,1769,0
KHM,1770,0
KHM,1771,0
KHM,1772,0
KHM,1773,0
KHM,1774,0
KHM,1775,0
KHM,1776,0
KHM,1777,0
KHM,1778,0
KHM,1779,0
KHM,1780,0
KHM,1781,0
KHM,1782,0
KHM,1783,0
KHM,1784,0
KHM,1785,0
KHM,1786,0
KHM,1787,0
KHM,1788,0
KHM,1789,0
KHM,1790,0
KHM,1791,0
KHM,1792,0
KHM,1793,0
KHM,1794,0
KHM,1795,0
KHM,1796,0
KHM,1797,0
KHM,1798,0
KHM,1799,0
KHM,1800,0
KHM,1801,0
KHM,1802,0
KHM,1803,0
KHM,1804,0
KHM,1805,0
KHM,1806,0
KHM,1807,0
KHM,1808,0
KHM,1809,0
KHM,1810,0
KHM,1811,0
KHM,1812,0
KHM,1813,0
KHM,1814,0
KHM,1815,0
KHM,1816,0
KHM,1817,0
KHM,1818,0
KHM,1819,0
KHM,1820,0
KHM,1821,0
KHM,1822,0
KHM,1823,0
KHM,1824,0
KHM,1825,0
KHM,1826,0
KHM,1827,0
KHM,1828,0
KHM,1829,0
KHM,1830,0
KHM,1831,0
KHM,1832,0
KHM,1833,0
KHM,1834,0
KHM,1835,0
KHM,1836,0
KHM,1837,0
KHM,1838,0
KHM,1839,0
KHM,1840,0
KHM,1841,0
KHM,1842,0
KHM,1843,0
KHM,1844,0
KHM,1845,0
KHM,1846,0
KHM,1847,0
KHM,1848,0
KHM,1849,0
KHM,1850,0
KHM,1851,0
KHM,1852,0
KHM,1853,0
KHM,1854,0
KHM,1855,0
KHM,1856,0
KHM,1857,0
KHM,1858,0
KHM,1859,0
KHM,1860,0
KHM,1861,0
KHM,1862,0
KHM,1863,0
KHM,1864,0
KHM,1865,0
KHM,1866,0
KHM,1867,0
KHM,1868,0
KHM,1869,0
KHM,1870,0
KHM,1871,0
KHM,1872,0
KHM,1873,0
KHM,1874,0
KHM,1875,0
KHM,1876,0
KHM,1877,0
KHM,1878,0
KHM,1879,0
KHM,1880,0
KHM,1881,0
KHM,1882,0
KHM,1883,0
KHM,1884,0
KHM,1885,0
KHM,1886,0
KHM,1887,0
KHM,1888,0
KHM,1889,0
KHM,1890,0
KHM,1891,0
KHM,1892,0
KHM,1893,0
KHM,1894,0
KHM,1895,0
KHM,1896,0
KHM,1897,0
KHM,1898,0
KHM,1899,0
KHM,1900,0
KHM,1901,0
KHM,1902,0
KHM,1903,0
KHM,1904,0
KHM,1905,0
KHM,1906,0
KHM,1907,0
KHM,1908,0
KHM,1909,0
KHM,1910,0
KHM,1911,0
KHM,1912,0
KHM,1913,0
KHM,1914,0
KHM,1915,0
KHM,1916,0
KHM,1917,0
KHM,1918,0
KHM,1919,0
KHM,1920,0
KHM,1921,0
KHM,1922,0
KHM,1923,0
KHM,1924,0
KHM,1925,0
KHM,1926,0
KHM,1927,0
KHM,1928,0
KHM,1929,0
KHM,1930,0
KHM,1931,0
KHM,1932,0
KHM,1933,0
KHM,1934,0
KHM,1935,0
KHM,1936,0
KHM,1937,0
KHM,1938,0
KHM,1939,0
KHM,1940,0
KHM,1941,0
KHM,1942,0
KHM,1943,0
KHM,1944,0
KHM,1945,0
KHM,1946,0
KHM,1947,0
KHM,1948,0
KHM,1949,0
KHM,1950,0
KHM,1951,0
KHM,1952,0
KHM,1953,0
KHM,1954,0
KHM,1955,0.103
KHM,1956,0.132
KHM,1957,0.161
KHM,1958,0.198
KHM,1959,0.213
KHM,1960,0.234
KHM,1961,0.286
KHM,1962,0.308
KHM,1963,0.388
KHM,1964,0.337
KHM,1965,0.377
KHM,1966,0.44
KHM,1967,0.388
KHM,1968,0.462
KHM,1969,1.315
KHM,1970,1.154
KHM,1971,0.22
KHM,1972,0.092
KHM,1973,0.088
KHM,1974,0.048
KHM,1975,0.048
KHM,1976,0.048
KHM,1977,0.048
KHM,1978,0.048
KHM,1979,0.029
KHM,1980,0.286
KHM,1981,0.3
KHM,1982,0.337
KHM,1983,0.366
KHM,1984,0.41
KHM,1985,0.418
KHM,1986,0.432
KHM,1987,0.436
KHM,1988,0.451
KHM,1989,0.451
KHM,1990,1.26
KHM,1991,1.304
KHM,1992,1.348
KHM,1993,1.385
KHM,1994,1.425
KHM,1995,1.499
KHM,1996,1.517
KHM,1997,1.466
KHM,1998,1.876
KHM,1999,1.894
KHM,2000,1.997
KHM,2001,2.235
KHM,2002,2.154
KHM,2003,2.253
KHM,2004,2.239
KHM,2005,2.209
KHM,2006,2.847
KHM,2007,3.489
KHM,2008,3.936
KHM,2009,4.579
KHM,2010,5.067
KHM,2011,5.271
KHM,2012,5.572
KHM,2013,5.626
KHM,2014,6.702
KHM,2015,8.186
KHM,2016,10.644
KHM,2017,12.087
KHM,2018,13.938
KHM,2019,18.626
KHM,2020,20.991
KHM,2021,20.775
KHM,2022,20.865
KHM,2023,21.412
KHM,2024,21.883
KIR,1850,0
KIR,1851,0
KIR,1852,0
KIR,1853,0
KIR,1854,0
KIR,1855,0
KIR,1856,0
KIR,1857,0
KIR,1858,0
KIR,1859,0
KIR,1860,0
KIR,1861,0
KIR,1862,0
KIR,1863,0
KIR,1864,0
KIR,1865,0
KIR,1866,0
KIR,1867,0
KIR,1868,0
KIR,1869,0
KIR,1870,0
KIR,1871,0
KIR,1872,0
KIR,1873,0
KIR,1874,0
KIR,1875,0
KIR,1876,0
KIR,1877,0
KIR,1878,0
KIR,1879,0
KIR,1880,0
KIR,1881,0
KIR,1882,0
KIR,1883,0
KIR,1884,0
KIR,1885,0
KIR,1886,0
KIR,1887,0
KIR,1888,0
KIR,1889,0
KIR,1890,0
KIR,1891,0
KIR,1892,0
KIR,1893,0
KIR,1894,0
KIR,1895,0
KIR,1896,0
KIR,1897,0
KIR,1898,0
KIR,1899,0
KIR,1900,0
KIR,1901,0
KIR,1902,0
KIR,1903,0
KIR,1904,0
KIR,1905,0
KIR,1906,0
KIR,1907,0
KIR,1908,0
KIR,1909,0
KIR,1910,0
KIR,1911,0
KIR,1912,0
KIR,1913,0
KIR,1914,0
KIR,1915,0
KIR,1916,0
KIR,1917,0
KIR,1918,0
KIR,1919,0
KIR,1920,0
KIR,1921,0
KIR,1922,0
KIR,1923,0
KIR,1924,0
KIR,1925,0
KIR,1926,0
KIR,1927,0
KIR,1928,0
KIR,1929,0
KIR,1930,0
KIR,1931,0
KIR,1932,0
KIR,1933,0
KIR,1934,0
KIR,1935,0
KIR,1936,0
KIR,1937,0
KIR,1938,0
KIR,1939,0
KIR,1940,0
KIR,1941,0
KIR,1942,0
KIR,1943,0
KIR,1944,0
KIR,1945,0
KIR,1946,0
KIR,1947,0
KIR,1948,0
KIR,1949,0
KIR,1950,0
KIR,1951,0
KIR,1952,0
KIR,1953,0
KIR,1954,0
KIR,1955,0
KIR,1956,0
KIR,1957,0
KIR,1958,0
KIR,1959,0
KIR,1960,0
KIR,1961,0.007
KIR,1962,0.011
KIR,1963,0.018
KIR,1964,0.018
KIR,1965,0.011
KIR,1966,0.011
KIR,1967,0.022
KIR,1968,0.033
KIR,1969,0.011
KIR,1970,0.022
KIR,1971,0.029
KIR,1972,0.026
KIR,1973,0.037
KIR,1974,0.033
KIR,1975,0.033
KIR,1976,0.033
KIR,1977,0.022
KIR,1978,0.022
KIR,1979,0.026
KIR,1980,0.029
KIR,1981,0.029
KIR,1982,0.026
KIR,1983,0.022
KIR,1984,0.022
KIR,1985,0.022
KIR,1986,0.018
KIR,1987,0.022
KIR,1988,0.022
KIR,1989,0.022
KIR,1990,0.022
KIR,1991,0.022
KIR,1992,0.026
KIR,1993,0.029
KIR,1994,0.029
KIR,1995,0.029
KIR,1996,0.033
KIR,1997,0.029
KIR,1998,0.029
KIR,1999,0.029
KIR,2000,0.037
KIR,2001,0.033
KIR,2002,0.04
KIR,2003,0.04
KIR,2004,0.044
KIR,2005,0.048
KIR,2006,0.051
KIR,2007,0.051
KIR,2008,0.048
KIR,2009,0.048
KIR,2010,0.059
KIR,2011,0.055
KIR,2012,0.055
KIR,2013,0.055
KIR,2014,0.055
KIR,2015,0.059
KIR,2016,0.055
KIR,2017,0.07
KIR,2018,0.07
KIR,2019,0.07
KIR,2020,0.07
KIR,2021,0.07
KIR,2022,0.07
KIR,2023,0.069
KIR,2024,0.072
KNA,1850,0
KNA,1851,0
KNA,1852,0
KNA,1853,0
KNA,1854,0
KNA,1855,0
KNA,1856,0
KNA,1857,0
KNA,1858,0
KNA,1859,0
KNA,1860,0
KNA,1861,0
KNA,1862,0
KNA,1863,0
KNA,1864,0
KNA,1865,0
KNA,1866,0
KNA,1867,0
KNA,1868,0
KNA,1869,0
KNA,1870,0
KNA,1871,0
KNA,1872,0
KNA,1873,0
KNA,1874,0
KNA,1875,0
KNA,1876,0
KNA,1877,0
KNA,1878,0
KNA,1879,0
KNA,1880,0
KNA,1881,0
KNA,1882,0
KNA,1883,0
KNA,1884,0
KNA,1885,0
KNA,1886,0
KNA,1887,0
KNA,1888,0
KNA,1889,0
KNA,1890,0
KNA,1891,0
KNA,1892,0
KNA,1893,0
KNA,1894,0
KNA,1895,0
KNA,1896,0
KNA,1897,0
KNA,1898,0
KNA,1899,0
KNA,1900,0
KNA,1901,0
KNA,1902,0
KNA,1903,0
KNA,1904,0
KNA,1905,0
KNA,1906,0
KNA,1907,0
KNA,1908,0
KNA,1909,0
KNA,1910,0
KNA,1911,0
KNA,1912,0
KNA,1913,0
KNA,1914,0
KNA,1915,0
KNA,1916,0
KNA,1917,0
KNA,1918,0
KNA,1919,0
KNA,1920,0
KNA,1921,0
KNA,1922,0
KNA,1923,0
KNA,1924,0
KNA,1925,0
KNA,1926,0
KNA,1927,0
KNA,1928,0
KNA,1929,0
KNA,1930,0
KNA,1931,0
KNA,1932,0
KNA,1933,0
KNA,1934,0
KNA,1935,0
KNA,1936,0
KNA,1937,0
KNA,1938,0
KNA,1939,0
KNA,1940,0
KNA,1941,0
KNA,1942,0
KNA,1943,0
KNA,1944,0
KNA,1945,0
KNA,1946,0
KNA,1947,0
KNA,1948,0
KNA,1949,0
KNA,1950,0.006
KNA,1951,0.01
KNA,1952,0.007
KNA,1953,0.009
KNA,1954,0.006
KNA,1955,0.011
KNA,1956,0.011
KNA,1957,0.011
KNA,1958,0.011
KNA,1959,0.015
KNA,1960,0.011
KNA,1961,0.022
KNA,1962,0.015
KNA,1963,0.018
KNA,1964,0.018
KNA,1965,0.022
KNA,1966,0.022
KNA,1967,0.022
KNA,1968,0.033
KNA,1969,0.026
KNA,1970,0.026
KNA,1971,0.029
KNA,1972,0.029
KNA,1973,0.029
KNA,1974,0.037
KNA,1975,0.033
KNA,1976,0.037
KNA,1977,0.037
KNA,1978,0.033
KNA,1979,0.037
KNA,1980,0.051
KNA,1981,0.055
KNA,1982,0.066
KNA,1983,0.051
KNA,1984,0.051
KNA,1985,0.051
KNA,1986,0.059
KNA,1987,0.055
KNA,1988,0.066
KNA,1989,0.066
KNA,1990,0.106
KNA,1991,0.106
KNA,1992,0.11
KNA,1993,0.114
KNA,1994,0.121
KNA,1995,0.125
KNA,1996,0.132
KNA,1997,0.139
KNA,1998,0.15
KNA,1999,0.158
KNA,2000,0.172
KNA,2001,0.176
KNA,2002,0.194
KNA,2003,0.194
KNA,2004,0.209
KNA,2005,0.194
KNA,2006,0.202
KNA,2007,0.216
KNA,2008,0.216
KNA,2009,0.22
KNA,2010,0.22
KNA,2011,0.227
KNA,2012,0.224
KNA,2013,0.224
KNA,2014,0.227
KNA,2015,0.231
KNA,2016,0.238
KNA,2017,0.242
KNA,2018,0.249
KNA,2019,0.26
KNA,2020,0.242
KNA,2021,0.234
KNA,2022,0.251
KNA,2023,0.25
KNA,2024,0.26
KOR,1850,0
KOR,1851,0
KOR,1852,0
KOR,1853,0
KOR,1854,0
KOR,1855,0
KOR,1856,0
KOR,1857,0
KOR,1858,0
KOR,1859,0
KOR,1860,0
KOR,1861,0
KOR,1862,0
KOR,1863,0
KOR,1864,0
KOR,1865,0
KOR,1866,0
KOR,1867,0
KOR,1868,0
KOR,1869,0
KOR,1870,0
KOR,1871,0
KOR,1872,0
KOR,1873,0
KOR,1874,0
KOR,1875,0
KOR,1876,0
KOR,1877,0
KOR,1878,0
KOR,1879,0
KOR,1880,0
KOR,1881,0
KOR,1882,0
KOR,1883,0
KOR,1884,0
KOR,1885,0
KOR,1886,0
KOR,1887,0
KOR,1888,0
KOR,1889,0
KOR,1890,0
KOR,1891,0
KOR,1892,0
KOR,1893,0
KOR,1894,0
KOR,1895,0
KOR,1896,0
KOR,1897,0
KOR,1898,0
KOR,1899,0
KOR,1900,0
KOR,1901,0
KOR,1902,0
KOR,1903,0
KOR,1904,0
KOR,1905,0.001
KOR,1906,0
KOR,1907,0
KOR,1908,0
KOR,1909,0.008
KOR,1910,0.01
KOR,1911,0.012
KOR,1912,0.015
KOR,1913,0.018
KOR,1914,0.026
KOR,1915,0.032
KOR,1916,0.027
KOR,1917,0
KOR,1918,0.026
KOR,1919,0.031
KOR,1920,0.04
KOR,1921,0.043
KOR,1922,0.044
KOR,1923,0.053
KOR,1924,0.056
KOR,1925,0.089
KOR,1926,0.095
KOR,1927,0.099
KOR,1928,0.114
KOR,1929,0.131
KOR,1930,0.123
KOR,1931,0.131
KOR,1932,0.154
KOR,1933,0.182
KOR,1934,0.242
KOR,1935,0.284
KOR,1936,0.333
KOR,1937,0.357
KOR,1938,0.477
KOR,1939,0.623
KOR,1940,0.802
KOR,1941,0.894
KOR,1942,0.987
KOR,1943,0.956
KOR,1944,1.01
KOR,1945,0.004
KOR,1946,0.487
KOR,1947,0.898
KOR,1948,1.671
KOR,1949,2.176
KOR,1950,2.184
KOR,1951,2.924
KOR,1952,3.462
KOR,1953,4.693
KOR,1954,5.159
KOR,1955,6.445
KOR,1956,7.555
KOR,1957,8.214
KOR,1958,9.009
KOR,1959,11.221
KOR,1960,12.54
KOR,1961,14.449
KOR,1962,17.262
KOR,1963,21.083
KOR,1964,22.195
KOR,1965,24.978
KOR,1966,29.982
KOR,1967,35.113
KOR,1968,37.197
KOR,1969,42.468
KOR,1970,53.716
KOR,1971,58.534
KOR,1972,60.247
KOR,1973,72.975
KOR,1974,75.551
KOR,1975,81.666
KOR,1976,93.105
KOR,1977,105.46
KOR,1978,113.119
KOR,1979,132.874
KOR,1980,134.524
KOR,1981,139.59
KOR,1982,140.782
KOR,1983,149.134
KOR,1984,160.7
KOR,1985,168.758
KOR,1986,176.297
KOR,1987,185.358
KOR,1988,210.953
KOR,1989,223.51
KOR,1990,250.511
KOR,1991,275.688
KOR,1992,299.905
KOR,1993,330.174
KOR,1994,355.695
KOR,1995,383.665
KOR,1996,420.996
KOR,1997,444.968
KOR,1998,378.038
KOR,1999,410.519
KOR,2000,439.981
KOR,2001,455.631
KOR,2002,476.065
KOR,2003,485.213
KOR,2004,491.389
KOR,2005,498.688
KOR,2006,503.478
KOR,2007,521.709
KOR,2008,532.651
KOR,2009,537.82
KOR,2010,594.339
KOR,2011,623.443
KOR,2012,627.943
KOR,2013,634.581
KOR,2014,629.366
KOR,2015,634.177
KOR,2016,637.914
KOR,2017,654.537
KOR,2018,670.169
KOR,2019,646.102
KOR,2020,597.634
KOR,2021,616.075
KOR,2022,606.877
KOR,2023,589.178
KOR,2024,583.679
KWT,1850,0
KWT,1851,0
KWT,1852,0
KWT,1853,0
KWT,1854,0
KWT,1855,0
KWT,1856,0
KWT,1857,0
KWT,1858,0
KWT,1859,0
KWT,1860,0
KWT,1861,0
KWT,1862,0
KWT,1863,0
KWT,1864,0
KWT,1865,0
KWT,1866,0
KWT,1867,0
KWT,1868,0
KWT,1869,0
KWT,1870,0
KWT,1871,0
KWT,1872,0
KWT,1873,0
KWT,1874,0
KWT,1875,0
KWT,1876,0
KWT,1877,0
KWT,1878,0
KWT,1879,0
KWT,1880,0
KWT,1881,0
KWT,1882,0
KWT,1883,0
KWT,1884,0
KWT,1885,0
KWT,1886,0
KWT,1887,0
KWT,1888,0
KWT,1889,0
KWT,1890,0
KWT,1891,0
KWT,1892,0
KWT,1893,0
KWT,1894,0
KWT,1895,0
KWT,1896,0
KWT,1897,0
KWT,1898,0
KWT,1899,0
KWT,1900,0
KWT,1901,0
KWT,1902,0
KWT,1903,0
KWT,1904,0
KWT,1905,0
KWT,1906,0
KWT,1907,0
KWT,1908,0
KWT,1909,0
KWT,1910,0
KWT,1911,0
KWT,1912,0
KWT,1913,0
KWT,1914,0
KWT,1915,0
KWT,1916,0
KWT,1917,0
KWT,1918,0
KWT,1919,0
KWT,1920,0
KWT,1921,0
KWT,1922,0
KWT,1923,0
KWT,1924,0
KWT,1925,0
KWT,1926,0
KWT,1927,0
KWT,1928,0
KWT,1929,0
KWT,1930,0
KWT,1931,0
KWT,1932,0
KWT,1933,0
KWT,1934,0
KWT,1935,0
KWT,1936,0
KWT,1937,0
KWT,1938,0
KWT,1939,0
KWT,1940,0
KWT,1941,0
KWT,1942,0
KWT,1943,0
KWT,1944,0
KWT,1945,0
KWT,1946,2.455
KWT,1947,6.749
KWT,1948,0.337
KWT,1949,1.063
KWT,1950,0.385
KWT,1951,0.117
KWT,1952,0
KWT,1953,0
KWT,1954,1.403
KWT,1955,1.847
KWT,1956,1.041
KWT,1957,2.198
KWT,1958,3.69
KWT,1959,3.8
KWT,1960,7.797
KWT,1961,9.973
KWT,1962,14.279
KWT,1963,17.012
KWT,1964,25.315
KWT,1965,35.391
KWT,1966,35.123
KWT,1967,25.421
KWT,1968,23.149
KWT,1969,26.809
KWT,1970,25.021
KWT,1971,27.117
KWT,1972,27.612
KWT,1973,24.223
KWT,1974,19.312
KWT,1975,16.813
KWT,1976,18.458
KWT,1977,17.204
KWT,1978,20.979
KWT,1979,17.645
KWT,1980,24.644
KWT,1981,25.178
KWT,1982,21.136
KWT,1983,21.579
KWT,1984,28.33
KWT,1985,29.12
KWT,1986,35.277
KWT,1987,31.429
KWT,1988,32.873
KWT,1989,35.837
KWT,1990,37.863
KWT,1991,492.979
KWT,1992,29.683
KWT,1993,49.163
KWT,1994,57.265
KWT,1995,56.263
KWT,1996,51.768
KWT,1997,56.765
KWT,1998,52.91
KWT,1999,55.085
KWT,2000,54.98
KWT,2001,59.119
KWT,2002,60.114
KWT,2003,62.491
KWT,2004,65.855
KWT,2005,74.615
KWT,2006,76.222
KWT,2007,77.295
KWT,2008,84.442
KWT,2009,88.832
KWT,2010,89.721
KWT,2011,87.151
KWT,2012,101.201
KWT,2013,83.047
KWT,2014,74.994
KWT,2015,93.317
KWT,2016,104.019
KWT,2017,100.01
KWT,2018,102.453
KWT,2019,104.654
KWT,2020,90.103
KWT,2021,87.869
KWT,2022,115.849
KWT,2023,123.169
KWT,2024,129.519
LAO,1850,0
LAO,1851,0
LAO,1852,0
LAO,1853,0
LAO,1854,0
LAO,1855,0
LAO,1856,0
LAO,1857,0
LAO,1858,0
LAO,1859,0
LAO,1860,0
LAO,1861,0
LAO,1862,0
LAO,1863,0
LAO,1864,0
LAO,1865,0
LAO,1866,0
LAO,1867,0
LAO,1868,0
LAO,1869,0
LAO,1870,0
LAO,1871,0
LAO,1872,0
LAO,1873,0
LAO,1874,0
LAO,1875,0
LAO,1876,0
LAO,1877,0
LAO,1878,0
LAO,1879,0
LAO,1880,0
LAO,1881,0
LAO,1882,0
LAO,1883,0
LAO,1884,0
LAO,1885,0
LAO,1886,0
LAO,1887,0
LAO,1888,0
LAO,1889,0
LAO,1890,0
LAO,1891,0
LAO,1892,0
LAO,1893,0
LAO,1894,0
LAO,1895,0
LAO,1896,0
LAO,1897,0
LAO,1898,0
LAO,1899,0
LAO,1900,0
LAO,1901,0
LAO,1902,0
LAO,1903,0
LAO,1904,0
LAO,1905,0
LAO,1906,0
LAO,1907,0
LAO,1908,0
LAO,1909,0
LAO,1910,0
LAO,1911,0
LAO,1912,0
LAO,1913,0
LAO,1914,0
LAO,1915,0
LAO,1916,0
LAO,1917,0
LAO,1918,0
LAO,1919,0
LAO,1920,0
LAO,1921,0
LAO,1922,0
LAO,1923,0
LAO,1924,0
LAO,1925,0
LAO,1926,0
LAO,1927,0
LAO,1928,0
LAO,1929,0
LAO,1930,0
LAO,1931,0
LAO,1932,0
LAO,1933,0
LAO,1934,0
LAO,1935,0
LAO,1936,0
LAO,1937,0
LAO,1938,0
LAO,1939,0
LAO,1940,0
LAO,1941,0
LAO,1942,0
LAO,1943,0
LAO,1944,0
LAO,1945,0
LAO,1946,0
LAO,1947,0
LAO,1948,0
LAO,1949,0
LAO,1950,0
LAO,1951,0
LAO,1952,0
LAO,1953,0
LAO,1954,0
LAO,1955,0.026
LAO,1956,0.059
LAO,1957,0.059
LAO,1958,0.073
LAO,1959,0.077
LAO,1960,0.081
LAO,1961,0.114
LAO,1962,0.132
LAO,1963,0.147
LAO,1964,0.172
LAO,1965,0.18
LAO,1966,0.234
LAO,1967,0.319
LAO,1968,0.169
LAO,1969,0.319
LAO,1970,0.572
LAO,1971,0.421
LAO,1972,0.487
LAO,1973,0.517
LAO,1974,0.293
LAO,1975,0.253
LAO,1976,0.224
LAO,1977,0.231
LAO,1978,0.231
LAO,1979,0.224
LAO,1980,0.187
LAO,1981,0.15
LAO,1982,0.158
LAO,1983,0.18
LAO,1984,0.183
LAO,1985,0.205
LAO,1986,0.209
LAO,1987,0.213
LAO,1988,0.213
LAO,1989,0.231
LAO,1990,0.513
LAO,1991,0.546
LAO,1992,0.593
LAO,1993,0.607
LAO,1994,0.631
LAO,1995,0.671
LAO,1996,0.753
LAO,1997,0.792
LAO,1998,0.82
LAO,1999,0.846
LAO,2000,0.96
LAO,2001,1.059
LAO,2002,1.166
LAO,2003,1.221
LAO,2004,1.282
LAO,2005,1.337
LAO,2006,1.757
LAO,2007,1.836
LAO,2008,2.131
LAO,2009,2.667
LAO,2010,3.001
LAO,2011,3.097
LAO,2012,3.328
LAO,2013,4.198
LAO,2014,4.383
LAO,2015,9.185
LAO,2016,16.407
LAO,2017,19.625
LAO,2018,20.481
LAO,2019,18.34
LAO,2020,18.294
LAO,2021,21.837
LAO,2022,22.549
LAO,2023,24.157
LAO,2024,24.4
LBN,1850,0
LBN,1851,0
LBN,1852,0
LBN,1853,0
LBN,1854,0
LBN,1855,0
LBN,1856,0
LBN,1857,0
LBN,1858,0
LBN,1859,0
LBN,1860,0
LBN,1861,0
LBN,1862,0
LBN,1863,0
LBN,1864,0
LBN,1865,0
LBN,1866,0
LBN,1867,0
LBN,1868,0
LBN,1869,0
LBN,1870,0
LBN,1871,0
LBN,1872,0
LBN,1873,0
LBN,1874,0
LBN,1875,0
LBN,1876,0
LBN,1877,0
LBN,1878,0
LBN,1879,0
LBN,1880,0
LBN,1881,0
LBN,1882,0
LBN,1883,0
LBN,1884,0
LBN,1885,0
LBN,1886,0
LBN,1887,0
LBN,1888,0
LBN,1889,0
LBN,1890,0
LBN,1891,0
LBN,1892,0
LBN,1893,0
LBN,1894,0
LBN,1895,0
LBN,1896,0
LBN,1897,0
LBN,1898,0
LBN,1899,0
LBN,1900,0
LBN,1901,0
LBN,1902,0
LBN,1903,0
LBN,1904,0
LBN,1905,0
LBN,1906,0
LBN,1907,0
LBN,1908,0
LBN,1909,0
LBN,1910,0
LBN,1911,0
LBN,1912,0
LBN,1913,0
LBN,1914,0
LBN,1915,0
LBN,1916,0
LBN,1917,0
LBN,1918,0
LBN,1919,0
LBN,1920,0
LBN,1921,0
LBN,1922,0
LBN,1923,0
LBN,1924,0
LBN,1925,0
LBN,1926,0
LBN,1927,0
LBN,1928,0
LBN,1929,0
LBN,1930,0
LBN,1931,0.004
LBN,1932,0.011
LBN,1933,0.015
LBN,1934,0
LBN,1935,0.051
LBN,1936,0.058
LBN,1937,0.062
LBN,1938,0.062
LBN,1939,0.058
LBN,1940,0.022
LBN,1941,0.022
LBN,1942,0.349
LBN,1943,0.036
LBN,1944,0.065
LBN,1945,0.073
LBN,1946,0.073
LBN,1947,0.084
LBN,1948,0.102
LBN,1949,0.116
LBN,1950,1.512
LBN,1951,1.457
LBN,1952,1.175
LBN,1953,1.248
LBN,1954,1.307
LBN,1955,1.621
LBN,1956,1.885
LBN,1957,2.064
LBN,1958,1.98
LBN,1959,2.448
LBN,1960,2.576
LBN,1961,2.679
LBN,1962,2.851
LBN,1963,3.023
LBN,1964,3.261
LBN,1965,3.312
LBN,1966,3.623
LBN,1967,3.565
LBN,1968,3.693
LBN,1969,4.344
LBN,1970,3.941
LBN,1971,5.301
LBN,1972,5.653
LBN,1973,7.067
LBN,1974,7.088
LBN,1975,6.265
LBN,1976,5.924
LBN,1977,5.386
LBN,1978,5.496
LBN,1979,5.785
LBN,1980,5.89
LBN,1981,5.844
LBN,1982,5.719
LBN,1983,6.942
LBN,1984,6.713
LBN,1985,7.765
LBN,1986,7.478
LBN,1987,7.67
LBN,1988,7.346
LBN,1989,7.721
LBN,1990,7.868
LBN,1991,8.115
LBN,1992,9.727
LBN,1993,10.355
LBN,1994,11.111
LBN,1995,12.255
LBN,1996,12.753
LBN,1997,15.099
LBN,1998,16.286
LBN,1999,16.43
LBN,2000,15.466
LBN,2001,16.407
LBN,2002,16.244
LBN,2003,18.529
LBN,2004,17.208
LBN,2005,16.65
LBN,2006,14.792
LBN,2007,13.746
LBN,2008,17.418
LBN,2009,20.958
LBN,2010,19.997
LBN,2011,20.264
LBN,2012,22.332
LBN,2013,22.164
LBN,2014,23.992
LBN,2015,25.731
LBN,2016,26.438
LBN,2017,27.821
LBN,2018,25.812
LBN,2019,25.141
LBN,2020,23.694
LBN,2021,19.474
LBN,2022,15.361
LBN,2023,15.559
LBN,2024,15.65
LBR,1850,0
LBR,1851,0
LBR,1852,0
LBR,1853,0
LBR,1854,0
LBR,1855,0
LBR,1856,0
LBR,1857,0
LBR,1858,0
LBR,1859,0
LBR,1860,0
LBR,1861,0
LBR,1862,0
LBR,1863,0
LBR,1864,0
LBR,1865,0
LBR,1866,0
LBR,1867,0
LBR,1868,0
LBR,1869,0
LBR,1870,0
LBR,1871,0
LBR,1872,0
LBR,1873,0
LBR,1874,0
LBR,1875,0
LBR,1876,0
LBR,1877,0
LBR,1878,0
LBR,1879,0
LBR,1880,0
LBR,1881,0
LBR,1882,0
LBR,1883,0
LBR,1884,0
LBR,1885,0
LBR,1886,0
LBR,1887,0
LBR,1888,0
LBR,1889,0
LBR,1890,0
LBR,1891,0
LBR,1892,0
LBR,1893,0
LBR,1894,0
LBR,1895,0
LBR,1896,0
LBR,1897,0
LBR,1898,0
LBR,1899,0
LBR,1900,0
LBR,1901,0
LBR,1902,0
LBR,1903,0
LBR,1904,0
LBR,1905,0
LBR,1906,0
LBR,1907,0
LBR,1908,0
LBR,1909,0
LBR,1910,0
LBR,1911,0
LBR,1912,0
LBR,1913,0
LBR,1914,0
LBR,1915,0
LBR,1916,0
LBR,1917,0
LBR,1918,0
LBR,1919,0
LBR,1920,0
LBR,1921,0
LBR,1922,0
LBR,1923,0
LBR,1924,0
LBR,1925,0
LBR,1926,0
LBR,1927,0
LBR,1928,0
LBR,1929,0
LBR,1930,0
LBR,1931,0
LBR,1932,0
LBR,1933,0
LBR,1934,0
LBR,1935,0
LBR,1936,0
LBR,1937,0
LBR,1938,0
LBR,1939,0
LBR,1940,0
LBR,1941,0
LBR,1942,0
LBR,1943,0
LBR,1944,0
LBR,1945,0
LBR,1946,0
LBR,1947,0
LBR,1948,0
LBR,1949,0
LBR,1950,0.048
LBR,1951,0.044
LBR,1952,0.055
LBR,1953,0.059
LBR,1954,0.103
LBR,1955,0.059
LBR,1956,0.048
LBR,1957,0.084
LBR,1958,0.161
LBR,1959,0.143
LBR,1960,0.165
LBR,1961,0.161
LBR,1962,0.253
LBR,1963,0.355
LBR,1964,0.484
LBR,1965,0.557
LBR,1966,0.612
LBR,1967,0.612
LBR,1968,0.883
LBR,1969,1.271
LBR,1970,1.451
LBR,1971,1.524
LBR,1972,1.506
LBR,1973,1.48
LBR,1974,1.722
LBR,1975,1.484
LBR,1976,1.476
LBR,1977,1.471
LBR,1978,1.503
LBR,1979,1.942
LBR,1980,2.038
LBR,1981,1.935
LBR,1982,0.597
LBR,1983,0.707
LBR,1984,0.695
LBR,1985,0.716
LBR,1986,0.723
LBR,1987,0.758
LBR,1988,0.809
LBR,1989,0.66
LBR,1990,0.456
LBR,1991,0.375
LBR,1992,0.392
LBR,1993,0.417
LBR,1994,0.415
LBR,1995,0.416
LBR,1996,0.427
LBR,1997,0.446
LBR,1998,0.473
LBR,1999,0.376
LBR,2000,0.402
LBR,2001,0.414
LBR,2002,0.432
LBR,2003,0.461
LBR,2004,0.543
LBR,2005,0.651
LBR,2006,0.669
LBR,2007,0.629
LBR,2008,0.531
LBR,2009,0.522
LBR,2010,0.709
LBR,2011,0.822
LBR,2012,0.915
LBR,2013,0.874
LBR,2014,0.734
LBR,2015,0.699
LBR,2016,0.647
LBR,2017,0.667
LBR,2018,0.609
LBR,2019,0.932
LBR,2020,0.777
LBR,2021,0.783
LBR,2022,0.864
LBR,2023,0.834
LBR,2024,0.859
LBY,1850,0
LBY,1851,0
LBY,1852,0
LBY,1853,0
LBY,1854,0
LBY,1855,0
LBY,1856,0
LBY,1857,0
LBY,1858,0
LBY,1859,0
LBY,1860,0
LBY,1861,0
LBY,1862,0
LBY,1863,0
LBY,1864,0
LBY,1865,0
LBY,1866,0
LBY,1867,0
LBY,1868,0
LBY,1869,0
LBY,1870,0
LBY,1871,0
LBY,1872,0
LBY,1873,0
LBY,1874,0
LBY,1875,0
LBY,1876,0
LBY,1877,0
LBY,1878,0
LBY,1879,0
LBY,1880,0
LBY,1881,0
LBY,1882,0
LBY,1883,0
LBY,1884,0
LBY,1885,0
LBY,1886,0
LBY,1887,0
LBY,1888,0
LBY,1889,0
LBY,1890,0
LBY,1891,0
LBY,1892,0
LBY,1893,0
LBY,1894,0
LBY,1895,0
LBY,1896,0
LBY,1897,0
LBY,1898,0
LBY,1899,0
LBY,1900,0
LBY,1901,0
LBY,1902,0
LBY,1903,0
LBY,1904,0
LBY,1905,0
LBY,1906,0
LBY,1907,0
LBY,1908,0
LBY,1909,0
LBY,1910,0
LBY,1911,0
LBY,1912,0
LBY,1913,0
LBY,1914,0
LBY,1915,0
LBY,1916,0
LBY,1917,0
LBY,1918,0
LBY,1919,0
LBY,1920,0
LBY,1921,0
LBY,1922,0
LBY,1923,0
LBY,1924,0
LBY,1925,0
LBY,1926,0
LBY,1927,0
LBY,1928,0
LBY,1929,0
LBY,1930,0
LBY,1931,0
LBY,1932,0
LBY,1933,0
LBY,1934,0
LBY,1935,0
LBY,1936,0
LBY,1937,0
LBY,1938,0
LBY,1939,0
LBY,1940,0
LBY,1941,0
LBY,1942,0
LBY,1943,0
LBY,1944,0
LBY,1945,0
LBY,1946,0
LBY,1947,0
LBY,1948,0
LBY,1949,0
LBY,1950,0.143
LBY,1951,0.169
LBY,1952,0.165
LBY,1953,0.249
LBY,1954,0.3
LBY,1955,0.429
LBY,1956,0.33
LBY,1957,0.311
LBY,1958,0.352
LBY,1959,0.432
LBY,1960,0.692
LBY,1961,1.194
LBY,1962,1.048
LBY,1963,1.462
LBY,1964,0.663
LBY,1965,1.015
LBY,1966,2.627
LBY,1967,18.492
LBY,1968,30.114
LBY,1969,35.522
LBY,1970,32.305
LBY,1971,21.628
LBY,1972,15.22
LBY,1973,14.575
LBY,1974,9.338
LBY,1975,11.568
LBY,1976,17.888
LBY,1977,20.198
LBY,1978,21.155
LBY,1979,25.926
LBY,1980,26.781
LBY,1981,28.668
LBY,1982,30.565
LBY,1983,30.146
LBY,1984,28.276
LBY,1985,31.002
LBY,1986,33.895
LBY,1987,32.348
LBY,1988,36.16
LBY,1989,37.069
LBY,1990,36.514
LBY,1991,42.62
LBY,1992,37.024
LBY,1993,38.708
LBY,1994,51.36
LBY,1995,54.596
LBY,1996,53.952
LBY,1997,51.779
LBY,1998,51.653
LBY,1999,50.26
LBY,2000,53.239
LBY,2001,53.114
LBY,2002,52.525
LBY,2003,55.481
LBY,2004,56.854
LBY,2005,55.986
LBY,2006,51.45
LBY,2007,44.392
LBY,2008,49.699
LBY,2009,51.627
LBY,2010,59.148
LBY,2011,53.542
LBY,2012,61.606
LBY,2013,51.344
LBY,2014,68.348
LBY,2015,60.866
LBY,2016,57.379
LBY,2017,67.092
LBY,2018,62.645
LBY,2019,73.778
LBY,2020,36.111
LBY,2021,56.312
LBY,2022,58.974
LBY,2023,64.219
LBY,2024,65.26
LCA,1850,0
LCA,1851,0
LCA,1852,0
LCA,1853,0
LCA,1854,0
LCA,1855,0
LCA,1856,0
LCA,1857,0
LCA,1858,0
LCA,1859,0
LCA,1860,0
LCA,1861,0
LCA,1862,0
LCA,1863,0
LCA,1864,0
LCA,1865,0
LCA,1866,0
LCA,1867,0
LCA,1868,0
LCA,1869,0
LCA,1870,0
LCA,1871,0
LCA,1872,0
LCA,1873,0
LCA,1874,0
LCA,1875,0
LCA,1876,0
LCA,1877,0
LCA,1878,0
LCA,1879,0
LCA,1880,0
LCA,1881,0
LCA,1882,0
LCA,1883,0
LCA,1884,0
LCA,1885,0
LCA,1886,0
LCA,1887,0
LCA,1888,0
LCA,1889,0
LCA,1890,0
LCA,1891,0
LCA,1892,0
LCA,1893,0
LCA,1894,0
LCA,1895,0
LCA,1896,0
LCA,1897,0
LCA,1898,0
LCA,1899,0
LCA,1900,0
LCA,1901,0
LCA,1902,0
LCA,1903,0
LCA,1904,0
LCA,1905,0
LCA,1906,0
LCA,1907,0
LCA,1908,0
LCA,1909,0
LCA,1910,0
LCA,1911,0
LCA,1912,0
LCA,1913,0
LCA,1914,0
LCA,1915,0
LCA,1916,0
LCA,1917,0
LCA,1918,0
LCA,1919,0
LCA,1920,0
LCA,1921,0
LCA,1922,0
LCA,1923,0
LCA,1924,0
LCA,1925,0
LCA,1926,0
LCA,1927,0
LCA,1928,0
LCA,1929,0
LCA,1930,0
LCA,1931,0
LCA,1932,0
LCA,1933,0
LCA,1934,0
LCA,1935,0
LCA,1936,0
LCA,1937,0
LCA,1938,0
LCA,1939,0
LCA,1940,0
LCA,1941,0
LCA,1942,0
LCA,1943,0
LCA,1944,0
LCA,1945,0
LCA,1946,0
LCA,1947,0
LCA,1948,0
LCA,1949,0
LCA,1950,0.004
LCA,1951,0.011
LCA,1952,0.007
LCA,1953,0.011
LCA,1954,0.007
LCA,1955,0.011
LCA,1956,0.011
LCA,1957,0.011
LCA,1958,0.011
LCA,1959,0.011
LCA,1960,0.015
LCA,1961,0.018
LCA,1962,0.018
LCA,1963,0.022
LCA,1964,0.022
LCA,1965,0.026
LCA,1966,0.029
LCA,1967,0.033
LCA,1968,0.037
LCA,1969,0.062
LCA,1970,0.066
LCA,1971,0.07
LCA,1972,0.077
LCA,1973,0.081
LCA,1974,0.073
LCA,1975,0.077
LCA,1976,0.084
LCA,1977,0.07
LCA,1978,0.099
LCA,1979,0.15
LCA,1980,0.114
LCA,1981,0.095
LCA,1982,0.114
LCA,1983,0.103
LCA,1984,0.114
LCA,1985,0.128
LCA,1986,0.132
LCA,1987,0.147
LCA,1988,0.165
LCA,1989,0.165
LCA,1990,0.18
LCA,1991,0.187
LCA,1992,0.213
LCA,1993,0.234
LCA,1994,0.26
LCA,1995,0.275
LCA,1996,0.293
LCA,1997,0.293
LCA,1998,0.322
LCA,1999,0.337
LCA,2000,0.341
LCA,2001,0.359
LCA,2002,0.355
LCA,2003,0.377
LCA,2004,0.399
LCA,2005,0.392
LCA,2006,0.414
LCA,2007,0.421
LCA,2008,0.425
LCA,2009,0.425
LCA,2010,0.484
LCA,2011,0.484
LCA,2012,0.487
LCA,2013,0.487
LCA,2014,0.487
LCA,2015,0.48
LCA,2016,0.473
LCA,2017,0.495
LCA,2018,0.509
LCA,2019,0.502
LCA,2020,0.487
LCA,2021,0.506
LCA,2022,0.518
LCA,2023,0.517
LCA,2024,0.537
LIE,1850,0
LIE,1851,0
LIE,1852,0
LIE,1853,0
LIE,1854,0
LIE,1855,0
LIE,1856,0
LIE,1857,0
LIE,1858,0
LIE,1859,0
LIE,1860,0
LIE,1861,0
LIE,1862,0
LIE,1863,0
LIE,1864,0
LIE,1865,0
LIE,1866,0
LIE,1867,0
LIE,1868,0
LIE,1869,0
LIE,1870,0
LIE,1871,0
LIE,1872,0
LIE,1873,0
LIE,1874,0
LIE,1875,0
LIE,1876,0
LIE,1877,0
LIE,1878,0
LIE,1879,0
LIE,1880,0
LIE,1881,0
LIE,1882,0
LIE,1883,0
LIE,1884,0
LIE,1885,0
LIE,1886,0
LIE,1887,0
LIE,1888,0
LIE,1889,0
LIE,1890,0
LIE,1891,0
LIE,1892,0
LIE,1893,0
LIE,1894,0
LIE,1895,0
LIE,1896,0
LIE,1897,0
LIE,1898,0
LIE,1899,0
LIE,1900,0
LIE,1901,0
LIE,1902,0
LIE,1903,0
LIE,1904,0
LIE,1905,0
LIE,1906,0
LIE,1907,0
LIE,1908,0
LIE,1909,0
LIE,1910,0
LIE,1911,0
LIE,1912,0
LIE,1913,0
LIE,1914,0
LIE,1915,0
LIE,1916,0
LIE,1917,0
LIE,1918,0
LIE,1919,0
LIE,1920,0
LIE,1921,0
LIE,1922,0
LIE,1923,0
LIE,1924,0
LIE,1925,0
LIE,1926,0
LIE,1927,0
LIE,1928,0
LIE,1929,0
LIE,1930,0
LIE,1931,0
LIE,1932,0
LIE,1933,0
LIE,1934,0
LIE,1935,0
LIE,1936,0
LIE,1937,0
LIE,1938,0
LIE,1939,0
LIE,1940,0
LIE,1941,0
LIE,1942,0
LIE,1943,0
LIE,1944,0
LIE,1945,0
LIE,1946,0
LIE,1947,0
LIE,1948,0
LIE,1949,0
LIE,1950,0
LIE,1951,0
LIE,1952,0
LIE,1953,0
LIE,1954,0
LIE,1955,0
LIE,1956,0
LIE,1957,0
LIE,1958,0
LIE,1959,0.012
LIE,1960,0.015
LIE,1961,0.017
LIE,1962,0.017
LIE,1963,0.019
LIE,1964,0.058
LIE,1965,0.062
LIE,1966,0.061
LIE,1967,0.061
LIE,1968,0.074
LIE,1969,0.088
LIE,1970,0.111
LIE,1971,0.116
LIE,1972,0.108
LIE,1973,0.135
LIE,1974,0.109
LIE,1975,0.137
LIE,1976,0.134
LIE,1977,0.152
LIE,1978,0.152
LIE,1979,0.131
LIE,1980,0.158
LIE,1981,0.148
LIE,1982,0.104
LIE,1983,0.131
LIE,1984,0.136
LIE,1985,0.17
LIE,1986,0.195
LIE,1987,0.135
LIE,1988,0.179
LIE,1989,0.187
LIE,1990,0.199
LIE,1991,0.206
LIE,1992,0.207
LIE,1993,0.215
LIE,1994,0.201
LIE,1995,0.204
LIE,1996,0.206
LIE,1997,0.218
LIE,1998,0.229
LIE,1999,0.227
LIE,2000,0.217
LIE,2001,0.215
LIE,2002,0.22
LIE,2003,0.229
LIE,2004,0.229
LIE,2005,0.229
LIE,2006,0.231
LIE,2007,0.201
LIE,2008,0.219
LIE,2009,0.205
LIE,2010,0.191
LIE,2011,0.177
LIE,2012,0.185
LIE,2013,0.192
LIE,2014,0.161
LIE,2015,0.16
LIE,2016,0.15
LIE,2017,0.155
LIE,2018,0.143
LIE,2019,0.149
LIE,2020,0.142
LIE,2021,0.146
LIE,2022,0.128
LIE,2023,0.131
LIE,2024,0.132
LKA,1850,0
LKA,1851,0
LKA,1852,0
LKA,1853,0
LKA,1854,0
LKA,1855,0
LKA,1856,0
LKA,1857,0
LKA,1858,0
LKA,1859,0
LKA,1860,0
LKA,1861,0
LKA,1862,0
LKA,1863,0
LKA,1864,0
LKA,1865,0
LKA,1866,0
LKA,1867,0
LKA,1868,0
LKA,1869,0
LKA,1870,0
LKA,1871,0
LKA,1872,0
LKA,1873,0
LKA,1874,0
LKA,1875,0
LKA,1876,0
LKA,1877,0
LKA,1878,0
LKA,1879,0
LKA,1880,0
LKA,1881,0
LKA,1882,0
LKA,1883,0
LKA,1884,0
LKA,1885,0
LKA,1886,0
LKA,1887,0
LKA,1888,0
LKA,1889,0
LKA,1890,0
LKA,1891,0
LKA,1892,0
LKA,1893,0
LKA,1894,0
LKA,1895,0
LKA,1896,0
LKA,1897,0
LKA,1898,0
LKA,1899,0
LKA,1900,0
LKA,1901,0
LKA,1902,0
LKA,1903,0
LKA,1904,0
LKA,1905,0
LKA,1906,0
LKA,1907,0
LKA,1908,0
LKA,1909,0
LKA,1910,0
LKA,1911,0
LKA,1912,0
LKA,1913,0
LKA,1914,0
LKA,1915,0
LKA,1916,0
LKA,1917,0
LKA,1918,0
LKA,1919,0
LKA,1920,0
LKA,1921,0
LKA,1922,0
LKA,1923,0
LKA,1924,0
LKA,1925,0
LKA,1926,0
LKA,1927,0
LKA,1928,0
LKA,1929,0
LKA,1930,0
LKA,1931,0
LKA,1932,0
LKA,1933,0
LKA,1934,0
LKA,1935,0
LKA,1936,0
LKA,1937,0
LKA,1938,0
LKA,1939,0
LKA,1940,0
LKA,1941,0
LKA,1942,0
LKA,1943,0
LKA,1944,0
LKA,1945,0
LKA,1946,0
LKA,1947,0
LKA,1948,0
LKA,1949,0
LKA,1950,1.627
LKA,1951,1.546
LKA,1952,1.938
LKA,1953,2.066
LKA,1954,1.784
LKA,1955,1.663
LKA,1956,1.418
LKA,1957,2.319
LKA,1958,1.949
LKA,1959,2.055
LKA,1960,2.257
LKA,1961,2.334
LKA,1962,2.561
LKA,1963,2.532
LKA,1964,2.271
LKA,1965,2.656
LKA,1966,2.66
LKA,1967,2.945
LKA,1968,3.238
LKA,1969,4.315
LKA,1970,3.593
LKA,1971,3.19
LKA,1972,3.532
LKA,1973,3.674
LKA,1974,2.914
LKA,1975,2.878
LKA,1976,2.781
LKA,1977,2.896
LKA,1978,3.409
LKA,1979,3.78
LKA,1980,3.36
LKA,1981,3.972
LKA,1982,4.432
LKA,1983,4.826
LKA,1984,3.823
LKA,1985,3.88
LKA,1986,3.623
LKA,1987,3.988
LKA,1988,3.43
LKA,1989,3.42
LKA,1990,3.802
LKA,1991,4.107
LKA,1992,5.036
LKA,1993,4.912
LKA,1994,5.342
LKA,1995,5.717
LKA,1996,6.863
LKA,1997,7.401
LKA,1998,7.621
LKA,1999,8.381
LKA,2000,9.99
LKA,2001,10.158
LKA,2002,10.787
LKA,2003,10.761
LKA,2004,11.908
LKA,2005,11.67
LKA,2006,11.503
LKA,2007,11.844
LKA,2008,11.648
LKA,2009,12.572
LKA,2010,12.697
LKA,2011,14.476
LKA,2012,15.389
LKA,2013,14.143
LKA,2014,17.076
LKA,2015,19.179
LKA,2016,22.339
LKA,2017,22.168
LKA,2018,20.137
LKA,2019,21.106
LKA,2020,20.412
LKA,2021,20.823
LKA,2022,18.377
LKA,2023,19.166
LKA,2024,20.826
LSO,1850,0
LSO,1851,0
LSO,1852,0
LSO,1853,0
LSO,1854,0
LSO,1855,0
LSO,1856,0
LSO,1857,0
LSO,1858,0
LSO,1859,0
LSO,1860,0
LSO,1861,0
LSO,1862,0
LSO,1863,0
LSO,1864,0
LSO,1865,0
LSO,1866,0
LSO,1867,0
LSO,1868,0
LSO,1869,0
LSO,1870,0
LSO,1871,0
LSO,1872,0
LSO,1873,0
LSO,1874,0
LSO,1875,0
LSO,1876,0
LSO,1877,0
LSO,1878,0
LSO,1879,0
LSO,1880,0
LSO,1881,0
LSO,1882,0
LSO,1883,0
LSO,1884,0
LSO,1885,0
LSO,1886,0
LSO,1887,0
LSO,1888,0
LSO,1889,0
LSO,1890,0
LSO,1891,0
LSO,1892,0
LSO,1893,0
LSO,1894,0
LSO,1895,0
LSO,1896,0
LSO,1897,0
LSO,1898,0
LSO,1899,0
LSO,1900,0
LSO,1901,0
LSO,1902,0
LSO,1903,0
LSO,1904,0
LSO,1905,0
LSO,1906,0
LSO,1907,0
LSO,1908,0
LSO,1909,0
LSO,1910,0
LSO,1911,0
LSO,1912,0
LSO,1913,0
LSO,1914,0
LSO,1915,0
LSO,1916,0
LSO,1917,0
LSO,1918,0
LSO,1919,0
LSO,1920,0
LSO,1921,0
LSO,1922,0
LSO,1923,0
LSO,1924,0
LSO,1925,0
LSO,1926,0
LSO,1927,0
LSO,1928,0
LSO,1929,0
LSO,1930,0
LSO,1931,0
LSO,1932,0
LSO,1933,0
LSO,1934,0
LSO,1935,0
LSO,1936,0
LSO,1937,0
LSO,1938,0
LSO,1939,0
LSO,1940,0
LSO,1941,0
LSO,1942,0
LSO,1943,0
LSO,1944,0
LSO,1945,0
LSO,1946,0
LSO,1947,0
LSO,1948,0
LSO,1949,0
LSO,1950,0
LSO,1951,0
LSO,1952,0
LSO,1953,0
LSO,1954,0
LSO,1955,0
LSO,1956,0
LSO,1957,0
LSO,1958,0
LSO,1959,0
LSO,1960,0
LSO,1961,0
LSO,1962,0
LSO,1963,0
LSO,1964,0
LSO,1965,0
LSO,1966,0
LSO,1967,0
LSO,1968,0
LSO,1969,0
LSO,1970,0
LSO,1971,0
LSO,1972,0
LSO,1973,0
LSO,1974,0
LSO,1975,0
LSO,1976,0
LSO,1977,0
LSO,1978,0
LSO,1979,0
LSO,1980,0
LSO,1981,0
LSO,1982,0
LSO,1983,0
LSO,1984,0
LSO,1985,0
LSO,1986,0
LSO,1987,0
LSO,1988,0
LSO,1989,0
LSO,1990,1.473
LSO,1991,1.528
LSO,1992,1.587
LSO,1993,1.63
LSO,1994,1.674
LSO,1995,1.707
LSO,1996,1.737
LSO,1997,1.77
LSO,1998,1.803
LSO,1999,1.825
LSO,2000,1.85
LSO,2001,1.872
LSO,2002,1.905
LSO,2003,1.931
LSO,2004,1.979
LSO,2005,2.012
LSO,2006,2.034
LSO,2007,2.074
LSO,2008,2.121
LSO,2009,2.217
LSO,2010,2.275
LSO,2011,2.759
LSO,2012,2.792
LSO,2013,2.125
LSO,2014,2.242
LSO,2015,2.045
LSO,2016,2.026
LSO,2017,2.286
LSO,2018,2.165
LSO,2019,2.187
LSO,2020,1.986
LSO,2021,3.096
LSO,2022,2.551
LSO,2023,2.494
LSO,2024,2.572
LTU,1830,0
LTU,1831,0
LTU,1832,0
LTU,1833,0
LTU,1850,0.001
LTU,1851,0
LTU,1852,0
LTU,1853,0
LTU,1854,0
LTU,1855,0.004
LTU,1856,0
LTU,1857,0
LTU,1858,0.005
LTU,1859,0.005
LTU,1860,0.007
LTU,1861,0.009
LTU,1862,0.008
LTU,1863,0.008
LTU,1864,0.01
LTU,1865,0.009
LTU,1866,0.029
LTU,1867,0.033
LTU,1868,0.027
LTU,1869,0.037
LTU,1870,0.04
LTU,1871,0.054
LTU,1872,0.056
LTU,1873,0.052
LTU,1874,0.064
LTU,1875,0.073
LTU,1876,0.091
LTU,1877,0.093
LTU,1878,0.121
LTU,1879,0.125
LTU,1880,0.146
LTU,1881,0.154
LTU,1882,0.162
LTU,1883,0.185
LTU,1884,0.187
LTU,1885,0.204
LTU,1886,0.209
LTU,1887,0.222
LTU,1888,0.231
LTU,1889,0.25
LTU,1890,0.283
LTU,1891,0.311
LTU,1892,0.329
LTU,1893,0.386
LTU,1894,0.393
LTU,1895,0.452
LTU,1896,0.46
LTU,1897,0.532
LTU,1898,0.597
LTU,1899,0.692
LTU,1900,0.784
LTU,1901,0.805
LTU,1902,0.777
LTU,1903,0.76
LTU,1904,0.846
LTU,1905,0.755
LTU,1906,0.861
LTU,1907,0.965
LTU,1908,0.971
LTU,1909,1.025
LTU,1910,1.005
LTU,1911,1.042
LTU,1912,1.18
LTU,1913,1.282
LTU,1914,1.157
LTU,1915,1.062
LTU,1916,1.132
LTU,1917,1.042
LTU,1918,0.415
LTU,1919,0.355
LTU,1920,0.324
LTU,1921,0.351
LTU,1922,0.428
LTU,1923,0.473
LTU,1924,0.563
LTU,1925,0.556
LTU,1926,0.805
LTU,1927,1.001
LTU,1928,1.103
LTU,1929,1.189
LTU,1930,1.622
LTU,1931,1.95
LTU,1932,2.194
LTU,1933,2.453
LTU,1934,2.965
LTU,1935,3.352
LTU,1936,3.838
LTU,1937,3.928
LTU,1938,4.146
LTU,1939,4.197
LTU,1940,5.03
LTU,1941,4.422
LTU,1942,2.42
LTU,1943,2.526
LTU,1944,3.663
LTU,1945,3.863
LTU,1946,4.332
LTU,1947,5.211
LTU,1948,5.536
LTU,1949,6.292
LTU,1950,7.003
LTU,1951,7.583
LTU,1952,8.12
LTU,1953,8.59
LTU,1954,9.375
LTU,1955,10.631
LTU,1956,11.666
LTU,1957,12.768
LTU,1958,13.632
LTU,1959,14.331
LTU,1960,14.922
LTU,1961,15.398
LTU,1962,16.18
LTU,1963,17.366
LTU,1964,18.479
LTU,1965,19.604
LTU,1966,20.706
LTU,1967,21.674
LTU,1968,22.305
LTU,1969,23.247
LTU,1970,24.462
LTU,1971,26.01
LTU,1972,27.418
LTU,1973,28.633
LTU,1974,29.785
LTU,1975,31.359
LTU,1976,32.585
LTU,1977,33.722
LTU,1978,34.922
LTU,1979,35.22
LTU,1980,36.614
LTU,1981,35.991
LTU,1982,36.681
LTU,1983,37.243
LTU,1984,37.601
LTU,1985,40.511
LTU,1986,36.063
LTU,1987,36.071
LTU,1988,36.467
LTU,1989,36.817
LTU,1990,35.738
LTU,1991,37.82
LTU,1992,21.168
LTU,1993,16.32
LTU,1994,15.767
LTU,1995,15.057
LTU,1996,15.74
LTU,1997,15.163
LTU,1998,15.997
LTU,1999,13.45
LTU,2000,11.843
LTU,2001,12.594
LTU,2002,12.666
LTU,2003,12.659
LTU,2004,13.254
LTU,2005,13.863
LTU,2006,14.195
LTU,2007,15.474
LTU,2008,14.919
LTU,2009,12.829
LTU,2010,13.802
LTU,2011,13.96
LTU,2012,14.054
LTU,2013,13.148
LTU,2014,12.846
LTU,2015,13.045
LTU,2016,13.102
LTU,2017,13.277
LTU,2018,13.414
LTU,2019,13.647
LTU,2020,13.5
LTU,2021,13.778
LTU,2022,12.895
LTU,2023,12.507
LTU,2024,12.542
LUX,1850,0
LUX,1851,0
LUX,1852,0
LUX,1853,0
LUX,1854,0
LUX,1855,0
LUX,1856,0
LUX,1857,0
LUX,1858,0
LUX,1859,0
LUX,1860,0
LUX,1861,0
LUX,1862,0
LUX,1863,0
LUX,1864,0
LUX,1865,0
LUX,1866,0
LUX,1867,0
LUX,1868,0
LUX,1869,0
LUX,1870,0
LUX,1871,0
LUX,1872,0
LUX,1873,0
LUX,1874,0
LUX,1875,0
LUX,1876,0
LUX,1877,0
LUX,1878,0
LUX,1879,0
LUX,1880,0
LUX,1881,0
LUX,1882,0
LUX,1883,0
LUX,1884,0
LUX,1885,0
LUX,1886,0
LUX,1887,0
LUX,1888,0
LUX,1889,0
LUX,1890,0
LUX,1891,0
LUX,1892,0
LUX,1893,0
LUX,1894,0
LUX,1895,0
LUX,1896,0
LUX,1897,0
LUX,1898,0
LUX,1899,0
LUX,1900,0
LUX,1901,0
LUX,1902,0
LUX,1903,0
LUX,1904,0
LUX,1905,0
LUX,1906,0
LUX,1907,0
LUX,1908,0
LUX,1909,0
LUX,1910,0
LUX,1911,0
LUX,1912,0
LUX,1913,0
LUX,1914,0
LUX,1915,0
LUX,1916,0
LUX,1917,0
LUX,1918,0
LUX,1919,0
LUX,1920,0
LUX,1921,0
LUX,1922,0
LUX,1923,0
LUX,1924,0
LUX,1925,0
LUX,1926,0
LUX,1927,0
LUX,1928,0
LUX,1929,0
LUX,1930,0
LUX,1931,0
LUX,1932,0
LUX,1933,0
LUX,1934,0
LUX,1935,0
LUX,1936,0
LUX,1937,0
LUX,1938,0
LUX,1939,0
LUX,1940,0
LUX,1941,0
LUX,1942,0
LUX,1943,0
LUX,1944,0
LUX,1945,0.025
LUX,1946,0.036
LUX,1947,0.044
LUX,1948,0.051
LUX,1949,0.058
LUX,1950,7.426
LUX,1951,9.02
LUX,1952,9.412
LUX,1953,8.661
LUX,1954,8.789
LUX,1955,9.896
LUX,1956,10.379
LUX,1957,10.848
LUX,1958,10.094
LUX,1959,10.431
LUX,1960,11.519
LUX,1961,11.592
LUX,1962,11.552
LUX,1963,11.449
LUX,1964,12.307
LUX,1965,12.204
LUX,1966,11.618
LUX,1967,11.361
LUX,1968,12.266
LUX,1969,13.19
LUX,1970,13.743
LUX,1971,13.198
LUX,1972,13.5
LUX,1973,14.179
LUX,1974,14.428
LUX,1975,11.868
LUX,1976,11.865
LUX,1977,10.958
LUX,1978,11.884
LUX,1979,12.162
LUX,1980,11.077
LUX,1981,9.49
LUX,1982,8.932
LUX,1983,8.371
LUX,1984,9.008
LUX,1985,9.241
LUX,1986,9.115
LUX,1987,8.812
LUX,1988,9.103
LUX,1989,9.85
LUX,1990,11.809
LUX,1991,12.42
LUX,1992,12.189
LUX,1993,12.338
LUX,1994,11.524
LUX,1995,9.134
LUX,1996,9.186
LUX,1997,8.548
LUX,1998,7.657
LUX,1999,8.119
LUX,2000,8.702
LUX,2001,9.205
LUX,2002,9.978
LUX,2003,10.451
LUX,2004,11.816
LUX,2005,12.076
LUX,2006,11.906
LUX,2007,11.302
LUX,2008,11.167
LUX,2009,10.62
LUX,2010,11.191
LUX,2011,11.09
LUX,2012,10.858
LUX,2013,10.323
LUX,2014,9.807
LUX,2015,9.334
LUX,2016,9.077
LUX,2017,9.251
LUX,2018,9.556
LUX,2019,9.75
LUX,2020,8.069
LUX,2021,8.41
LUX,2022,7.274
LUX,2023,6.841
LUX,2024,7.04
LVA,1830,0
LVA,1831,0
LVA,1832,0
LVA,1833,0
LVA,1850,0.001
LVA,1851,0
LVA,1852,0
LVA,1853,0
LVA,1854,0
LVA,1855,0.002
LVA,1856,0
LVA,1857,0
LVA,1858,0.003
LVA,1859,0.003
LVA,1860,0.005
LVA,1861,0.006
LVA,1862,0.005
LVA,1863,0.005
LVA,1864,0.006
LVA,1865,0.006
LVA,1866,0.018
LVA,1867,0.021
LVA,1868,0.018
LVA,1869,0.024
LVA,1870,0.026
LVA,1871,0.035
LVA,1872,0.036
LVA,1873,0.034
LVA,1874,0.041
LVA,1875,0.047
LVA,1876,0.058
LVA,1877,0.06
LVA,1878,0.078
LVA,1879,0.08
LVA,1880,0.094
LVA,1881,0.099
LVA,1882,0.104
LVA,1883,0.118
LVA,1884,0.12
LVA,1885,0.131
LVA,1886,0.134
LVA,1887,0.142
LVA,1888,0.148
LVA,1889,0.16
LVA,1890,0.181
LVA,1891,0.2
LVA,1892,0.211
LVA,1893,0.248
LVA,1894,0.252
LVA,1895,0.29
LVA,1896,0.295
LVA,1897,0.341
LVA,1898,0.382
LVA,1899,0.444
LVA,1900,0.503
LVA,1901,0.516
LVA,1902,0.498
LVA,1903,0.487
LVA,1904,0.542
LVA,1905,0.484
LVA,1906,0.552
LVA,1907,0.619
LVA,1908,0.622
LVA,1909,0.657
LVA,1910,0.644
LVA,1911,0.668
LVA,1912,0.757
LVA,1913,0.822
LVA,1914,0.742
LVA,1915,0.681
LVA,1916,0.726
LVA,1917,0.668
LVA,1918,0.266
LVA,1919,0.228
LVA,1920,0.207
LVA,1921,0.225
LVA,1922,0.274
LVA,1923,0.303
LVA,1924,0.361
LVA,1925,0.356
LVA,1926,0.516
LVA,1927,0.642
LVA,1928,0.709
LVA,1929,0.763
LVA,1930,1.043
LVA,1931,1.254
LVA,1932,1.409
LVA,1933,1.573
LVA,1934,1.9
LVA,1935,2.149
LVA,1936,2.459
LVA,1937,2.513
LVA,1938,2.648
LVA,1939,2.679
LVA,1940,3.246
LVA,1941,2.852
LVA,1942,1.552
LVA,1943,1.619
LVA,1944,2.348
LVA,1945,2.485
LVA,1946,2.792
LVA,1947,3.361
LVA,1948,3.576
LVA,1949,4.065
LVA,1950,4.53
LVA,1951,4.909
LVA,1952,5.258
LVA,1953,5.563
LVA,1954,6.075
LVA,1955,6.889
LVA,1956,7.555
LVA,1957,8.269
LVA,1958,8.827
LVA,1959,9.282
LVA,1960,9.667
LVA,1961,9.972
LVA,1962,10.471
LVA,1963,11.231
LVA,1964,11.946
LVA,1965,12.674
LVA,1966,13.387
LVA,1967,14.002
LVA,1968,14.4
LVA,1969,14.999
LVA,1970,15.779
LVA,1971,16.753
LVA,1972,17.636
LVA,1973,18.393
LVA,1974,19.106
LVA,1975,20.094
LVA,1976,20.868
LVA,1977,21.581
LVA,1978,22.326
LVA,1979,22.51
LVA,1980,23.395
LVA,1981,22.965
LVA,1982,23.397
LVA,1983,23.737
LVA,1984,23.952
LVA,1985,25.819
LVA,1986,23.609
LVA,1987,19.294
LVA,1988,18.865
LVA,1989,17.943
LVA,1990,19.662
LVA,1991,17.92
LVA,1992,14.194
LVA,1993,11.922
LVA,1994,10.37
LVA,1995,9.134
LVA,1996,9.212
LVA,1997,8.68
LVA,1998,8.306
LVA,1999,7.718
LVA,2000,7.082
LVA,2001,7.497
LVA,2002,7.52
LVA,2003,7.726
LVA,2004,7.731
LVA,2005,7.811
LVA,2006,8.31
LVA,2007,8.637
LVA,2008,8.198
LVA,2009,7.456
LVA,2010,8.555
LVA,2011,7.808
LVA,2012,7.52
LVA,2013,7.369
LVA,2014,7.172
LVA,2015,7.262
LVA,2016,7.211
LVA,2017,7.215
LVA,2018,7.843
LVA,2019,7.633
LVA,2020,6.999
LVA,2021,7.218
LVA,2022,6.608
LVA,2023,6.59
LVA,2024,6.462
MAC,1750,0
MAC,1751,0
MAC,1752,0
MAC,1753,0
MAC,1754,0
MAC,1755,0
MAC,1756,0
MAC,1757,0
MAC,1758,0
MAC,1759,0
MAC,1760,0
MAC,1761,0
MAC,1762,0
MAC,1763,0
MAC,1764,0
MAC,1765,0
MAC,1766,0
MAC,1767,0
MAC,1768,0
MAC,1769,0
MAC,1770,0
MAC,1771,0
MAC,1772,0
MAC,1773,0
MAC,1774,0
MAC,1775,0
MAC,1776,0
MAC,1777,0
MAC,1778,0
MAC,1779,0
MAC,1780,0
MAC,1781,0
MAC,1782,0
MAC,1783,0
MAC,1784,0
MAC,1785,0
MAC,1786,0
MAC,1787,0
MAC,1788,0
MAC,1789,0
MAC,1790,0
MAC,1791,0
MAC,1792,0
MAC,1793,0
MAC,1794,0
MAC,1795,0
MAC,1796,0
MAC,1797,0
MAC,1798,0
MAC,1799,0
MAC,1800,0
MAC,1801,0
MAC,1802,0
MAC,1803,0
MAC,1804,0
MAC,1805,0
MAC,1806,0
MAC,1807,0
MAC,1808,0
MAC,1809,0
MAC,1810,0
MAC,1811,0
MAC,1812,0
MAC,1813,0
MAC,1814,0
MAC,1815,0
MAC,1816,0
MAC,1817,0
MAC,1818,0
MAC,1819,0
MAC,1820,0
MAC,1821,0
MAC,1822,0
MAC,1823,0
MAC,1824,0
MAC,1825,0
MAC,1826,0
MAC,1827,0
MAC,1828,0
MAC,1829,0
MAC,1830,0
MAC,1831,0
MAC,1832,0
MAC,1833,0
MAC,1834,0
MAC,1835,0
MAC,1836,0
MAC,1837,0
MAC,1838,0
MAC,1839,0
MAC,1840,0
MAC,1841,0
MAC,1842,0
MAC,1843,0
MAC,1844,0
MAC,1845,0
MAC,1846,0
MAC,1847,0
MAC,1848,0
MAC,1849,0
MAC,1850,0
MAC,1851,0
MAC,1852,0
MAC,1853,0
MAC,1854,0
MAC,1855,0
MAC,1856,0
MAC,1857,0
MAC,1858,0
MAC,1859,0
MAC,1860,0
MAC,1861,0
MAC,1862,0
MAC,1863,0
MAC,1864,0
MAC,1865,0
MAC,1866,0
MAC,1867,0
MAC,1868,0
MAC,1869,0
MAC,1870,0
MAC,1871,0
MAC,1872,0
MAC,1873,0
MAC,1874,0
MAC,1875,0
MAC,1876,0
MAC,1877,0
MAC,1878,0
MAC,1879,0
MAC,1880,0
MAC,1881,0
MAC,1882,0
MAC,1883,0
MAC,1884,0
MAC,1885,0
MAC,1886,0
MAC,1887,0
MAC,1888,0
MAC,1889,0
MAC,1890,0
MAC,1891,0
MAC,1892,0
MAC,1893,0
MAC,1894,0
MAC,1895,0
MAC,1896,0
MAC,1897,0
MAC,1898,0
MAC,1899,0
MAC,1900,0
MAC,1901,0
MAC,1902,0
MAC,1903,0
MAC,1904,0
MAC,1905,0
MAC,1906,0
MAC,1907,0
MAC,1908,0
MAC,1909,0
MAC,1910,0
MAC,1911,0
MAC,1912,0
MAC,1913,0
MAC,1914,0
MAC,1915,0
MAC,1916,0
MAC,1917,0
MAC,1918,0
MAC,1919,0
MAC,1920,0
MAC,1921,0
MAC,1922,0
MAC,1923,0
MAC,1924,0
MAC,1925,0
MAC,1926,0
MAC,1927,0
MAC,1928,0
MAC,1929,0
MAC,1930,0
MAC,1931,0
MAC,1932,0
MAC,1933,0
MAC,1934,0
MAC,1935,0
MAC,1936,0
MAC,1937,0
MAC,1938,0
MAC,1939,0
MAC,1940,0
MAC,1941,0
MAC,1942,0
MAC,1943,0
MAC,1944,0
MAC,1945,0
MAC,1946,0
MAC,1947,0
MAC,1948,0
MAC,1949,0
MAC,1950,0
MAC,1951,0
MAC,1952,0
MAC,1953,0
MAC,1954,0.022
MAC,1955,0.022
MAC,1956,0.026
MAC,1957,0.029
MAC,1958,0.029
MAC,1959,0.037
MAC,1960,0.051
MAC,1961,0.07
MAC,1962,0.095
MAC,1963,0.106
MAC,1964,0.128
MAC,1965,0.132
MAC,1966,0.15
MAC,1967,0.165
MAC,1968,0.169
MAC,1969,0.169
MAC,1970,0.205
MAC,1971,0.227
MAC,1972,0.231
MAC,1973,0.224
MAC,1974,0.267
MAC,1975,0.297
MAC,1976,0.253
MAC,1977,0.308
MAC,1978,0.414
MAC,1979,0.414
MAC,1980,0.528
MAC,1981,0.535
MAC,1982,0.484
MAC,1983,0.682
MAC,1984,0.605
MAC,1985,0.733
MAC,1986,0.876
MAC,1987,0.971
MAC,1988,0.964
MAC,1989,1.03
MAC,1990,0.901
MAC,1991,0.967
MAC,1992,0.978
MAC,1993,1.103
MAC,1994,1.18
MAC,1995,1.125
MAC,1996,1.301
MAC,1997,1.367
MAC,1998,1.444
MAC,1999,1.425
MAC,2000,1.528
MAC,2001,1.561
MAC,2002,1.389
MAC,2003,1.422
MAC,2004,1.583
MAC,2005,1.682
MAC,2006,1.455
MAC,2007,1.363
MAC,2008,1.129
MAC,2009,1.894
MAC,2010,1.235
MAC,2011,1.293
MAC,2012,1.132
MAC,2013,0.989
MAC,2014,1.293
MAC,2015,1.773
MAC,2016,1.781
MAC,2017,1.927
MAC,2018,1.242
MAC,2019,1.213
MAC,2020,1.033
MAC,2021,1.03
MAC,2022,1.049
MAC,2023,1.043
MAC,2024,1.056
MAR,1850,0
MAR,1851,0
MAR,1852,0
MAR,1853,0
MAR,1854,0
MAR,1855,0
MAR,1856,0
MAR,1857,0
MAR,1858,0
MAR,1859,0
MAR,1860,0
MAR,1861,0
MAR,1862,0
MAR,1863,0
MAR,1864,0
MAR,1865,0
MAR,1866,0
MAR,1867,0
MAR,1868,0
MAR,1869,0
MAR,1870,0
MAR,1871,0
MAR,1872,0
MAR,1873,0
MAR,1874,0
MAR,1875,0
MAR,1876,0
MAR,1877,0
MAR,1878,0
MAR,1879,0
MAR,1880,0
MAR,1881,0
MAR,1882,0
MAR,1883,0
MAR,1884,0
MAR,1885,0
MAR,1886,0
MAR,1887,0
MAR,1888,0
MAR,1889,0
MAR,1890,0
MAR,1891,0
MAR,1892,0
MAR,1893,0
MAR,1894,0
MAR,1895,0
MAR,1896,0
MAR,1897,0
MAR,1898,0
MAR,1899,0
MAR,1900,0
MAR,1901,0
MAR,1902,0
MAR,1903,0
MAR,1904,0
MAR,1905,0
MAR,1906,0
MAR,1907,0
MAR,1908,0
MAR,1909,0
MAR,1910,0
MAR,1911,0
MAR,1912,0
MAR,1913,0
MAR,1914,0
MAR,1915,0
MAR,1916,0
MAR,1917,0
MAR,1918,0
MAR,1919,0
MAR,1920,0
MAR,1921,0
MAR,1922,0
MAR,1923,0
MAR,1924,0
MAR,1925,0
MAR,1926,0
MAR,1927,0
MAR,1928,0.029
MAR,1929,0.033
MAR,1930,0.04
MAR,1931,0.091
MAR,1932,0.149
MAR,1933,0.175
MAR,1934,0.19
MAR,1935,0.234
MAR,1936,0.212
MAR,1937,0.369
MAR,1938,0.465
MAR,1939,0.319
MAR,1940,0.396
MAR,1941,0.388
MAR,1942,0.33
MAR,1943,0.355
MAR,1944,0.421
MAR,1945,0.524
MAR,1946,0.684
MAR,1947,0.831
MAR,1948,0.941
MAR,1949,1.087
MAR,1950,2.56
MAR,1951,2.926
MAR,1952,3.563
MAR,1953,4.171
MAR,1954,3.584
MAR,1955,3.555
MAR,1956,3.519
MAR,1957,3.054
MAR,1958,3.267
MAR,1959,3.369
MAR,1960,3.636
MAR,1961,3.771
MAR,1962,3.075
MAR,1963,3.954
MAR,1964,4.415
MAR,1965,4.254
MAR,1966,5.46
MAR,1967,5.408
MAR,1968,5.62
MAR,1969,5.817
MAR,1970,7.282
MAR,1971,8.186
MAR,1972,8.028
MAR,1973,9.613
MAR,1974,11.099
MAR,1975,11.065
MAR,1976,11.49
MAR,1977,12.625
MAR,1978,12.992
MAR,1979,15.85
MAR,1980,15.818
MAR,1981,15.718
MAR,1982,16.905
MAR,1983,17.627
MAR,1984,17.645
MAR,1985,17.682
MAR,1986,18.684
MAR,1987,19.905
MAR,1988,20.931
MAR,1989,22.661
MAR,1990,22.298
MAR,1991,23.688
MAR,1992,24.737
MAR,1993,26.782
MAR,1994,28.124
MAR,1995,28.75
MAR,1996,29.525
MAR,1997,29.978
MAR,1998,30.881
MAR,1999,31.989
MAR,2000,33.199
MAR,2001,36.809
MAR,2002,37.31
MAR,2003,36.57
MAR,2004,42.226
MAR,2005,44.661
MAR,2006,46.249
MAR,2007,48.913
MAR,2008,51.372
MAR,2009,50.86
MAR,2010,54.365
MAR,2011,54.868
MAR,2012,56.954
MAR,2013,56.606
MAR,2014,57.175
MAR,2015,58.499
MAR,2016,58.457
MAR,2017,61.104
MAR,2018,62.315
MAR,2019,68.743
MAR,2020,64.542
MAR,2021,70.275
MAR,2022,69.779
MAR,2023,68.961
MAR,2024,69.062
MCO,1850,0
MCO,1851,0
MCO,1852,0
MCO,1853,0
MCO,1854,0
MCO,1855,0
MCO,1856,0
MCO,1857,0
MCO,1858,0
MCO,1859,0
MCO,1860,0
MCO,1861,0
MCO,1862,0
MCO,1863,0
MCO,1864,0
MCO,1865,0
MCO,1866,0
MCO,1867,0
MCO,1868,0
MCO,1869,0
MCO,1870,0
MCO,1871,0
MCO,1872,0
MCO,1873,0
MCO,1874,0
MCO,1875,0
MCO,1876,0
MCO,1877,0
MCO,1878,0
MCO,1879,0
MCO,1880,0
MCO,1881,0
MCO,1882,0
MCO,1883,0
MCO,1884,0
MCO,1885,0
MCO,1886,0
MCO,1887,0
MCO,1888,0
MCO,1889,0
MCO,1890,0
MCO,1891,0
MCO,1892,0
MCO,1893,0
MCO,1894,0
MCO,1895,0
MCO,1896,0
MCO,1897,0
MCO,1898,0
MCO,1899,0
MCO,1900,0
MCO,1901,0
MCO,1902,0
MCO,1903,0
MCO,1904,0
MCO,1905,0
MCO,1906,0
MCO,1907,0
MCO,1908,0
MCO,1909,0
MCO,1910,0
MCO,1911,0
MCO,1912,0
MCO,1913,0
MCO,1914,0
MCO,1915,0
MCO,1916,0
MCO,1917,0
MCO,1918,0
MCO,1919,0
MCO,1920,0
MCO,1921,0
MCO,1922,0
MCO,1923,0
MCO,1924,0
MCO,1925,0
MCO,1926,0
MCO,1927,0
MCO,1928,0
MCO,1929,0
MCO,1930,0
MCO,1931,0
MCO,1932,0
MCO,1933,0
MCO,1934,0
MCO,1935,0
MCO,1936,0
MCO,1937,0
MCO,1938,0
MCO,1939,0
MCO,1940,0
MCO,1941,0
MCO,1942,0
MCO,1943,0
MCO,1944,0
MCO,1945,0
MCO,1946,0
MCO,1947,0
MCO,1948,0
MCO,1949,0
MCO,1950,0
MCO,1951,0
MCO,1952,0
MCO,1953,0
MCO,1954,0
MCO,1955,0
MCO,1956,0
MCO,1957,0
MCO,1958,0
MCO,1959,0
MCO,1960,0
MCO,1961,0
MCO,1962,0
MCO,1963,0
MCO,1964,0
MCO,1965,0
MCO,1966,0
MCO,1967,0
MCO,1968,0
MCO,1969,0
MCO,1970,0
MCO,1971,0
MCO,1972,0
MCO,1973,0
MCO,1974,0
MCO,1975,0
MCO,1976,0
MCO,1977,0
MCO,1978,0
MCO,1979,0
MCO,1980,0
MCO,1981,0
MCO,1982,0
MCO,1983,0
MCO,1984,0
MCO,1985,0
MCO,1986,0
MCO,1987,0
MCO,1988,0
MCO,1989,0
MCO,1990,0
MCO,1991,0
MCO,1992,0
MCO,1993,0
MCO,1994,0
MCO,1995,0
MCO,1996,0
MCO,1997,0
MCO,1998,0
MCO,1999,0
MCO,2000,0
MCO,2001,0
MCO,2002,0
MCO,2003,0
MCO,2004,0
MCO,2005,0
MCO,2006,0
MCO,2007,0
MCO,2008,0
MCO,2009,0
MCO,2010,0
MCO,2011,0
MCO,2012,0
MCO,2013,0
MCO,2014,0
MCO,2015,0
MCO,2016,0
MCO,2017,0
MCO,2018,0
MCO,2019,0
MCO,2020,0
MCO,2021,0
MCO,2022,0
MCO,2023,0
MCO,2024,0
MDA,1830,0
MDA,1831,0
MDA,1832,0
MDA,1833,0
MDA,1850,0.001
MDA,1851,0
MDA,1852,0
MDA,1853,0
MDA,1854,0
MDA,1855,0.004
MDA,1856,0
MDA,1857,0
MDA,1858,0.005
MDA,1859,0.005
MDA,1860,0.007
MDA,1861,0.009
MDA,1862,0.008
MDA,1863,0.008
MDA,1864,0.009
MDA,1865,0.009
MDA,1866,0.028
MDA,1867,0.033
MDA,1868,0.027
MDA,1869,0.037
MDA,1870,0.04
MDA,1871,0.054
MDA,1872,0.055
MDA,1873,0.052
MDA,1874,0.063
MDA,1875,0.072
MDA,1876,0.09
MDA,1877,0.092
MDA,1878,0.12
MDA,1879,0.123
MDA,1880,0.144
MDA,1881,0.152
MDA,1882,0.16
MDA,1883,0.182
MDA,1884,0.185
MDA,1885,0.202
MDA,1886,0.207
MDA,1887,0.219
MDA,1888,0.228
MDA,1889,0.247
MDA,1890,0.279
MDA,1891,0.308
MDA,1892,0.326
MDA,1893,0.382
MDA,1894,0.389
MDA,1895,0.447
MDA,1896,0.455
MDA,1897,0.526
MDA,1898,0.59
MDA,1899,0.684
MDA,1900,0.775
MDA,1901,0.795
MDA,1902,0.768
MDA,1903,0.751
MDA,1904,0.836
MDA,1905,0.746
MDA,1906,0.851
MDA,1907,0.953
MDA,1908,0.959
MDA,1909,1.013
MDA,1910,0.993
MDA,1911,1.03
MDA,1912,1.166
MDA,1913,1.267
MDA,1914,1.143
MDA,1915,1.05
MDA,1916,1.119
MDA,1917,1.03
MDA,1918,0.411
MDA,1919,0.351
MDA,1920,0.32
MDA,1921,0.347
MDA,1922,0.423
MDA,1923,0.467
MDA,1924,0.557
MDA,1925,0.549
MDA,1926,0.796
MDA,1927,0.99
MDA,1928,1.099
MDA,1929,1.183
MDA,1930,1.609
MDA,1931,1.934
MDA,1932,2.178
MDA,1933,2.434
MDA,1934,2.944
MDA,1935,3.333
MDA,1936,3.821
MDA,1937,3.908
MDA,1938,4.124
MDA,1939,4.175
MDA,1940,5.005
MDA,1941,4.398
MDA,1942,2.391
MDA,1943,2.496
MDA,1944,3.62
MDA,1945,3.832
MDA,1946,4.307
MDA,1947,5.186
MDA,1948,5.52
MDA,1949,6.276
MDA,1950,6.997
MDA,1951,7.585
MDA,1952,8.125
MDA,1953,8.599
MDA,1954,9.395
MDA,1955,10.657
MDA,1956,11.688
MDA,1957,12.796
MDA,1958,13.666
MDA,1959,14.379
MDA,1960,14.985
MDA,1961,15.468
MDA,1962,16.251
MDA,1963,17.434
MDA,1964,18.548
MDA,1965,19.691
MDA,1966,20.812
MDA,1967,21.776
MDA,1968,22.401
MDA,1969,23.337
MDA,1970,24.562
MDA,1971,26.072
MDA,1972,27.441
MDA,1973,28.617
MDA,1974,29.726
MDA,1975,31.262
MDA,1976,32.462
MDA,1977,33.569
MDA,1978,34.719
MDA,1979,34.995
MDA,1980,36.366
MDA,1981,35.704
MDA,1982,36.36
MDA,1983,36.892
MDA,1984,37.226
MDA,1985,40.105
MDA,1986,39.112
MDA,1987,37.498
MDA,1988,39.037
MDA,1989,38.141
MDA,1990,36.505
MDA,1991,29.618
MDA,1992,20.978
MDA,1993,15.846
MDA,1994,12.427
MDA,1995,11.405
MDA,1996,11.687
MDA,1997,7.301
MDA,1998,6.444
MDA,1999,4.685
MDA,2000,3.573
MDA,2001,3.787
MDA,2002,4.052
MDA,2003,4.404
MDA,2004,4.613
MDA,2005,4.938
MDA,2006,5.03
MDA,2007,4.979
MDA,2008,5.19
MDA,2009,4.54
MDA,2010,4.831
MDA,2011,4.945
MDA,2012,4.766
MDA,2013,4.899
MDA,2014,4.755
MDA,2015,4.785
MDA,2016,4.907
MDA,2017,5.09
MDA,2018,5.351
MDA,2019,5.378
MDA,2020,5.113
MDA,2021,5.76
MDA,2022,5.173
MDA,2023,5.329
MDA,2024,5.327
MDG,1850,0
MDG,1851,0
MDG,1852,0
MDG,1853,0
MDG,1854,0
MDG,1855,0
MDG,1856,0
MDG,1857,0
MDG,1858,0
MDG,1859,0
MDG,1860,0
MDG,1861,0
MDG,1862,0
MDG,1863,0
MDG,1864,0
MDG,1865,0
MDG,1866,0
MDG,1867,0
MDG,1868,0
MDG,1869,0
MDG,1870,0
MDG,1871,0
MDG,1872,0
MDG,1873,0
MDG,1874,0
MDG,1875,0
MDG,1876,0
MDG,1877,0
MDG,1878,0
MDG,1879,0
MDG,1880,0
MDG,1881,0
MDG,1882,0
MDG,1883,0
MDG,1884,0
MDG,1885,0
MDG,1886,0
MDG,1887,0
MDG,1888,0
MDG,1889,0
MDG,1890,0
MDG,1891,0
MDG,1892,0
MDG,1893,0
MDG,1894,0
MDG,1895,0
MDG,1896,0
MDG,1897,0
MDG,1898,0
MDG,1899,0
MDG,1900,0
MDG,1901,0
MDG,1902,0
MDG,1903,0
MDG,1904,0
MDG,1905,0
MDG,1906,0
MDG,1907,0
MDG,1908,0
MDG,1909,0
MDG,1910,0
MDG,1911,0
MDG,1912,0
MDG,1913,0
MDG,1914,0
MDG,1915,0
MDG,1916,0
MDG,1917,0
MDG,1918,0
MDG,1919,0
MDG,1920,0
MDG,1921,0
MDG,1922,0
MDG,1923,0
MDG,1924,0
MDG,1925,0
MDG,1926,0
MDG,1927,0
MDG,1928,0
MDG,1929,0
MDG,1930,0
MDG,1931,0
MDG,1932,0
MDG,1933,0.004
MDG,1934,0.007
MDG,1935,0.004
MDG,1936,0
MDG,1937,0
MDG,1938,0
MDG,1939,0
MDG,1940,0
MDG,1941,0
MDG,1942,0
MDG,1943,0
MDG,1944,0
MDG,1945,0.007
MDG,1946,0
MDG,1947,0.004
MDG,1948,0.004
MDG,1949,0.004
MDG,1950,0.304
MDG,1951,0.245
MDG,1952,0.308
MDG,1953,0.253
MDG,1954,0.289
MDG,1955,0.304
MDG,1956,0.319
MDG,1957,0.315
MDG,1958,0.374
MDG,1959,0.374
MDG,1960,0.399
MDG,1961,0.355
MDG,1962,0.396
MDG,1963,0.461
MDG,1964,0.483
MDG,1965,0.557
MDG,1966,0.579
MDG,1967,0.842
MDG,1968,0.912
MDG,1969,0.85
MDG,1970,0.971
MDG,1971,1.026
MDG,1972,1.286
MDG,1973,1.073
MDG,1974,1.187
MDG,1975,1.693
MDG,1976,0.992
MDG,1977,0.846
MDG,1978,1.017
MDG,1979,1.13
MDG,1980,1.614
MDG,1981,1.025
MDG,1982,1.013
MDG,1983,0.65
MDG,1984,0.866
MDG,1985,1.053
MDG,1986,1.137
MDG,1987,1.282
MDG,1988,1.286
MDG,1989,0.926
MDG,1990,0.944
MDG,1991,1.025
MDG,1992,1.003
MDG,1993,1.028
MDG,1994,1.152
MDG,1995,1.192
MDG,1996,1.249
MDG,1997,1.535
MDG,1998,1.619
MDG,1999,1.766
MDG,2000,1.955
MDG,2001,1.747
MDG,2002,1.232
MDG,2003,1.699
MDG,2004,1.804
MDG,2005,1.741
MDG,2006,1.675
MDG,2007,1.728
MDG,2008,1.787
MDG,2009,1.699
MDG,2010,1.872
MDG,2011,2.33
MDG,2012,2.66
MDG,2013,3.061
MDG,2014,2.971
MDG,2015,3.121
MDG,2016,3.257
MDG,2017,3.804
MDG,2018,3.604
MDG,2019,4.147
MDG,2020,3.788
MDG,2021,4.246
MDG,2022,4.21
MDG,2023,4.447
MDG,2024,4.528
MDV,1850,0
MDV,1851,0
MDV,1852,0
MDV,1853,0
MDV,1854,0
MDV,1855,0
MDV,1856,0
MDV,1857,0
MDV,1858,0
MDV,1859,0
MDV,1860,0
MDV,1861,0
MDV,1862,0
MDV,1863,0
MDV,1864,0
MDV,1865,0
MDV,1866,0
MDV,1867,0
MDV,1868,0
MDV,1869,0
MDV,1870,0
MDV,1871,0
MDV,1872,0
MDV,1873,0
MDV,1874,0
MDV,1875,0
MDV,1876,0
MDV,1877,0
MDV,1878,0
MDV,1879,0
MDV,1880,0
MDV,1881,0
MDV,1882,0
MDV,1883,0
MDV,1884,0
MDV,1885,0
MDV,1886,0
MDV,1887,0
MDV,1888,0
MDV,1889,0
MDV,1890,0
MDV,1891,0
MDV,1892,0
MDV,1893,0
MDV,1894,0
MDV,1895,0
MDV,1896,0
MDV,1897,0
MDV,1898,0
MDV,1899,0
MDV,1900,0
MDV,1901,0
MDV,1902,0
MDV,1903,0
MDV,1904,0
MDV,1905,0
MDV,1906,0
MDV,1907,0
MDV,1908,0
MDV,1909,0
MDV,1910,0
MDV,1911,0
MDV,1912,0
MDV,1913,0
MDV,1914,0
MDV,1915,0
MDV,1916,0
MDV,1917,0
MDV,1918,0
MDV,1919,0
MDV,1920,0
MDV,1921,0
MDV,1922,0
MDV,1923,0
MDV,1924,0
MDV,1925,0
MDV,1926,0
MDV,1927,0
MDV,1928,0
MDV,1929,0
MDV,1930,0
MDV,1931,0
MDV,1932,0
MDV,1933,0
MDV,1934,0
MDV,1935,0
MDV,1936,0
MDV,1937,0
MDV,1938,0
MDV,1939,0
MDV,1940,0
MDV,1941,0
MDV,1942,0
MDV,1943,0
MDV,1944,0
MDV,1945,0
MDV,1946,0
MDV,1947,0
MDV,1948,0
MDV,1949,0
MDV,1950,0
MDV,1951,0
MDV,1952,0
MDV,1953,0
MDV,1954,0
MDV,1955,0
MDV,1956,0
MDV,1957,0
MDV,1958,0
MDV,1959,0
MDV,1960,0
MDV,1961,0
MDV,1962,0
MDV,1963,0
MDV,1964,0
MDV,1965,0
MDV,1966,0
MDV,1967,0
MDV,1968,0
MDV,1969,0
MDV,1970,0
MDV,1971,0.004
MDV,1972,0.004
MDV,1973,0.004
MDV,1974,0.004
MDV,1975,0.007
MDV,1976,0.011
MDV,1977,0.015
MDV,1978,0.022
MDV,1979,0.029
MDV,1980,0.044
MDV,1981,0.048
MDV,1982,0.048
MDV,1983,0.051
MDV,1984,0.059
MDV,1985,0.066
MDV,1986,0.081
MDV,1987,0.081
MDV,1988,0.095
MDV,1989,0.125
MDV,1990,0.169
MDV,1991,0.154
MDV,1992,0.231
MDV,1993,0.194
MDV,1994,0.198
MDV,1995,0.249
MDV,1996,0.289
MDV,1997,0.33
MDV,1998,0.3
MDV,1999,0.421
MDV,2000,0.451
MDV,2001,0.462
MDV,2002,0.59
MDV,2003,0.509
MDV,2004,0.663
MDV,2005,0.601
MDV,2006,0.744
MDV,2007,0.78
MDV,2008,0.839
MDV,2009,0.883
MDV,2010,0.931
MDV,2011,0.986
MDV,2012,1.11
MDV,2013,1.096
MDV,2014,1.319
MDV,2015,1.282
MDV,2016,1.433
MDV,2017,1.513
MDV,2018,1.737
MDV,2019,1.993
MDV,2020,1.678
MDV,2021,1.997
MDV,2022,2.216
MDV,2023,2.205
MDV,2024,2.306
MEX,1850,0
MEX,1851,0
MEX,1852,0
MEX,1853,0
MEX,1854,0
MEX,1855,0
MEX,1856,0.008
MEX,1857,0.007
MEX,1858,0.015
MEX,1859,0.008
MEX,1860,0.005
MEX,1861,0.012
MEX,1862,0.033
MEX,1863,0.022
MEX,1864,0.006
MEX,1865,0.02
MEX,1866,0.035
MEX,1867,0.015
MEX,1868,0.012
MEX,1869,0.004
MEX,1870,0.01
MEX,1871,0.013
MEX,1872,0.025
MEX,1873,0.033
MEX,1874,0.034
MEX,1875,0.037
MEX,1876,0.038
MEX,1877,0.047
MEX,1878,0.062
MEX,1879,0.08
MEX,1880,0.088
MEX,1881,0.058
MEX,1882,0.079
MEX,1883,0.083
MEX,1884,0.071
MEX,1885,0.064
MEX,1886,0.088
MEX,1887,0.173
MEX,1888,0.232
MEX,1889,0.297
MEX,1890,0.456
MEX,1891,1.104
MEX,1892,1.62
MEX,1893,1.42
MEX,1894,1.557
MEX,1895,1.507
MEX,1896,1.647
MEX,1897,2.31
MEX,1898,2.618
MEX,1899,3.26
MEX,1900,3.504
MEX,1901,4.199
MEX,1902,4.571
MEX,1903,5.384
MEX,1904,5.778
MEX,1905,6.157
MEX,1906,6.456
MEX,1907,7.151
MEX,1908,7.119
MEX,1909,7.186
MEX,1910,7.364
MEX,1911,11.143
MEX,1912,10.875
MEX,1913,13.603
MEX,1914,11.933
MEX,1915,15.778
MEX,1916,18.408
MEX,1917,27.475
MEX,1918,32.391
MEX,1919,42.361
MEX,1920,77.665
MEX,1921,91.419
MEX,1922,86.505
MEX,1923,73.32
MEX,1924,68.934
MEX,1925,57.506
MEX,1926,45.134
MEX,1927,32.86
MEX,1928,24.456
MEX,1929,22.482
MEX,1930,20.719
MEX,1931,16.949
MEX,1932,16.326
MEX,1933,17.63
MEX,1934,19.065
MEX,1935,21.663
MEX,1936,22.213
MEX,1937,25.131
MEX,1938,24.476
MEX,1939,22.826
MEX,1940,23.378
MEX,1941,22.711
MEX,1942,19.116
MEX,1943,19.197
MEX,1944,20.266
MEX,1945,22.769
MEX,1946,25.623
MEX,1947,29.352
MEX,1948,30.509
MEX,1949,28.959
MEX,1950,30.508
MEX,1951,34.889
MEX,1952,37.212
MEX,1953,36.707
MEX,1954,36.27
MEX,1955,39.662
MEX,1956,42.134
MEX,1957,49.278
MEX,1958,54.008
MEX,1959,58.287
MEX,1960,63.052
MEX,1961,65.24
MEX,1962,63.744
MEX,1963,66.292
MEX,1964,74.2
MEX,1965,75.168
MEX,1966,80.845
MEX,1967,90.006
MEX,1968,93.887
MEX,1969,102.176
MEX,1970,113.951
MEX,1971,126.182
MEX,1972,132.261
MEX,1973,144.04
MEX,1974,154.701
MEX,1975,164.104
MEX,1976,183.693
MEX,1977,192.338
MEX,1978,222.048
MEX,1979,240.175
MEX,1980,267.645
MEX,1981,283.587
MEX,1982,303.764
MEX,1983,277.43
MEX,1984,276.491
MEX,1985,287.181
MEX,1986,293.219
MEX,1987,305.79
MEX,1988,305.418
MEX,1989,323.216
MEX,1990,316.746
MEX,1991,329.831
MEX,1992,332.453
MEX,1993,337.722
MEX,1994,351.534
MEX,1995,330.905
MEX,1996,341.544
MEX,1997,362.466
MEX,1998,381.102
MEX,1999,386.036
MEX,2000,391.435
MEX,2001,407.485
MEX,2002,410.301
MEX,2003,435.969
MEX,2004,438.588
MEX,2005,463.436
MEX,2006,474.523
MEX,2007,473.595
MEX,2008,472.981
MEX,2009,460.29
MEX,2010,456.409
MEX,2011,483.302
MEX,2012,501.492
MEX,2013,495.412
MEX,2014,484.045
MEX,2015,479.434
MEX,2016,478.828
MEX,2017,464.407
MEX,2018,468.421
MEX,2019,468.236
MEX,2020,428.937
MEX,2021,446.838
MEX,2022,453.799
MEX,2023,458.254
MEX,2024,460.988
MHL,1850,0
MHL,1851,0
MHL,1852,0
MHL,1853,0
MHL,1854,0
MHL,1855,0
MHL,1856,0
MHL,1857,0
MHL,1858,0
MHL,1859,0
MHL,1860,0
MHL,1861,0
MHL,1862,0
MHL,1863,0
MHL,1864,0
MHL,1865,0
MHL,1866,0
MHL,1867,0
MHL,1868,0
MHL,1869,0
MHL,1870,0
MHL,1871,0
MHL,1872,0
MHL,1873,0
MHL,1874,0
MHL,1875,0
MHL,1876,0
MHL,1877,0
MHL,1878,0
MHL,1879,0
MHL,1880,0
MHL,1881,0
MHL,1882,0
MHL,1883,0
MHL,1884,0
MHL,1885,0
MHL,1886,0
MHL,1887,0
MHL,1888,0
MHL,1889,0
MHL,1890,0
MHL,1891,0
MHL,1892,0
MHL,1893,0
MHL,1894,0
MHL,1895,0
MHL,1896,0
MHL,1897,0
MHL,1898,0
MHL,1899,0
MHL,1900,0
MHL,1901,0
MHL,1902,0
MHL,1903,0
MHL,1904,0
MHL,1905,0
MHL,1906,0
MHL,1907,0
MHL,1908,0
MHL,1909,0
MHL,1910,0
MHL,1911,0
MHL,1912,0
MHL,1913,0
MHL,1914,0
MHL,1915,0
MHL,1916,0
MHL,1917,0
MHL,1918,0
MHL,1919,0
MHL,1920,0
MHL,1921,0
MHL,1922,0
MHL,1923,0
MHL,1924,0
MHL,1925,0
MHL,1926,0
MHL,1927,0
MHL,1928,0
MHL,1929,0
MHL,1930,0
MHL,1931,0
MHL,1932,0
MHL,1933,0
MHL,1934,0
MHL,1935,0
MHL,1936,0
MHL,1937,0
MHL,1938,0
MHL,1939,0
MHL,1940,0
MHL,1941,0
MHL,1942,0
MHL,1943,0
MHL,1944,0
MHL,1945,0
MHL,1946,0
MHL,1947,0
MHL,1948,0
MHL,1949,0
MHL,1950,0
MHL,1951,0
MHL,1952,0
MHL,1953,0
MHL,1954,0
MHL,1955,0
MHL,1956,0
MHL,1957,0
MHL,1958,0
MHL,1959,0
MHL,1960,0
MHL,1961,0
MHL,1962,0
MHL,1963,0
MHL,1964,0
MHL,1965,0
MHL,1966,0
MHL,1967,0
MHL,1968,0
MHL,1969,0
MHL,1970,0
MHL,1971,0
MHL,1972,0
MHL,1973,0
MHL,1974,0
MHL,1975,0
MHL,1976,0
MHL,1977,0
MHL,1978,0
MHL,1979,0
MHL,1980,0
MHL,1981,0
MHL,1982,0
MHL,1983,0
MHL,1984,0
MHL,1985,0
MHL,1986,0
MHL,1987,0
MHL,1988,0
MHL,1989,0
MHL,1990,0
MHL,1991,0
MHL,1992,0.077
MHL,1993,0.081
MHL,1994,0.084
MHL,1995,0.088
MHL,1996,0.092
MHL,1997,0.092
MHL,1998,0.092
MHL,1999,0.092
MHL,2000,0.099
MHL,2001,0.103
MHL,2002,0.11
MHL,2003,0.11
MHL,2004,0.114
MHL,2005,0.114
MHL,2006,0.121
MHL,2007,0.128
MHL,2008,0.128
MHL,2009,0.132
MHL,2010,0.136
MHL,2011,0.136
MHL,2012,0.136
MHL,2013,0.139
MHL,2014,0.139
MHL,2015,0.143
MHL,2016,0.143
MHL,2017,0.147
MHL,2018,0.147
MHL,2019,0.147
MHL,2020,0.147
MHL,2021,0.147
MHL,2022,0.148
MHL,2023,0.148
MHL,2024,0.154
MKD,1850,0
MKD,1851,0
MKD,1852,0
MKD,1853,0
MKD,1854,0
MKD,1855,0
MKD,1856,0
MKD,1857,0
MKD,1858,0
MKD,1859,0
MKD,1860,0
MKD,1861,0
MKD,1862,0
MKD,1863,0
MKD,1864,0
MKD,1865,0
MKD,1866,0
MKD,1867,0
MKD,1868,0
MKD,1869,0
MKD,1870,0
MKD,1871,0
MKD,1872,0
MKD,1873,0
MKD,1874,0
MKD,1875,0
MKD,1876,0
MKD,1877,0
MKD,1878,0
MKD,1879,0
MKD,1880,0
MKD,1881,0
MKD,1882,0
MKD,1883,0
MKD,1884,0
MKD,1885,0.003
MKD,1886,0
MKD,1887,0
MKD,1888,0
MKD,1889,0
MKD,1890,0.008
MKD,1891,0.009
MKD,1892,0.01
MKD,1893,0.018
MKD,1894,0.034
MKD,1895,0.034
MKD,1896,0.038
MKD,1897,0.029
MKD,1898,0.045
MKD,1899,0.052
MKD,1900,0.07
MKD,1901,0.077
MKD,1902,0.072
MKD,1903,0.078
MKD,1904,0.083
MKD,1905,0.09
MKD,1906,0.108
MKD,1907,0.11
MKD,1908,0.119
MKD,1909,0.122
MKD,1910,0.12
MKD,1911,0.13
MKD,1912,0.134
MKD,1913,0.367
MKD,1914,0
MKD,1915,0
MKD,1916,0
MKD,1917,0
MKD,1918,0
MKD,1919,0.263
MKD,1920,0.35
MKD,1921,0.372
MKD,1922,0.541
MKD,1923,0.59
MKD,1924,0.605
MKD,1925,0.664
MKD,1926,0.646
MKD,1927,0.73
MKD,1928,0.793
MKD,1929,0.905
MKD,1930,0.851
MKD,1931,0.747
MKD,1932,0.688
MKD,1933,0.635
MKD,1934,0.661
MKD,1935,0.688
MKD,1936,0.685
MKD,1937,0.767
MKD,1938,0.72
MKD,1939,0.759
MKD,1940,0.908
MKD,1941,0
MKD,1942,0
MKD,1943,0
MKD,1944,0.008
MKD,1945,0.453
MKD,1946,0.88
MKD,1947,1.206
MKD,1948,1.368
MKD,1949,1.566
MKD,1950,1.503
MKD,1951,1.422
MKD,1952,1.421
MKD,1953,1.414
MKD,1954,1.693
MKD,1955,1.94
MKD,1956,2.229
MKD,1957,2.408
MKD,1958,2.372
MKD,1959,2.723
MKD,1960,2.977
MKD,1961,3.13
MKD,1962,3.208
MKD,1963,3.567
MKD,1964,4.049
MKD,1965,4.169
MKD,1966,4.126
MKD,1967,4.17
MKD,1968,4.453
MKD,1969,4.615
MKD,1970,6.063
MKD,1971,6.524
MKD,1972,6.066
MKD,1973,7.28
MKD,1974,7.3
MKD,1975,7.611
MKD,1976,7.844
MKD,1977,7.606
MKD,1978,8.515
MKD,1979,9.277
MKD,1980,9.101
MKD,1981,9.897
MKD,1982,9.063
MKD,1983,9.792
MKD,1984,10.352
MKD,1985,10.579
MKD,1986,11.064
MKD,1987,10.793
MKD,1988,11.158
MKD,1989,11.13
MKD,1990,11.098
MKD,1991,7.789
MKD,1992,8.394
MKD,1993,7.599
MKD,1994,7.903
MKD,1995,7.925
MKD,1996,9.416
MKD,1997,8.446
MKD,1998,9.647
MKD,1999,8.783
MKD,2000,8.468
MKD,2001,8.292
MKD,2002,7.837
MKD,2003,8.533
MKD,2004,8.229
MKD,2005,8.596
MKD,2006,8.651
MKD,2007,9.013
MKD,2008,8.936
MKD,2009,8.248
MKD,2010,8.182
MKD,2011,8.823
MKD,2012,8.457
MKD,2013,7.452
MKD,2014,7.167
MKD,2015,6.72
MKD,2016,6.606
MKD,2017,7.09
MKD,2018,6.654
MKD,2019,7.625
MKD,2020,6.98
MKD,2021,6.518
MKD,2022,7.352
MKD,2023,7.338
MKD,2024,6.62
MLI,1850,0
MLI,1851,0
MLI,1852,0
MLI,1853,0
MLI,1854,0
MLI,1855,0
MLI,1856,0
MLI,1857,0
MLI,1858,0
MLI,1859,0
MLI,1860,0
MLI,1861,0
MLI,1862,0
MLI,1863,0
MLI,1864,0
MLI,1865,0
MLI,1866,0
MLI,1867,0
MLI,1868,0
MLI,1869,0
MLI,1870,0
MLI,1871,0
MLI,1872,0
MLI,1873,0
MLI,1874,0
MLI,1875,0
MLI,1876,0
MLI,1877,0
MLI,1878,0
MLI,1879,0
MLI,1880,0
MLI,1881,0
MLI,1882,0
MLI,1883,0
MLI,1884,0
MLI,1885,0
MLI,1886,0
MLI,1887,0
MLI,1888,0
MLI,1889,0
MLI,1890,0
MLI,1891,0
MLI,1892,0
MLI,1893,0
MLI,1894,0
MLI,1895,0
MLI,1896,0
MLI,1897,0
MLI,1898,0
MLI,1899,0
MLI,1900,0
MLI,1901,0
MLI,1902,0
MLI,1903,0
MLI,1904,0
MLI,1905,0
MLI,1906,0
MLI,1907,0
MLI,1908,0
MLI,1909,0
MLI,1910,0
MLI,1911,0
MLI,1912,0
MLI,1913,0
MLI,1914,0
MLI,1915,0
MLI,1916,0
MLI,1917,0
MLI,1918,0
MLI,1919,0
MLI,1920,0
MLI,1921,0
MLI,1922,0
MLI,1923,0
MLI,1924,0
MLI,1925,0
MLI,1926,0
MLI,1927,0
MLI,1928,0
MLI,1929,0
MLI,1930,0
MLI,1931,0
MLI,1932,0
MLI,1933,0
MLI,1934,0
MLI,1935,0
MLI,1936,0
MLI,1937,0
MLI,1938,0
MLI,1939,0
MLI,1940,0
MLI,1941,0
MLI,1942,0
MLI,1943,0
MLI,1944,0
MLI,1945,0
MLI,1946,0
MLI,1947,0
MLI,1948,0
MLI,1949,0
MLI,1950,0
MLI,1951,0
MLI,1952,0
MLI,1953,0
MLI,1954,0
MLI,1955,0
MLI,1956,0
MLI,1957,0
MLI,1958,0
MLI,1959,0.048
MLI,1960,0.121
MLI,1961,0.117
MLI,1962,0.139
MLI,1963,0.176
MLI,1964,0.176
MLI,1965,0.198
MLI,1966,0.191
MLI,1967,0.224
MLI,1968,0.198
MLI,1969,0.161
MLI,1970,0.202
MLI,1971,0.227
MLI,1972,0.245
MLI,1973,0.267
MLI,1974,0.304
MLI,1975,0.341
MLI,1976,0.34
MLI,1977,0.413
MLI,1978,0.395
MLI,1979,0.428
MLI,1980,0.391
MLI,1981,0.395
MLI,1982,0.365
MLI,1983,0.417
MLI,1984,0.435
MLI,1985,0.405
MLI,1986,0.38
MLI,1987,0.358
MLI,1988,0.383
MLI,1989,0.416
MLI,1990,0.422
MLI,1991,0.426
MLI,1992,0.463
MLI,1993,0.503
MLI,1994,0.548
MLI,1995,0.595
MLI,1996,0.646
MLI,1997,0.723
MLI,1998,0.931
MLI,1999,0.971
MLI,2000,1.066
MLI,2001,1.161
MLI,2002,1.209
MLI,2003,1.246
MLI,2004,1.414
MLI,2005,1.458
MLI,2006,1.535
MLI,2007,1.784
MLI,2008,1.957
MLI,2009,1.887
MLI,2010,2.088
MLI,2011,2.279
MLI,2012,2.437
MLI,2013,2.743
MLI,2014,3.139
MLI,2015,3.399
MLI,2016,4.286
MLI,2017,4.767
MLI,2018,5.198
MLI,2019,5.594
MLI,2020,6.33
MLI,2021,7.393
MLI,2022,7.02
MLI,2023,6.743
MLI,2024,6.979
MLT,1850,0
MLT,1851,0
MLT,1852,0
MLT,1853,0
MLT,1854,0
MLT,1855,0
MLT,1856,0
MLT,1857,0
MLT,1858,0
MLT,1859,0
MLT,1860,0
MLT,1861,0
MLT,1862,0
MLT,1863,0
MLT,1864,0
MLT,1865,0
MLT,1866,0
MLT,1867,0
MLT,1868,0
MLT,1869,0
MLT,1870,0
MLT,1871,0
MLT,1872,0
MLT,1873,0
MLT,1874,0
MLT,1875,0
MLT,1876,0
MLT,1877,0
MLT,1878,0
MLT,1879,0
MLT,1880,0
MLT,1881,0
MLT,1882,0
MLT,1883,0
MLT,1884,0
MLT,1885,0
MLT,1886,0
MLT,1887,0
MLT,1888,0
MLT,1889,0
MLT,1890,0
MLT,1891,0
MLT,1892,0
MLT,1893,0
MLT,1894,0
MLT,1895,0
MLT,1896,0
MLT,1897,0
MLT,1898,0
MLT,1899,0
MLT,1900,0
MLT,1901,0
MLT,1902,0
MLT,1903,0
MLT,1904,0
MLT,1905,0
MLT,1906,0
MLT,1907,0
MLT,1908,0
MLT,1909,0
MLT,1910,0
MLT,1911,0
MLT,1912,0
MLT,1913,0
MLT,1914,0
MLT,1915,0
MLT,1916,0
MLT,1917,0
MLT,1918,0
MLT,1919,0
MLT,1920,0
MLT,1921,0
MLT,1922,0
MLT,1923,0
MLT,1924,0
MLT,1925,0
MLT,1926,0
MLT,1927,0
MLT,1928,0
MLT,1929,0
MLT,1930,0
MLT,1931,0
MLT,1932,0
MLT,1933,0
MLT,1934,0
MLT,1935,0
MLT,1936,0
MLT,1937,0
MLT,1938,0
MLT,1939,0
MLT,1940,0
MLT,1941,0
MLT,1942,0
MLT,1943,0
MLT,1944,0
MLT,1945,0
MLT,1946,0
MLT,1947,0
MLT,1948,0
MLT,1949,0
MLT,1950,0.245
MLT,1951,0.256
MLT,1952,0.242
MLT,1953,0.231
MLT,1954,0.308
MLT,1955,0.341
MLT,1956,0.297
MLT,1957,0.311
MLT,1958,0.33
MLT,1959,0.388
MLT,1960,0.341
MLT,1961,0.293
MLT,1962,0.33
MLT,1963,0.41
MLT,1964,0.498
MLT,1965,0.473
MLT,1966,0.414
MLT,1967,0.52
MLT,1968,0.638
MLT,1969,0.652
MLT,1970,0.663
MLT,1971,0.66
MLT,1972,0.839
MLT,1973,0.806
MLT,1974,0.744
MLT,1975,0.667
MLT,1976,0.762
MLT,1977,0.802
MLT,1978,0.934
MLT,1979,0.905
MLT,1980,1.022
MLT,1981,1.143
MLT,1982,1.312
MLT,1983,0.997
MLT,1984,1.363
MLT,1985,1.198
MLT,1986,1.484
MLT,1987,1.854
MLT,1988,2.012
MLT,1989,2.169
MLT,1990,2.427
MLT,1991,2.272
MLT,1992,2.294
MLT,1993,2.886
MLT,1994,2.658
MLT,1995,2.452
MLT,1996,2.534
MLT,1997,2.556
MLT,1998,2.525
MLT,1999,2.573
MLT,2000,2.468
MLT,2001,2.737
MLT,2002,2.747
MLT,2003,2.961
MLT,2004,2.849
MLT,2005,2.65
MLT,2006,2.655
MLT,2007,2.728
MLT,2008,2.721
MLT,2009,2.561
MLT,2010,2.619
MLT,2011,2.608
MLT,2012,2.749
MLT,2013,2.43
MLT,2014,2.417
MLT,2015,1.697
MLT,2016,1.376
MLT,2017,1.537
MLT,2018,1.548
MLT,2019,1.649
MLT,2020,1.601
MLT,2021,1.611
MLT,2022,1.774
MLT,2023,1.768
MLT,2024,1.729
MMR,1850,0
MMR,1851,0
MMR,1852,0
MMR,1853,0
MMR,1854,0
MMR,1855,0
MMR,1856,0
MMR,1857,0
MMR,1858,0
MMR,1859,0
MMR,1860,0
MMR,1861,0
MMR,1862,0
MMR,1863,0
MMR,1864,0
MMR,1865,0
MMR,1866,0
MMR,1867,0
MMR,1868,0
MMR,1869,0
MMR,1870,0
MMR,1871,0
MMR,1872,0
MMR,1873,0
MMR,1874,0
MMR,1875,0
MMR,1876,0
MMR,1877,0
MMR,1878,0
MMR,1879,0
MMR,1880,0
MMR,1881,0
MMR,1882,0
MMR,1883,0
MMR,1884,0
MMR,1885,0
MMR,1886,0
MMR,1887,0
MMR,1888,0
MMR,1889,0
MMR,1890,0
MMR,1891,0
MMR,1892,0
MMR,1893,0
MMR,1894,0
MMR,1895,0
MMR,1896,0
MMR,1897,0
MMR,1898,0
MMR,1899,0
MMR,1900,0
MMR,1901,0
MMR,1902,0
MMR,1903,0
MMR,1904,0
MMR,1905,0
MMR,1906,0
MMR,1907,0
MMR,1908,0
MMR,1909,0
MMR,1910,0
MMR,1911,0
MMR,1912,0
MMR,1913,0
MMR,1914,0
MMR,1915,0
MMR,1916,0
MMR,1917,0
MMR,1918,0
MMR,1919,0
MMR,1920,0
MMR,1921,0
MMR,1922,0
MMR,1923,0
MMR,1924,0
MMR,1925,0
MMR,1926,0
MMR,1927,0
MMR,1928,3.158
MMR,1929,3.048
MMR,1930,3.085
MMR,1931,2.935
MMR,1932,2.979
MMR,1933,2.997
MMR,1934,3.063
MMR,1935,3.026
MMR,1936,3.111
MMR,1937,3.217
MMR,1938,3.089
MMR,1939,3.232
MMR,1940,3.173
MMR,1941,3.184
MMR,1942,1.026
MMR,1943,0.41
MMR,1944,0.308
MMR,1945,0.297
MMR,1946,0.007
MMR,1947,0.026
MMR,1948,0.154
MMR,1949,0.103
MMR,1950,0.802
MMR,1951,0.916
MMR,1952,1.132
MMR,1953,1.304
MMR,1954,1.462
MMR,1955,1.421
MMR,1956,1.656
MMR,1957,2.099
MMR,1958,2.411
MMR,1959,2.777
MMR,1960,2.715
MMR,1961,2.59
MMR,1962,2.88
MMR,1963,2.634
MMR,1964,2.857
MMR,1965,2.725
MMR,1966,2.806
MMR,1967,3.616
MMR,1968,2.927
MMR,1969,3.213
MMR,1970,4.612
MMR,1971,5.099
MMR,1972,4.894
MMR,1973,4.107
MMR,1974,4.671
MMR,1975,4.583
MMR,1976,4.893
MMR,1977,5.166
MMR,1978,5.146
MMR,1979,5.086
MMR,1980,5.509
MMR,1981,5.623
MMR,1982,5.58
MMR,1983,5.754
MMR,1984,6.549
MMR,1985,6.676
MMR,1986,6.756
MMR,1987,4.943
MMR,1988,4.087
MMR,1989,4.425
MMR,1990,4.236
MMR,1991,4.137
MMR,1992,4.842
MMR,1993,5.303
MMR,1994,6.174
MMR,1995,6.893
MMR,1996,7.188
MMR,1997,7.42
MMR,1998,8.046
MMR,1999,8.934
MMR,2000,10.219
MMR,2001,8.856
MMR,2002,9.328
MMR,2003,9.997
MMR,2004,12.565
MMR,2005,11.548
MMR,2006,12.817
MMR,2007,12.845
MMR,2008,9.772
MMR,2009,10.211
MMR,2010,13.125
MMR,2011,15.122
MMR,2012,11.826
MMR,2013,12.715
MMR,2014,15.849
MMR,2015,21.88
MMR,2016,21.144
MMR,2017,23.633
MMR,2018,34.017
MMR,2019,33.617
MMR,2020,34.588
MMR,2021,29.285
MMR,2022,31.639
MMR,2023,31.793
MMR,2024,31.603
MNE,1850,0
MNE,1851,0
MNE,1852,0
MNE,1853,0
MNE,1854,0
MNE,1855,0
MNE,1856,0
MNE,1857,0
MNE,1858,0
MNE,1859,0
MNE,1860,0
MNE,1861,0
MNE,1862,0
MNE,1863,0
MNE,1864,0
MNE,1865,0
MNE,1866,0
MNE,1867,0
MNE,1868,0
MNE,1869,0
MNE,1870,0
MNE,1871,0
MNE,1872,0
MNE,1873,0
MNE,1874,0
MNE,1875,0
MNE,1876,0
MNE,1877,0
MNE,1878,0
MNE,1879,0
MNE,1880,0
MNE,1881,0
MNE,1882,0
MNE,1883,0
MNE,1884,0
MNE,1885,0.001
MNE,1886,0
MNE,1887,0
MNE,1888,0
MNE,1889,0
MNE,1890,0.002
MNE,1891,0.002
MNE,1892,0.002
MNE,1893,0.003
MNE,1894,0.007
MNE,1895,0.007
MNE,1896,0.007
MNE,1897,0.006
MNE,1898,0.009
MNE,1899,0.01
MNE,1900,0.014
MNE,1901,0.015
MNE,1902,0.014
MNE,1903,0.015
MNE,1904,0.016
MNE,1905,0.018
MNE,1906,0.021
MNE,1907,0.021
MNE,1908,0.023
MNE,1909,0.024
MNE,1910,0.023
MNE,1911,0.025
MNE,1912,0.026
MNE,1913,0.071
MNE,1914,0
MNE,1915,0
MNE,1916,0
MNE,1917,0
MNE,1918,0
MNE,1919,0.051
MNE,1920,0.068
MNE,1921,0.072
MNE,1922,0.105
MNE,1923,0.115
MNE,1924,0.117
MNE,1925,0.129
MNE,1926,0.126
MNE,1927,0.142
MNE,1928,0.161
MNE,1929,0.176
MNE,1930,0.165
MNE,1931,0.153
MNE,1932,0.139
MNE,1933,0.129
MNE,1934,0.134
MNE,1935,0.14
MNE,1936,0.138
MNE,1937,0.154
MNE,1938,0.146
MNE,1939,0.153
MNE,1940,0.176
MNE,1941,0
MNE,1942,0
MNE,1943,0.006
MNE,1944,0.002
MNE,1945,0.089
MNE,1946,0.176
MNE,1947,0.245
MNE,1948,0.276
MNE,1949,0.316
MNE,1950,0.302
MNE,1951,0.286
MNE,1952,0.287
MNE,1953,0.285
MNE,1954,0.341
MNE,1955,0.39
MNE,1956,0.446
MNE,1957,0.485
MNE,1958,0.477
MNE,1959,0.548
MNE,1960,0.598
MNE,1961,0.628
MNE,1962,0.644
MNE,1963,0.717
MNE,1964,0.812
MNE,1965,0.835
MNE,1966,0.828
MNE,1967,0.836
MNE,1968,0.894
MNE,1969,0.927
MNE,1970,1.212
MNE,1971,1.306
MNE,1972,1.224
MNE,1973,1.462
MNE,1974,1.469
MNE,1975,1.532
MNE,1976,1.582
MNE,1977,1.538
MNE,1978,1.719
MNE,1979,1.87
MNE,1980,1.838
MNE,1981,2.001
MNE,1982,1.838
MNE,1983,1.979
MNE,1984,2.087
MNE,1985,2.129
MNE,1986,2.223
MNE,1987,2.171
MNE,1988,2.24
MNE,1989,2.233
MNE,1990,2.209
MNE,1991,1.563
MNE,1992,1.671
MNE,1993,1.458
MNE,1994,1.416
MNE,1995,1.496
MNE,1996,1.75
MNE,1997,1.881
MNE,1998,1.98
MNE,1999,1.365
MNE,2000,1.516
MNE,2001,1.627
MNE,2002,1.74
MNE,2003,1.863
MNE,2004,2.034
MNE,2005,1.934
MNE,2006,2.063
MNE,2007,2.056
MNE,2008,2.605
MNE,2009,1.682
MNE,2010,2.422
MNE,2011,2.407
MNE,2012,2.213
MNE,2013,2.151
MNE,2014,2.107
MNE,2015,2.239
MNE,2016,2.015
MNE,2017,2.103
MNE,2018,2.404
MNE,2019,2.477
MNE,2020,2.404
MNE,2021,2.411
MNE,2022,2.495
MNE,2023,2.407
MNE,2024,2.376
MNG,1850,0
MNG,1851,0
MNG,1852,0
MNG,1853,0
MNG,1854,0
MNG,1855,0
MNG,1856,0
MNG,1857,0
MNG,1858,0
MNG,1859,0
MNG,1860,0
MNG,1861,0
MNG,1862,0
MNG,1863,0
MNG,1864,0
MNG,1865,0
MNG,1866,0
MNG,1867,0
MNG,1868,0
MNG,1869,0
MNG,1870,0
MNG,1871,0
MNG,1872,0
MNG,1873,0
MNG,1874,0
MNG,1875,0
MNG,1876,0
MNG,1877,0
MNG,1878,0
MNG,1879,0
MNG,1880,0
MNG,1881,0
MNG,1882,0
MNG,1883,0
MNG,1884,0
MNG,1885,0
MNG,1886,0
MNG,1887,0
MNG,1888,0
MNG,1889,0
MNG,1890,0
MNG,1891,0
MNG,1892,0
MNG,1893,0
MNG,1894,0
MNG,1895,0
MNG,1896,0
MNG,1897,0
MNG,1898,0
MNG,1899,0
MNG,1900,0
MNG,1901,0
MNG,1902,0
MNG,1903,0
MNG,1904,0
MNG,1905,0
MNG,1906,0
MNG,1907,0
MNG,1908,0
MNG,1909,0
MNG,1910,0
MNG,1911,0
MNG,1912,0
MNG,1913,0
MNG,1914,0
MNG,1915,0
MNG,1916,0
MNG,1917,0
MNG,1918,0
MNG,1919,0
MNG,1920,0
MNG,1921,0
MNG,1922,0
MNG,1923,0
MNG,1924,0
MNG,1925,0
MNG,1926,0
MNG,1927,0
MNG,1928,0
MNG,1929,0
MNG,1930,0
MNG,1931,0
MNG,1932,0
MNG,1933,0
MNG,1934,0
MNG,1935,0
MNG,1936,0
MNG,1937,0
MNG,1938,0
MNG,1939,0
MNG,1940,0
MNG,1941,0
MNG,1942,0
MNG,1943,0
MNG,1944,0
MNG,1945,0
MNG,1946,0
MNG,1947,0
MNG,1948,0
MNG,1949,0
MNG,1950,0.286
MNG,1951,0.293
MNG,1952,0.3
MNG,1953,0.304
MNG,1954,0.487
MNG,1955,0.59
MNG,1956,0.689
MNG,1957,0.762
MNG,1958,1.136
MNG,1959,1.345
MNG,1960,1.293
MNG,1961,1.392
MNG,1962,1.971
MNG,1963,1.601
MNG,1964,2.045
MNG,1965,1.957
MNG,1966,1.953
MNG,1967,2.151
MNG,1968,2.48
MNG,1969,2.682
MNG,1970,2.847
MNG,1971,3.032
MNG,1972,3.276
MNG,1973,3.472
MNG,1974,3.741
MNG,1975,4.055
MNG,1976,4.39
MNG,1977,4.961
MNG,1978,5.764
MNG,1979,6.277
MNG,1980,6.855
MNG,1981,6.615
MNG,1982,6.712
MNG,1983,6.969
MNG,1984,6.425
MNG,1985,8.998
MNG,1986,9.595
MNG,1987,10.483
MNG,1988,11.493
MNG,1989,10.459
MNG,1990,9.791
MNG,1991,11.96
MNG,1992,10.943
MNG,1993,9.193
MNG,1994,7.865
MNG,1995,7.837
MNG,1996,7.935
MNG,1997,7.615
MNG,1998,7.622
MNG,1999,7.488
MNG,2000,7.432
MNG,2001,7.804
MNG,2002,8.197
MNG,2003,7.935
MNG,2004,8.501
MNG,2005,8.515
MNG,2006,9.281
MNG,2007,11.958
MNG,2008,11.918
MNG,2009,13.03
MNG,2010,13.772
MNG,2011,21.368
MNG,2012,34.996
MNG,2013,43.478
MNG,2014,29.63
MNG,2015,23.279
MNG,2016,25.629
MNG,2017,34.139
MNG,2018,45.319
MNG,2019,47.119
MNG,2020,42.478
MNG,2021,35.972
MNG,2022,40.443
MNG,2023,44.184
MNG,2024,44.694
MOZ,1850,0
MOZ,1851,0
MOZ,1852,0
MOZ,1853,0
MOZ,1854,0
MOZ,1855,0
MOZ,1856,0
MOZ,1857,0
MOZ,1858,0
MOZ,1859,0
MOZ,1860,0
MOZ,1861,0
MOZ,1862,0
MOZ,1863,0
MOZ,1864,0
MOZ,1865,0
MOZ,1866,0
MOZ,1867,0
MOZ,1868,0
MOZ,1869,0
MOZ,1870,0
MOZ,1871,0
MOZ,1872,0
MOZ,1873,0
MOZ,1874,0
MOZ,1875,0
MOZ,1876,0
MOZ,1877,0
MOZ,1878,0
MOZ,1879,0
MOZ,1880,0
MOZ,1881,0
MOZ,1882,0
MOZ,1883,0
MOZ,1884,0
MOZ,1885,0
MOZ,1886,0
MOZ,1887,0
MOZ,1888,0
MOZ,1889,0
MOZ,1890,0
MOZ,1891,0
MOZ,1892,0
MOZ,1893,0
MOZ,1894,0
MOZ,1895,0
MOZ,1896,0
MOZ,1897,0
MOZ,1898,0
MOZ,1899,0
MOZ,1900,0
MOZ,1901,0
MOZ,1902,0
MOZ,1903,0
MOZ,1904,0
MOZ,1905,0
MOZ,1906,0
MOZ,1907,0
MOZ,1908,0
MOZ,1909,0
MOZ,1910,0
MOZ,1911,0
MOZ,1912,0
MOZ,1913,0
MOZ,1914,0
MOZ,1915,0
MOZ,1916,0
MOZ,1917,0
MOZ,1918,0
MOZ,1919,0
MOZ,1920,0
MOZ,1921,0
MOZ,1922,0
MOZ,1923,0
MOZ,1924,0
MOZ,1925,0
MOZ,1926,0
MOZ,1927,0.044
MOZ,1928,0.022
MOZ,1929,0.011
MOZ,1930,0.011
MOZ,1931,0.011
MOZ,1932,0.062
MOZ,1933,0.051
MOZ,1934,0.066
MOZ,1935,0.048
MOZ,1936,0.051
MOZ,1937,0.059
MOZ,1938,0.04
MOZ,1939,0.066
MOZ,1940,0.066
MOZ,1941,0.059
MOZ,1942,0.029
MOZ,1943,0.051
MOZ,1944,0.055
MOZ,1945,0.047
MOZ,1946,0.055
MOZ,1947,0.058
MOZ,1948,0.044
MOZ,1949,0.058
MOZ,1950,0.901
MOZ,1951,0.93
MOZ,1952,1.073
MOZ,1953,1.081
MOZ,1954,1.143
MOZ,1955,1.373
MOZ,1956,1.553
MOZ,1957,1.769
MOZ,1958,1.817
MOZ,1959,1.794
MOZ,1960,1.882
MOZ,1961,2.63
MOZ,1962,1.985
MOZ,1963,1.659
MOZ,1964,2.139
MOZ,1965,2.003
MOZ,1966,2.124
MOZ,1967,1.871
MOZ,1968,2.776
MOZ,1969,3.238
MOZ,1970,2.981
MOZ,1971,3.611
MOZ,1972,3.296
MOZ,1973,3.559
MOZ,1974,3.146
MOZ,1975,2.882
MOZ,1976,2.555
MOZ,1977,2.706
MOZ,1978,2.866
MOZ,1979,2.635
MOZ,1980,3.198
MOZ,1981,2.479
MOZ,1982,2.524
MOZ,1983,1.954
MOZ,1984,1.511
MOZ,1985,1.135
MOZ,1986,0.977
MOZ,1987,0.977
MOZ,1988,1.006
MOZ,1989,1.035
MOZ,1990,1.025
MOZ,1991,0.941
MOZ,1992,1.027
MOZ,1993,1.14
MOZ,1994,1.098
MOZ,1995,1.131
MOZ,1996,1.092
MOZ,1997,1.17
MOZ,1998,1.112
MOZ,1999,1.168
MOZ,2000,1.322
MOZ,2001,1.554
MOZ,2002,1.537
MOZ,2003,1.856
MOZ,2004,1.864
MOZ,2005,1.77
MOZ,2006,1.916
MOZ,2007,2.189
MOZ,2008,2.18
MOZ,2009,2.439
MOZ,2010,2.638
MOZ,2011,3.107
MOZ,2012,3.052
MOZ,2013,3.579
MOZ,2014,8.118
MOZ,2015,6.731
MOZ,2016,8.548
MOZ,2017,6.905
MOZ,2018,7.01
MOZ,2019,7.097
MOZ,2020,6.34
MOZ,2021,7.722
MOZ,2022,9.296
MOZ,2023,9.093
MOZ,2024,8.613
MRT,1750,0
MRT,1751,0
MRT,1752,0
MRT,1753,0
MRT,1754,0
MRT,1755,0
MRT,1756,0
MRT,1757,0
MRT,1758,0
MRT,1759,0
MRT,1760,0
MRT,1761,0
MRT,1762,0
MRT,1763,0
MRT,1764,0
MRT,1765,0
MRT,1766,0
MRT,1767,0
MRT,1768,0
MRT,1769,0
MRT,1770,0
MRT,1771,0
MRT,1772,0
MRT,1773,0
MRT,1774,0
MRT,1775,0
MRT,1776,0
MRT,1777,0
MRT,1778,0
MRT,1779,0
MRT,1780,0
MRT,1781,0
MRT,1782,0
MRT,1783,0
MRT,1784,0
MRT,1785,0
MRT,1786,0
MRT,1787,0
MRT,1788,0
MRT,1789,0
MRT,1790,0
MRT,1791,0
MRT,1792,0
MRT,1793,0
MRT,1794,0
MRT,1795,0
MRT,1796,0
MRT,1797,0
MRT,1798,0
MRT,1799,0
MRT,1800,0
MRT,1801,0
MRT,1802,0
MRT,1803,0
MRT,1804,0
MRT,1805,0
MRT,1806,0
MRT,1807,0
MRT,1808,0
MRT,1809,0
MRT,1810,0
MRT,1811,0
MRT,1812,0
MRT,1813,0
MRT,1814,0
MRT,1815,0
MRT,1816,0
MRT,1817,0
MRT,1818,0
MRT,1819,0
MRT,1820,0
MRT,1821,0
MRT,1822,0
MRT,1823,0
MRT,1824,0
MRT,1825,0
MRT,1826,0
MRT,1827,0
MRT,1828,0
MRT,1829,0
MRT,1830,0
MRT,1831,0
MRT,1832,0
MRT,1833,0
MRT,1834,0
MRT,1835,0
MRT,1836,0
MRT,1837,0
MRT,1838,0
MRT,1839,0
MRT,1840,0
MRT,1841,0
MRT,1842,0
MRT,1843,0
MRT,1844,0
MRT,1845,0
MRT,1846,0
MRT,1847,0
MRT,1848,0
MRT,1849,0
MRT,1850,0
MRT,1851,0
MRT,1852,0
MRT,1853,0
MRT,1854,0
MRT,1855,0
MRT,1856,0
MRT,1857,0
MRT,1858,0
MRT,1859,0
MRT,1860,0
MRT,1861,0
MRT,1862,0
MRT,1863,0
MRT,1864,0
MRT,1865,0
MRT,1866,0
MRT,1867,0
MRT,1868,0
MRT,1869,0
MRT,1870,0
MRT,1871,0
MRT,1872,0
MRT,1873,0
MRT,1874,0
MRT,1875,0
MRT,1876,0
MRT,1877,0
MRT,1878,0
MRT,1879,0
MRT,1880,0
MRT,1881,0
MRT,1882,0
MRT,1883,0
MRT,1884,0
MRT,1885,0
MRT,1886,0
MRT,1887,0
MRT,1888,0
MRT,1889,0
MRT,1890,0
MRT,1891,0
MRT,1892,0
MRT,1893,0
MRT,1894,0
MRT,1895,0
MRT,1896,0
MRT,1897,0
MRT,1898,0
MRT,1899,0
MRT,1900,0
MRT,1901,0
MRT,1902,0
MRT,1903,0
MRT,1904,0
MRT,1905,0
MRT,1906,0
MRT,1907,0
MRT,1908,0
MRT,1909,0
MRT,1910,0
MRT,1911,0
MRT,1912,0
MRT,1913,0
MRT,1914,0
MRT,1915,0
MRT,1916,0
MRT,1917,0
MRT,1918,0
MRT,1919,0
MRT,1920,0
MRT,1921,0
MRT,1922,0
MRT,1923,0
MRT,1924,0
MRT,1925,0
MRT,1926,0
MRT,1927,0
MRT,1928,0
MRT,1929,0
MRT,1930,0
MRT,1931,0
MRT,1932,0
MRT,1933,0
MRT,1934,0
MRT,1935,0
MRT,1936,0
MRT,1937,0
MRT,1938,0
MRT,1939,0
MRT,1940,0
MRT,1941,0
MRT,1942,0
MRT,1943,0
MRT,1944,0
MRT,1945,0
MRT,1946,0
MRT,1947,0
MRT,1948,0
MRT,1949,0
MRT,1950,0
MRT,1951,0
MRT,1952,0
MRT,1953,0
MRT,1954,0
MRT,1955,0
MRT,1956,0
MRT,1957,0
MRT,1958,0
MRT,1959,0.033
MRT,1960,0.037
MRT,1961,0.048
MRT,1962,0.062
MRT,1963,0.088
MRT,1964,0.117
MRT,1965,0.161
MRT,1966,0.18
MRT,1967,0.198
MRT,1968,0.234
MRT,1969,0.275
MRT,1970,0.429
MRT,1971,0.399
MRT,1972,0.447
MRT,1973,0.469
MRT,1974,0.484
MRT,1975,0.509
MRT,1976,0.517
MRT,1977,0.557
MRT,1978,0.583
MRT,1979,0.605
MRT,1980,0.63
MRT,1981,0.634
MRT,1982,0.883
MRT,1983,0.938
MRT,1984,0.872
MRT,1985,0.656
MRT,1986,0.374
MRT,1987,3.243
MRT,1988,3.184
MRT,1989,2.803
MRT,1990,0.854
MRT,1991,0.868
MRT,1992,0.905
MRT,1993,0.927
MRT,1994,0.959
MRT,1995,1.015
MRT,1996,1.063
MRT,1997,1.077
MRT,1998,1.074
MRT,1999,1.096
MRT,2000,1.114
MRT,2001,1.172
MRT,2002,1.249
MRT,2003,1.286
MRT,2004,1.385
MRT,2005,1.434
MRT,2006,1.55
MRT,2007,1.758
MRT,2008,1.831
MRT,2009,2.012
MRT,2010,2.094
MRT,2011,2.227
MRT,2012,2.448
MRT,2013,2.169
MRT,2014,2.563
MRT,2015,3.002
MRT,2016,2.624
MRT,2017,3.581
MRT,2018,4.444
MRT,2019,4.613
MRT,2020,4.782
MRT,2021,4.5
MRT,2022,5.267
MRT,2023,5.037
MRT,2024,5.239
MSR,1851,0
MSR,1852,0
MSR,1853,0
MSR,1854,0
MSR,1855,0
MSR,1856,0
MSR,1857,0
MSR,1858,0
MSR,1859,0
MSR,1860,0
MSR,1861,0
MSR,1862,0
MSR,1863,0
MSR,1864,0
MSR,1865,0
MSR,1866,0
MSR,1867,0
MSR,1868,0
MSR,1869,0
MSR,1870,0
MSR,1871,0
MSR,1872,0
MSR,1873,0
MSR,1874,0
MSR,1875,0
MSR,1876,0
MSR,1877,0
MSR,1878,0
MSR,1879,0
MSR,1880,0
MSR,1881,0
MSR,1882,0
MSR,1883,0
MSR,1884,0
MSR,1885,0
MSR,1886,0
MSR,1887,0
MSR,1888,0
MSR,1889,0
MSR,1890,0
MSR,1891,0
MSR,1892,0
MSR,1893,0
MSR,1894,0
MSR,1895,0
MSR,1896,0
MSR,1897,0
MSR,1898,0
MSR,1899,0
MSR,1900,0
MSR,1901,0
MSR,1902,0
MSR,1903,0
MSR,1904,0
MSR,1905,0
MSR,1906,0
MSR,1907,0
MSR,1908,0
MSR,1909,0
MSR,1910,0
MSR,1911,0
MSR,1912,0
MSR,1913,0
MSR,1914,0
MSR,1915,0
MSR,1916,0
MSR,1917,0
MSR,1918,0
MSR,1919,0
MSR,1920,0
MSR,1921,0
MSR,1922,0
MSR,1923,0
MSR,1924,0
MSR,1925,0
MSR,1926,0
MSR,1927,0
MSR,1928,0
MSR,1929,0
MSR,1930,0
MSR,1931,0
MSR,1932,0
MSR,1933,0
MSR,1934,0
MSR,1935,0
MSR,1936,0
MSR,1937,0
MSR,1938,0
MSR,1939,0
MSR,1940,0
MSR,1941,0
MSR,1942,0
MSR,1943,0
MSR,1944,0
MSR,1945,0
MSR,1946,0
MSR,1947,0
MSR,1948,0
MSR,1949,0
MSR,1950,0
MSR,1951,0
MSR,1952,0
MSR,1953,0
MSR,1954,0
MSR,1955,0
MSR,1956,0
MSR,1957,0
MSR,1958,0
MSR,1959,0
MSR,1960,0
MSR,1961,0
MSR,1962,0.004
MSR,1963,0.004
MSR,1964,0.007
MSR,1965,0.004
MSR,1966,0.007
MSR,1967,0.007
MSR,1968,0.007
MSR,1969,0.007
MSR,1970,0.015
MSR,1971,0.015
MSR,1972,0.015
MSR,1973,0.015
MSR,1974,0.015
MSR,1975,0.011
MSR,1976,0.011
MSR,1977,0.026
MSR,1978,0.026
MSR,1979,0.026
MSR,1980,0.015
MSR,1981,0.018
MSR,1982,0.018
MSR,1983,0.022
MSR,1984,0.022
MSR,1985,0.026
MSR,1986,0.029
MSR,1987,0.029
MSR,1988,0.029
MSR,1989,0.029
MSR,1990,0.029
MSR,1991,0.029
MSR,1992,0.029
MSR,1993,0.029
MSR,1994,0.033
MSR,1995,0.033
MSR,1996,0.037
MSR,1997,0.033
MSR,1998,0.029
MSR,1999,0.037
MSR,2000,0.026
MSR,2001,0.026
MSR,2002,0.044
MSR,2003,0.037
MSR,2004,0.048
MSR,2005,0.04
MSR,2006,0.04
MSR,2007,0.04
MSR,2008,0.044
MSR,2009,0.044
MSR,2010,0.059
MSR,2011,0.037
MSR,2012,0.04
MSR,2013,0.051
MSR,2014,0.044
MSR,2015,0.051
MSR,2016,0.029
MSR,2017,0.026
MSR,2018,0.029
MSR,2019,0.026
MSR,2020,0.022
MSR,2021,0.022
MSR,2022,0.026
MSR,2023,0.026
MSR,2024,0.027
MUS,1850,0
MUS,1851,0
MUS,1852,0
MUS,1853,0
MUS,1854,0
MUS,1855,0
MUS,1856,0
MUS,1857,0
MUS,1858,0
MUS,1859,0
MUS,1860,0
MUS,1861,0
MUS,1862,0
MUS,1863,0
MUS,1864,0
MUS,1865,0
MUS,1866,0
MUS,1867,0
MUS,1868,0
MUS,1869,0
MUS,1870,0
MUS,1871,0
MUS,1872,0
MUS,1873,0
MUS,1874,0
MUS,1875,0
MUS,1876,0
MUS,1877,0
MUS,1878,0
MUS,1879,0
MUS,1880,0
MUS,1881,0
MUS,1882,0
MUS,1883,0
MUS,1884,0
MUS,1885,0
MUS,1886,0
MUS,1887,0
MUS,1888,0
MUS,1889,0
MUS,1890,0
MUS,1891,0
MUS,1892,0
MUS,1893,0
MUS,1894,0
MUS,1895,0
MUS,1896,0
MUS,1897,0
MUS,1898,0
MUS,1899,0
MUS,1900,0
MUS,1901,0
MUS,1902,0
MUS,1903,0
MUS,1904,0
MUS,1905,0
MUS,1906,0
MUS,1907,0
MUS,1908,0
MUS,1909,0
MUS,1910,0
MUS,1911,0
MUS,1912,0
MUS,1913,0
MUS,1914,0
MUS,1915,0
MUS,1916,0
MUS,1917,0
MUS,1918,0
MUS,1919,0
MUS,1920,0
MUS,1921,0
MUS,1922,0
MUS,1923,0
MUS,1924,0
MUS,1925,0
MUS,1926,0
MUS,1927,0
MUS,1928,0
MUS,1929,0
MUS,1930,0
MUS,1931,0
MUS,1932,0
MUS,1933,0
MUS,1934,0
MUS,1935,0
MUS,1936,0
MUS,1937,0
MUS,1938,0
MUS,1939,0
MUS,1940,0
MUS,1941,0
MUS,1942,0
MUS,1943,0
MUS,1944,0
MUS,1945,0
MUS,1946,0
MUS,1947,0
MUS,1948,0
MUS,1949,0
MUS,1950,0.202
MUS,1951,0.139
MUS,1952,0.176
MUS,1953,0.187
MUS,1954,0.187
MUS,1955,0.128
MUS,1956,0.22
MUS,1957,0.22
MUS,1958,0.209
MUS,1959,0.224
MUS,1960,0.18
MUS,1961,0.187
MUS,1962,0.253
MUS,1963,0.209
MUS,1964,0.308
MUS,1965,0.304
MUS,1966,0.275
MUS,1967,0.498
MUS,1968,0.638
MUS,1969,0.572
MUS,1970,0.498
MUS,1971,0.396
MUS,1972,0.689
MUS,1973,0.678
MUS,1974,0.692
MUS,1975,0.59
MUS,1976,0.619
MUS,1977,0.641
MUS,1978,0.63
MUS,1979,0.66
MUS,1980,0.59
MUS,1981,0.542
MUS,1982,0.502
MUS,1983,0.597
MUS,1984,0.627
MUS,1985,0.707
MUS,1986,0.799
MUS,1987,0.931
MUS,1988,0.854
MUS,1989,1.052
MUS,1990,1.462
MUS,1991,1.521
MUS,1992,1.707
MUS,1993,1.773
MUS,1994,1.623
MUS,1995,1.828
MUS,1996,1.949
MUS,1997,1.997
MUS,1998,2.169
MUS,1999,2.426
MUS,2000,2.689
MUS,2001,2.862
MUS,2002,2.884
MUS,2003,3.059
MUS,2004,3.089
MUS,2005,3.294
MUS,2006,3.627
MUS,2007,3.686
MUS,2008,3.767
MUS,2009,3.708
MUS,2010,3.913
MUS,2011,3.917
MUS,2012,3.964
MUS,2013,4.067
MUS,2014,4.206
MUS,2015,4.21
MUS,2016,4.342
MUS,2017,4.54
MUS,2018,4.455
MUS,2019,4.525
MUS,2020,3.8
MUS,2021,3.968
MUS,2022,4.317
MUS,2023,4.588
MUS,2024,4.674
MWI,1850,0
MWI,1851,0
MWI,1852,0
MWI,1853,0
MWI,1854,0
MWI,1855,0
MWI,1856,0
MWI,1857,0
MWI,1858,0
MWI,1859,0
MWI,1860,0
MWI,1861,0
MWI,1862,0
MWI,1863,0
MWI,1864,0
MWI,1865,0
MWI,1866,0
MWI,1867,0
MWI,1868,0
MWI,1869,0
MWI,1870,0
MWI,1871,0
MWI,1872,0
MWI,1873,0
MWI,1874,0
MWI,1875,0
MWI,1876,0
MWI,1877,0
MWI,1878,0
MWI,1879,0
MWI,1880,0
MWI,1881,0
MWI,1882,0
MWI,1883,0
MWI,1884,0
MWI,1885,0
MWI,1886,0
MWI,1887,0
MWI,1888,0
MWI,1889,0
MWI,1890,0
MWI,1891,0
MWI,1892,0
MWI,1893,0
MWI,1894,0
MWI,1895,0
MWI,1896,0
MWI,1897,0
MWI,1898,0
MWI,1899,0
MWI,1900,0
MWI,1901,0
MWI,1902,0
MWI,1903,0
MWI,1904,0
MWI,1905,0
MWI,1906,0
MWI,1907,0
MWI,1908,0
MWI,1909,0
MWI,1910,0
MWI,1911,0
MWI,1912,0
MWI,1913,0
MWI,1914,0
MWI,1915,0
MWI,1916,0
MWI,1917,0
MWI,1918,0
MWI,1919,0
MWI,1920,0
MWI,1921,0
MWI,1922,0
MWI,1923,0
MWI,1924,0
MWI,1925,0
MWI,1926,0
MWI,1927,0
MWI,1928,0
MWI,1929,0
MWI,1930,0
MWI,1931,0
MWI,1932,0
MWI,1933,0
MWI,1934,0
MWI,1935,0
MWI,1936,0
MWI,1937,0
MWI,1938,0
MWI,1939,0
MWI,1940,0
MWI,1941,0
MWI,1942,0
MWI,1943,0
MWI,1944,0
MWI,1945,0
MWI,1946,0
MWI,1947,0
MWI,1948,0
MWI,1949,0
MWI,1950,0.235
MWI,1951,0.259
MWI,1952,0.291
MWI,1953,0.317
MWI,1954,0.349
MWI,1955,0.411
MWI,1956,0.448
MWI,1957,0.461
MWI,1958,0.412
MWI,1959,0.46
MWI,1960,0.438
MWI,1961,0.373
MWI,1962,0.361
MWI,1963,0.347
MWI,1964,0.33
MWI,1965,0.348
MWI,1966,0.429
MWI,1967,0.366
MWI,1968,0.388
MWI,1969,0.381
MWI,1970,0.454
MWI,1971,0.502
MWI,1972,0.546
MWI,1973,0.571
MWI,1974,0.549
MWI,1975,0.578
MWI,1976,0.582
MWI,1977,0.637
MWI,1978,0.67
MWI,1979,0.637
MWI,1980,0.71
MWI,1981,0.604
MWI,1982,0.593
MWI,1983,0.575
MWI,1984,0.556
MWI,1985,0.556
MWI,1986,0.552
MWI,1987,0.545
MWI,1988,0.541
MWI,1989,0.563
MWI,1990,0.737
MWI,1991,0.787
MWI,1992,0.787
MWI,1993,0.879
MWI,1994,0.902
MWI,1995,0.903
MWI,1996,0.92
MWI,1997,0.918
MWI,1998,0.902
MWI,1999,0.893
MWI,2000,0.854
MWI,2001,0.777
MWI,2002,0.856
MWI,2003,0.915
MWI,2004,0.902
MWI,2005,0.845
MWI,2006,0.851
MWI,2007,0.919
MWI,2008,0.999
MWI,2009,1.018
MWI,2010,0.972
MWI,2011,1.034
MWI,2012,1.041
MWI,2013,1.12
MWI,2014,1.015
MWI,2015,1.05
MWI,2016,1.172
MWI,2017,1.193
MWI,2018,1.69
MWI,2019,1.695
MWI,2020,1.868
MWI,2021,1.682
MWI,2022,1.801
MWI,2023,1.853
MWI,2024,1.881
MYS,1850,0
MYS,1851,0
MYS,1852,0
MYS,1853,0
MYS,1854,0
MYS,1855,0
MYS,1856,0
MYS,1857,0
MYS,1858,0
MYS,1859,0
MYS,1860,0
MYS,1861,0
MYS,1862,0
MYS,1863,0
MYS,1864,0
MYS,1865,0
MYS,1866,0
MYS,1867,0
MYS,1868,0
MYS,1869,0
MYS,1870,0
MYS,1871,0
MYS,1872,0
MYS,1873,0
MYS,1874,0
MYS,1875,0
MYS,1876,0
MYS,1877,0
MYS,1878,0
MYS,1879,0
MYS,1880,0
MYS,1881,0
MYS,1882,0
MYS,1883,0
MYS,1884,0
MYS,1885,0
MYS,1886,0
MYS,1887,0
MYS,1888,0
MYS,1889,0
MYS,1890,0.007
MYS,1891,0.018
MYS,1892,0.048
MYS,1893,0.011
MYS,1894,0.048
MYS,1895,0.11
MYS,1896,0.125
MYS,1897,0.092
MYS,1898,0.128
MYS,1899,0.121
MYS,1900,0.059
MYS,1901,0.048
MYS,1902,0.051
MYS,1903,0.051
MYS,1904,0.033
MYS,1905,0.04
MYS,1906,0.037
MYS,1907,0.088
MYS,1908,0.092
MYS,1909,0.169
MYS,1910,0.234
MYS,1911,0
MYS,1912,0.018
MYS,1913,0.062
MYS,1914,0.147
MYS,1915,0.205
MYS,1916,0.55
MYS,1917,0.652
MYS,1918,0.671
MYS,1919,0.769
MYS,1920,1.11
MYS,1921,1.414
MYS,1922,2.004
MYS,1923,2.583
MYS,1924,2.506
MYS,1925,2.964
MYS,1926,3.4
MYS,1927,3.378
MYS,1928,3.807
MYS,1929,4.115
MYS,1930,3.671
MYS,1931,2.708
MYS,1932,1.795
MYS,1933,1.59
MYS,1934,1.733
MYS,1935,1.806
MYS,1936,2.048
MYS,1937,2.345
MYS,1938,1.913
MYS,1939,1.704
MYS,1940,2.568
MYS,1941,2.184
MYS,1942,0.66
MYS,1943,1.319
MYS,1944,1.103
MYS,1945,0.612
MYS,1946,0.605
MYS,1947,0.685
MYS,1948,1.19
MYS,1949,1.22
MYS,1950,3.655
MYS,1951,5.22
MYS,1952,6.371
MYS,1953,6.499
MYS,1954,7.004
MYS,1955,7.43
MYS,1956,7.563
MYS,1957,3.513
MYS,1958,3.832
MYS,1959,3.183
MYS,1960,4.201
MYS,1961,4.685
MYS,1962,4.777
MYS,1963,5.828
MYS,1964,7.399
MYS,1965,8.38
MYS,1966,9.834
MYS,1967,10.128
MYS,1968,10.53
MYS,1969,9.138
MYS,1970,14.586
MYS,1971,16.663
MYS,1972,17.901
MYS,1973,17.505
MYS,1974,19.045
MYS,1975,19.445
MYS,1976,23.898
MYS,1977,22.621
MYS,1978,23.26
MYS,1979,27.306
MYS,1980,28.033
MYS,1981,30.878
MYS,1982,30.642
MYS,1983,38.048
MYS,1984,34.794
MYS,1985,36.33
MYS,1986,40.102
MYS,1987,40.878
MYS,1988,42.869
MYS,1989,50.084
MYS,1990,54.269
MYS,1991,65.785
MYS,1992,72.961
MYS,1993,86.612
MYS,1994,87.497
MYS,1995,109.595
MYS,1996,110.108
MYS,1997,118.471
MYS,1998,109.782
MYS,1999,103.987
MYS,2000,122.881
MYS,2001,130.89
MYS,2002,132.035
MYS,2003,153.384
MYS,2004,169.674
MYS,2005,169.978
MYS,2006,170.166
MYS,2007,175.454
MYS,2008,192.847
MYS,2009,192.123
MYS,2010,199.346
MYS,2011,203.453
MYS,2012,212.994
MYS,2013,241.671
MYS,2014,245.053
MYS,2015,235.942
MYS,2016,237.294
MYS,2017,244.457
MYS,2018,262.647
MYS,2019,277.673
MYS,2020,262.159
MYS,2021,273.332
MYS,2022,281.884
MYS,2023,276.297
MYS,2024,290.224
NAM,1850,0
NAM,1851,0
NAM,1852,0
NAM,1853,0
NAM,1854,0
NAM,1855,0
NAM,1856,0
NAM,1857,0
NAM,1858,0
NAM,1859,0
NAM,1860,0
NAM,1861,0
NAM,1862,0
NAM,1863,0
NAM,1864,0
NAM,1865,0
NAM,1866,0
NAM,1867,0
NAM,1868,0
NAM,1869,0
NAM,1870,0
NAM,1871,0
NAM,1872,0
NAM,1873,0
NAM,1874,0
NAM,1875,0
NAM,1876,0
NAM,1877,0
NAM,1878,0
NAM,1879,0
NAM,1880,0
NAM,1881,0
NAM,1882,0
NAM,1883,0
NAM,1884,0
NAM,1885,0
NAM,1886,0
NAM,1887,0
NAM,1888,0
NAM,1889,0
NAM,1890,0
NAM,1891,0
NAM,1892,0
NAM,1893,0
NAM,1894,0
NAM,1895,0
NAM,1896,0
NAM,1897,0
NAM,1898,0
NAM,1899,0
NAM,1900,0
NAM,1901,0
NAM,1902,0
NAM,1903,0
NAM,1904,0
NAM,1905,0
NAM,1906,0
NAM,1907,0
NAM,1908,0
NAM,1909,0
NAM,1910,0
NAM,1911,0
NAM,1912,0
NAM,1913,0
NAM,1914,0
NAM,1915,0
NAM,1916,0
NAM,1917,0
NAM,1918,0
NAM,1919,0
NAM,1920,0
NAM,1921,0
NAM,1922,0
NAM,1923,0
NAM,1924,0
NAM,1925,0
NAM,1926,0
NAM,1927,0
NAM,1928,0
NAM,1929,0
NAM,1930,0
NAM,1931,0
NAM,1932,0
NAM,1933,0
NAM,1934,0
NAM,1935,0
NAM,1936,0
NAM,1937,0
NAM,1938,0
NAM,1939,0
NAM,1940,0
NAM,1941,0
NAM,1942,0
NAM,1943,0
NAM,1944,0
NAM,1945,0
NAM,1946,0
NAM,1947,0
NAM,1948,0
NAM,1949,0
NAM,1950,0
NAM,1951,0
NAM,1952,0
NAM,1953,0
NAM,1954,0
NAM,1955,0
NAM,1956,0
NAM,1957,0
NAM,1958,0
NAM,1959,0
NAM,1960,0
NAM,1961,0
NAM,1962,0
NAM,1963,0
NAM,1964,0
NAM,1965,0
NAM,1966,0
NAM,1967,0
NAM,1968,0
NAM,1969,0
NAM,1970,0
NAM,1971,0
NAM,1972,0
NAM,1973,0
NAM,1974,0
NAM,1975,0
NAM,1976,0
NAM,1977,0
NAM,1978,0
NAM,1979,0
NAM,1980,0
NAM,1981,0
NAM,1982,0
NAM,1983,0
NAM,1984,0
NAM,1985,0
NAM,1986,0
NAM,1987,0
NAM,1988,0
NAM,1989,0
NAM,1990,0
NAM,1991,1.044
NAM,1992,1.14
NAM,1993,1.374
NAM,1994,1.557
NAM,1995,1.619
NAM,1996,1.718
NAM,1997,1.814
NAM,1998,1.865
NAM,1999,1.74
NAM,2000,1.718
NAM,2001,2.231
NAM,2002,1.971
NAM,2003,2.092
NAM,2004,2.239
NAM,2005,2.532
NAM,2006,2.524
NAM,2007,2.327
NAM,2008,2.858
NAM,2009,2.66
NAM,2010,2.788
NAM,2011,2.786
NAM,2012,3.194
NAM,2013,3.004
NAM,2014,3.099
NAM,2015,3.394
NAM,2016,3.582
NAM,2017,3.59
NAM,2018,3.635
NAM,2019,3.73
NAM,2020,3.44
NAM,2021,3.608
NAM,2022,3.414
NAM,2023,3.443
NAM,2024,3.469
NCL,1851,0
NCL,1852,0
NCL,1853,0
NCL,1854,0
NCL,1855,0
NCL,1856,0
NCL,1857,0
NCL,1858,0
NCL,1859,0
NCL,1860,0
NCL,1861,0
NCL,1862,0
NCL,1863,0
NCL,1864,0
NCL,1865,0
NCL,1866,0
NCL,1867,0
NCL,1868,0
NCL,1869,0
NCL,1870,0
NCL,1871,0
NCL,1872,0
NCL,1873,0
NCL,1874,0
NCL,1875,0
NCL,1876,0
NCL,1877,0
NCL,1878,0
NCL,1879,0
NCL,1880,0
NCL,1881,0
NCL,1882,0
NCL,1883,0
NCL,1884,0
NCL,1885,0
NCL,1886,0
NCL,1887,0
NCL,1888,0
NCL,1889,0
NCL,1890,0
NCL,1891,0
NCL,1892,0
NCL,1893,0
NCL,1894,0
NCL,1895,0
NCL,1896,0
NCL,1897,0
NCL,1898,0
NCL,1899,0
NCL,1900,0
NCL,1901,0
NCL,1902,0
NCL,1903,0
NCL,1904,0
NCL,1905,0
NCL,1906,0
NCL,1907,0
NCL,1908,0
NCL,1909,0
NCL,1910,0
NCL,1911,0
NCL,1912,0
NCL,1913,0
NCL,1914,0
NCL,1915,0
NCL,1916,0
NCL,1917,0
NCL,1918,0
NCL,1919,0
NCL,1920,0
NCL,1921,0
NCL,1922,0
NCL,1923,0
NCL,1924,0
NCL,1925,0
NCL,1926,0
NCL,1927,0
NCL,1928,0
NCL,1929,0
NCL,1930,0
NCL,1931,0
NCL,1932,0
NCL,1933,0
NCL,1934,0
NCL,1935,0
NCL,1936,0
NCL,1937,0
NCL,1938,0
NCL,1939,0
NCL,1940,0
NCL,1941,0
NCL,1942,0
NCL,1943,0
NCL,1944,0
NCL,1945,0
NCL,1946,0
NCL,1947,0
NCL,1948,0
NCL,1949,0
NCL,1950,0.22
NCL,1951,0.282
NCL,1952,0.473
NCL,1953,0.399
NCL,1954,0.52
NCL,1955,0.7
NCL,1956,1.165
NCL,1957,1.066
NCL,1958,0.74
NCL,1959,0.59
NCL,1960,0.861
NCL,1961,0.887
NCL,1962,0.564
NCL,1963,0.619
NCL,1964,1.099
NCL,1965,1.231
NCL,1966,1.51
NCL,1967,1.473
NCL,1968,1.839
NCL,1969,1.557
NCL,1970,2.393
NCL,1971,2.418
NCL,1972,1.704
NCL,1973,2.598
NCL,1974,2.781
NCL,1975,2.528
NCL,1976,2.388
NCL,1977,2.139
NCL,1978,1.541
NCL,1979,1.64
NCL,1980,1.999
NCL,1981,1.39
NCL,1982,1.262
NCL,1983,1.151
NCL,1984,1.202
NCL,1985,1.451
NCL,1986,1.401
NCL,1987,1.454
NCL,1988,1.501
NCL,1989,1.639
NCL,1990,1.576
NCL,1991,1.759
NCL,1992,1.575
NCL,1993,1.832
NCL,1994,1.975
NCL,1995,2.067
NCL,1996,2.184
NCL,1997,1.817
NCL,1998,1.81
NCL,1999,2.056
NCL,2000,2.224
NCL,2001,1.877
NCL,2002,2.392
NCL,2003,2.726
NCL,2004,2.515
NCL,2005,2.806
NCL,2006,2.71
NCL,2007,2.927
NCL,2008,2.848
NCL,2009,3.036
NCL,2010,3.658
NCL,2011,3.694
NCL,2012,3.706
NCL,2013,3.97
NCL,2014,5.009
NCL,2015,4.877
NCL,2016,5.482
NCL,2017,5.584
NCL,2018,5.913
NCL,2019,5.673
NCL,2020,5.109
NCL,2021,4.537
NCL,2022,5.116
NCL,2023,5.068
NCL,2024,5.287
NER,1850,0
NER,1851,0
NER,1852,0
NER,1853,0
NER,1854,0
NER,1855,0
NER,1856,0
NER,1857,0
NER,1858,0
NER,1859,0
NER,1860,0
NER,1861,0
NER,1862,0
NER,1863,0
NER,1864,0
NER,1865,0
NER,1866,0
NER,1867,0
NER,1868,0
NER,1869,0
NER,1870,0
NER,1871,0
NER,1872,0
NER,1873,0
NER,1874,0
NER,1875,0
NER,1876,0
NER,1877,0
NER,1878,0
NER,1879,0
NER,1880,0
NER,1881,0
NER,1882,0
NER,1883,0
NER,1884,0
NER,1885,0
NER,1886,0
NER,1887,0
NER,1888,0
NER,1889,0
NER,1890,0
NER,1891,0
NER,1892,0
NER,1893,0
NER,1894,0
NER,1895,0
NER,1896,0
NER,1897,0
NER,1898,0
NER,1899,0
NER,1900,0
NER,1901,0
NER,1902,0
NER,1903,0
NER,1904,0
NER,1905,0
NER,1906,0
NER,1907,0
NER,1908,0
NER,1909,0
NER,1910,0
NER,1911,0
NER,1912,0
NER,1913,0
NER,1914,0
NER,1915,0
NER,1916,0
NER,1917,0
NER,1918,0
NER,1919,0
NER,1920,0
NER,1921,0
NER,1922,0
NER,1923,0
NER,1924,0
NER,1925,0
NER,1926,0
NER,1927,0
NER,1928,0
NER,1929,0
NER,1930,0
NER,1931,0
NER,1932,0
NER,1933,0
NER,1934,0
NER,1935,0
NER,1936,0
NER,1937,0
NER,1938,0
NER,1939,0
NER,1940,0
NER,1941,0
NER,1942,0
NER,1943,0
NER,1944,0
NER,1945,0
NER,1946,0
NER,1947,0
NER,1948,0
NER,1949,0
NER,1950,0.028
NER,1951,0.024
NER,1952,0.027
NER,1953,0.022
NER,1954,0.026
NER,1955,0.026
NER,1956,0.03
NER,1957,0.031
NER,1958,0.026
NER,1959,0.022
NER,1960,0.029
NER,1961,0.055
NER,1962,0.066
NER,1963,0.088
NER,1964,0.095
NER,1965,0.092
NER,1966,0.136
NER,1967,0.132
NER,1968,0.161
NER,1969,0.19
NER,1970,0.216
NER,1971,0.23
NER,1972,0.252
NER,1973,0.327
NER,1974,0.288
NER,1975,0.333
NER,1976,0.331
NER,1977,0.363
NER,1978,0.413
NER,1979,0.476
NER,1980,0.566
NER,1981,0.68
NER,1982,0.742
NER,1983,0.958
NER,1984,0.987
NER,1985,0.99
NER,1986,0.894
NER,1987,0.993
NER,1988,0.983
NER,1989,1.034
NER,1990,0.599
NER,1991,0.566
NER,1992,0.521
NER,1993,0.602
NER,1994,0.577
NER,1995,0.558
NER,1996,0.639
NER,1997,0.648
NER,1998,0.696
NER,1999,0.682
NER,2000,0.683
NER,2001,0.646
NER,2002,0.685
NER,2003,0.744
NER,2004,0.795
NER,2005,0.691
NER,2006,0.671
NER,2007,0.706
NER,2008,0.792
NER,2009,0.952
NER,2010,1.16
NER,2011,1.313
NER,2012,1.852
NER,2013,2.078
NER,2014,2.256
NER,2015,2.199
NER,2016,2.142
NER,2017,2.243
NER,2018,1.803
NER,2019,2.513
NER,2020,3.04
NER,2021,2.588
NER,2022,3.201
NER,2023,3.133
NER,2024,3.17
NGA,1850,0
NGA,1851,0
NGA,1852,0
NGA,1853,0
NGA,1854,0
NGA,1855,0
NGA,1856,0
NGA,1857,0
NGA,1858,0
NGA,1859,0
NGA,1860,0
NGA,1861,0
NGA,1862,0
NGA,1863,0
NGA,1864,0
NGA,1865,0
NGA,1866,0
NGA,1867,0
NGA,1868,0
NGA,1869,0
NGA,1870,0
NGA,1871,0
NGA,1872,0
NGA,1873,0
NGA,1874,0
NGA,1875,0
NGA,1876,0
NGA,1877,0
NGA,1878,0
NGA,1879,0
NGA,1880,0
NGA,1881,0
NGA,1882,0
NGA,1883,0
NGA,1884,0
NGA,1885,0
NGA,1886,0
NGA,1887,0
NGA,1888,0
NGA,1889,0
NGA,1890,0
NGA,1891,0
NGA,1892,0
NGA,1893,0
NGA,1894,0
NGA,1895,0
NGA,1896,0
NGA,1897,0
NGA,1898,0
NGA,1899,0
NGA,1900,0
NGA,1901,0
NGA,1902,0
NGA,1903,0
NGA,1904,0
NGA,1905,0
NGA,1906,0
NGA,1907,0
NGA,1908,0
NGA,1909,0
NGA,1910,0
NGA,1911,0
NGA,1912,0
NGA,1913,0
NGA,1914,0
NGA,1915,0.018
NGA,1916,0.066
NGA,1917,0.224
NGA,1918,0.399
NGA,1919,0.37
NGA,1920,0.487
NGA,1921,0.572
NGA,1922,0.304
NGA,1923,0.473
NGA,1924,0.542
NGA,1925,0.645
NGA,1926,0.876
NGA,1927,0.967
NGA,1928,0.967
NGA,1929,0.931
NGA,1930,0.938
NGA,1931,0.883
NGA,1932,0.678
NGA,1933,0.634
NGA,1934,0.7
NGA,1935,0.696
NGA,1936,0.788
NGA,1937,0.978
NGA,1938,0.975
NGA,1939,0.821
NGA,1940,0.835
NGA,1941,0.989
NGA,1942,1.242
NGA,1943,1.363
NGA,1944,1.656
NGA,1945,1.381
NGA,1946,1.638
NGA,1947,1.561
NGA,1948,1.638
NGA,1949,1.484
NGA,1950,2.257
NGA,1951,1.685
NGA,1952,2.18
NGA,1953,2.437
NGA,1954,2.572
NGA,1955,2.697
NGA,1956,3.012
NGA,1957,3.184
NGA,1958,3.722
NGA,1959,3.565
NGA,1960,3.403
NGA,1961,4.11
NGA,1962,4.175
NGA,1963,5.344
NGA,1964,7.267
NGA,1965,11.75
NGA,1966,12.893
NGA,1967,12.824
NGA,1968,6.626
NGA,1969,12.1
NGA,1970,21.52
NGA,1971,32.248
NGA,1972,41.376
NGA,1973,49.513
NGA,1974,62.21
NGA,1975,47.316
NGA,1976,55.157
NGA,1977,50.468
NGA,1978,48.185
NGA,1979,70.143
NGA,1980,67.987
NGA,1981,65.751
NGA,1982,65.309
NGA,1983,59.622
NGA,1984,69.338
NGA,1985,69.561
NGA,1986,73.107
NGA,1987,58.942
NGA,1988,70.347
NGA,1989,42.046
NGA,1990,38.786
NGA,1991,41.841
NGA,1992,46.162
NGA,1993,44.705
NGA,1994,80.36
NGA,1995,84.23
NGA,1996,97.767
NGA,1997,95.649
NGA,1998,86.338
NGA,1999,84.838
NGA,2000,96.831
NGA,2001,100.218
NGA,2002,89.906
NGA,2003,100.03
NGA,2004,94.962
NGA,2005,101.666
NGA,2006,90.097
NGA,2007,82.17
NGA,2008,86.489
NGA,2009,77.031
NGA,2010,112.05
NGA,2011,126.115
NGA,2012,110.125
NGA,2013,117.401
NGA,2014,123.971
NGA,2015,110.525
NGA,2016,116.396
NGA,2017,112.54
NGA,2018,106.786
NGA,2019,127.859
NGA,2020,124.899
NGA,2021,147.777
NGA,2022,131.441
NGA,2023,129.376
NGA,2024,135.824
NIC,1850,0
NIC,1851,0
NIC,1852,0
NIC,1853,0
NIC,1854,0
NIC,1855,0
NIC,1856,0
NIC,1857,0
NIC,1858,0
NIC,1859,0
NIC,1860,0
NIC,1861,0
NIC,1862,0
NIC,1863,0
NIC,1864,0
NIC,1865,0
NIC,1866,0
NIC,1867,0
NIC,1868,0
NIC,1869,0
NIC,1870,0
NIC,1871,0
NIC,1872,0
NIC,1873,0
NIC,1874,0
NIC,1875,0
NIC,1876,0
NIC,1877,0
NIC,1878,0.001
NIC,1879,0.001
NIC,1880,0.001
NIC,1881,0
NIC,1882,0
NIC,1883,0.001
NIC,1884,0.002
NIC,1885,0.001
NIC,1886,0
NIC,1887,0.001
NIC,1888,0.002
NIC,1889,0.007
NIC,1890,0.017
NIC,1891,0.028
NIC,1892,0.022
NIC,1893,0.011
NIC,1894,0.013
NIC,1895,0.01
NIC,1896,0.005
NIC,1897,0.005
NIC,1898,0.005
NIC,1899,0.006
NIC,1900,0.007
NIC,1901,0.008
NIC,1902,0.008
NIC,1903,0.008
NIC,1904,0.007
NIC,1905,0.006
NIC,1906,0.006
NIC,1907,0.005
NIC,1908,0.004
NIC,1909,0.004
NIC,1910,0.005
NIC,1911,0.007
NIC,1912,0.005
NIC,1913,0.004
NIC,1914,0.004
NIC,1915,0.004
NIC,1916,0.006
NIC,1917,0.007
NIC,1918,0.007
NIC,1919,0.006
NIC,1920,0.003
NIC,1921,0.005
NIC,1922,0.003
NIC,1923,0.009
NIC,1924,0.014
NIC,1925,0.007
NIC,1926,0.017
NIC,1927,0.003
NIC,1928,0.001
NIC,1929,0.001
NIC,1930,0.001
NIC,1931,0
NIC,1932,0
NIC,1933,0
NIC,1934,0
NIC,1935,0
NIC,1936,0
NIC,1937,0
NIC,1938,0
NIC,1939,0
NIC,1940,0
NIC,1941,0
NIC,1942,0
NIC,1943,0.008
NIC,1944,0.004
NIC,1945,0.007
NIC,1946,0.004
NIC,1947,0.007
NIC,1948,0.008
NIC,1949,0.008
NIC,1950,0.191
NIC,1951,0.201
NIC,1952,0.275
NIC,1953,0.286
NIC,1954,0.315
NIC,1955,0.392
NIC,1956,0.377
NIC,1957,0.418
NIC,1958,0.601
NIC,1959,0.48
NIC,1960,0.531
NIC,1961,0.56
NIC,1962,0.659
NIC,1963,0.843
NIC,1964,0.949
NIC,1965,0.78
NIC,1966,0.96
NIC,1967,1.08
NIC,1968,1.231
NIC,1969,1.286
NIC,1970,1.403
NIC,1971,1.505
NIC,1972,1.604
NIC,1973,1.828
NIC,1974,1.948
NIC,1975,1.927
NIC,1976,2.222
NIC,1977,2.833
NIC,1978,2.627
NIC,1979,1.709
NIC,1980,2.022
NIC,1981,2.134
NIC,1982,2.11
NIC,1983,1.996
NIC,1984,1.846
NIC,1985,1.984
NIC,1986,2.255
NIC,1987,2.43
NIC,1988,2.239
NIC,1989,1.468
NIC,1990,2.043
NIC,1991,1.984
NIC,1992,2.37
NIC,1993,2.28
NIC,1994,2.514
NIC,1995,2.751
NIC,1996,2.842
NIC,1997,3.108
NIC,1998,3.386
NIC,1999,3.59
NIC,2000,3.71
NIC,2001,3.909
NIC,2002,3.976
NIC,2003,4.31
NIC,2004,4.362
NIC,2005,4.253
NIC,2006,4.407
NIC,2007,4.54
NIC,2008,4.353
NIC,2009,4.432
NIC,2010,4.453
NIC,2011,4.789
NIC,2012,4.534
NIC,2013,4.586
NIC,2014,4.72
NIC,2015,5.408
NIC,2016,5.379
NIC,2017,5.441
NIC,2018,5.178
NIC,2019,5.208
NIC,2020,4.641
NIC,2021,5.133
NIC,2022,5.131
NIC,2023,5.428
NIC,2024,5.63
NIU,1850,0
NIU,1851,0
NIU,1852,0
NIU,1853,0
NIU,1854,0
NIU,1855,0
NIU,1856,0
NIU,1857,0
NIU,1858,0
NIU,1859,0
NIU,1860,0
NIU,1861,0
NIU,1862,0
NIU,1863,0
NIU,1864,0
NIU,1865,0
NIU,1866,0
NIU,1867,0
NIU,1868,0
NIU,1869,0
NIU,1870,0
NIU,1871,0
NIU,1872,0
NIU,1873,0
NIU,1874,0
NIU,1875,0
NIU,1876,0
NIU,1877,0
NIU,1878,0
NIU,1879,0
NIU,1880,0
NIU,1881,0
NIU,1882,0
NIU,1883,0
NIU,1884,0
NIU,1885,0
NIU,1886,0
NIU,1887,0
NIU,1888,0
NIU,1889,0
NIU,1890,0
NIU,1891,0
NIU,1892,0
NIU,1893,0
NIU,1894,0
NIU,1895,0
NIU,1896,0
NIU,1897,0
NIU,1898,0
NIU,1899,0
NIU,1900,0
NIU,1901,0
NIU,1902,0
NIU,1903,0
NIU,1904,0
NIU,1905,0
NIU,1906,0
NIU,1907,0
NIU,1908,0
NIU,1909,0
NIU,1910,0
NIU,1911,0
NIU,1912,0
NIU,1913,0
NIU,1914,0
NIU,1915,0
NIU,1916,0
NIU,1917,0
NIU,1918,0
NIU,1919,0
NIU,1920,0
NIU,1921,0
NIU,1922,0
NIU,1923,0
NIU,1924,0
NIU,1925,0
NIU,1926,0
NIU,1927,0
NIU,1928,0
NIU,1929,0
NIU,1930,0
NIU,1931,0
NIU,1932,0
NIU,1933,0
NIU,1934,0
NIU,1935,0
NIU,1936,0
NIU,1937,0
NIU,1938,0
NIU,1939,0
NIU,1940,0
NIU,1941,0
NIU,1942,0
NIU,1943,0
NIU,1944,0
NIU,1945,0
NIU,1946,0
NIU,1947,0
NIU,1948,0
NIU,1949,0
NIU,1950,0
NIU,1951,0
NIU,1952,0
NIU,1953,0
NIU,1954,0
NIU,1955,0
NIU,1956,0
NIU,1957,0
NIU,1958,0
NIU,1959,0
NIU,1960,0
NIU,1961,0
NIU,1962,0
NIU,1963,0
NIU,1964,0
NIU,1965,0
NIU,1966,0
NIU,1967,0
NIU,1968,0
NIU,1969,0
NIU,1970,0.004
NIU,1971,0.004
NIU,1972,0.004
NIU,1973,0.004
NIU,1974,0.004
NIU,1975,0.004
NIU,1976,0.004
NIU,1977,0.004
NIU,1978,0.004
NIU,1979,0.004
NIU,1980,0.004
NIU,1981,0.004
NIU,1982,0.004
NIU,1983,0.004
NIU,1984,0.004
NIU,1985,0.004
NIU,1986,0.004
NIU,1987,0.004
NIU,1988,0.004
NIU,1989,0.004
NIU,1990,0.007
NIU,1991,0.007
NIU,1992,0.007
NIU,1993,0.007
NIU,1994,0.007
NIU,1995,0.004
NIU,1996,0.004
NIU,1997,0.004
NIU,1998,0.007
NIU,1999,0.007
NIU,2000,0.007
NIU,2001,0.007
NIU,2002,0.007
NIU,2003,0.004
NIU,2004,0.004
NIU,2005,0.004
NIU,2006,0.004
NIU,2007,0.004
NIU,2008,0.007
NIU,2009,0.004
NIU,2010,0.004
NIU,2011,0.004
NIU,2012,0.004
NIU,2013,0.007
NIU,2014,0.007
NIU,2015,0.007
NIU,2016,0.007
NIU,2017,0.007
NIU,2018,0.007
NIU,2019,0.007
NIU,2020,0.007
NIU,2021,0.007
NIU,2022,0.007
NIU,2023,0.007
NIU,2024,0.008
NLD,1750,0
NLD,1751,0
NLD,1752,0
NLD,1753,0
NLD,1754,0
NLD,1755,0
NLD,1756,0
NLD,1757,0
NLD,1758,0
NLD,1759,0
NLD,1760,0
NLD,1761,0
NLD,1762,0
NLD,1763,0
NLD,1764,0
NLD,1765,0
NLD,1766,0
NLD,1767,0
NLD,1768,0
NLD,1769,0
NLD,1770,0
NLD,1771,0
NLD,1772,0
NLD,1773,0
NLD,1774,0
NLD,1775,0
NLD,1776,0
NLD,1777,0
NLD,1778,0
NLD,1779,0
NLD,1780,0
NLD,1781,0
NLD,1782,0
NLD,1783,0
NLD,1784,0
NLD,1785,0
NLD,1786,0
NLD,1787,0
NLD,1788,0
NLD,1789,0
NLD,1790,0
NLD,1791,0
NLD,1792,0
NLD,1793,0
NLD,1794,0
NLD,1795,0
NLD,1796,0
NLD,1797,0
NLD,1798,0
NLD,1799,0
NLD,1800,0
NLD,1801,0
NLD,1802,0
NLD,1803,0
NLD,1804,0
NLD,1805,0
NLD,1806,0
NLD,1807,0
NLD,1808,0
NLD,1809,0
NLD,1810,0
NLD,1811,0
NLD,1812,0
NLD,1813,0
NLD,1814,0
NLD,1815,0
NLD,1816,0
NLD,1817,0
NLD,1818,0
NLD,1819,0
NLD,1820,0
NLD,1821,0
NLD,1822,0
NLD,1823,0
NLD,1824,0
NLD,1825,0
NLD,1826,0
NLD,1827,0
NLD,1828,0
NLD,1829,0
NLD,1830,0
NLD,1831,0
NLD,1832,0
NLD,1833,0
NLD,1834,0
NLD,1835,0
NLD,1836,0
NLD,1837,0
NLD,1838,0
NLD,1839,0
NLD,1840,0
NLD,1841,0
NLD,1842,0
NLD,1843,0
NLD,1844,0
NLD,1845,0
NLD,1846,2.869
NLD,1847,3.869
NLD,1848,3.649
NLD,1849,3.331
NLD,1850,3.136
NLD,1851,3.118
NLD,1852,3.763
NLD,1853,4.17
NLD,1854,5.947
NLD,1855,4.65
NLD,1856,4.723
NLD,1857,4.217
NLD,1858,3.708
NLD,1859,3.525
NLD,1860,4.796
NLD,1861,4.404
NLD,1862,5.672
NLD,1863,4.085
NLD,1864,3.404
NLD,1865,3.847
NLD,1866,4.217
NLD,1867,4.041
NLD,1868,4.239
NLD,1869,4.371
NLD,1870,4.943
NLD,1871,4.979
NLD,1872,5.331
NLD,1873,5.141
NLD,1874,4.741
NLD,1875,5.419
NLD,1876,6.21
NLD,1877,6.309
NLD,1878,6.687
NLD,1879,7.211
NLD,1880,7.973
NLD,1881,8.028
NLD,1882,8.13
NLD,1883,9.01
NLD,1884,9.017
NLD,1885,9.42
NLD,1886,9.618
NLD,1887,9.787
NLD,1888,10.86
NLD,1889,10.611
NLD,1890,10.285
NLD,1891,11.908
NLD,1892,11.322
NLD,1893,11.461
NLD,1894,11.619
NLD,1895,11.626
NLD,1896,12.494
NLD,1897,13.102
NLD,1898,12.934
NLD,1899,13.278
NLD,1900,14.634
NLD,1901,14.312
NLD,1902,14.301
NLD,1903,15.297
NLD,1904,16.166
NLD,1905,16.594
NLD,1906,18.056
NLD,1907,18.576
NLD,1908,18.921
NLD,1909,19.918
NLD,1910,20.834
NLD,1911,22.079
NLD,1912,24.923
NLD,1913,27.55
NLD,1914,25.824
NLD,1915,24.534
NLD,1916,22.398
NLD,1917,8.654
NLD,1918,14.528
NLD,1919,21.98
NLD,1920,22.171
NLD,1921,23.233
NLD,1922,27.271
NLD,1923,27.198
NLD,1924,30.594
NLD,1925,33.592
NLD,1926,34.328
NLD,1927,37.966
NLD,1928,38.007
NLD,1929,41.267
NLD,1930,40.779
NLD,1931,44.956
NLD,1932,41.417
NLD,1933,38.569
NLD,1934,38.628
NLD,1935,37.265
NLD,1936,39.892
NLD,1937,43.999
NLD,1938,43.307
NLD,1939,40.701
NLD,1940,33.438
NLD,1941,37.125
NLD,1942,34.594
NLD,1943,34.927
NLD,1944,23.335
NLD,1945,14.651
NLD,1946,31.102
NLD,1947,44.603
NLD,1948,47.263
NLD,1949,50.499
NLD,1950,51.301
NLD,1951,54.986
NLD,1952,54.733
NLD,1953,55.275
NLD,1954,58.411
NLD,1955,61.005
NLD,1956,65.097
NLD,1957,64.426
NLD,1958,66.709
NLD,1959,67.136
NLD,1960,73.456
NLD,1961,75.833
NLD,1962,83.3
NLD,1963,91.163
NLD,1964,96.788
NLD,1965,100.415
NLD,1966,103.565
NLD,1967,106.689
NLD,1968,113.453
NLD,1969,115.806
NLD,1970,141.811
NLD,1971,140.67
NLD,1972,157.499
NLD,1973,165.264
NLD,1974,159.989
NLD,1975,152.529
NLD,1976,169.131
NLD,1977,163.609
NLD,1978,169.793
NLD,1979,187.007
NLD,1980,176.635
NLD,1981,164.113
NLD,1982,133.491
NLD,1983,137.361
NLD,1984,144.073
NLD,1985,146.98
NLD,1986,144.014
NLD,1987,151.484
NLD,1988,145.603
NLD,1989,161.664
NLD,1990,163.033
NLD,1991,171.469
NLD,1992,171.277
NLD,1993,171.185
NLD,1994,171.952
NLD,1995,173.482
NLD,1996,182.543
NLD,1997,175.466
NLD,1998,176.396
NLD,1999,171.053
NLD,2000,172.154
NLD,2001,177.464
NLD,2002,176.738
NLD,2003,180.169
NLD,2004,182.09
NLD,2005,178.13
NLD,2006,173.279
NLD,2007,173.028
NLD,2008,175.904
NLD,2009,170.433
NLD,2010,182.479
NLD,2011,169.346
NLD,2012,165.752
NLD,2013,164.925
NLD,2014,157.503
NLD,2015,163.958
NLD,2016,164.812
NLD,2017,162.296
NLD,2018,158.264
NLD,2019,152.727
NLD,2020,136.974
NLD,2021,139.886
NLD,2022,127.503
NLD,2023,117.016
NLD,2024,114.785
NOR,1750,0
NOR,1751,0
NOR,1752,0
NOR,1753,0
NOR,1754,0
NOR,1755,0
NOR,1756,0
NOR,1757,0
NOR,1758,0
NOR,1759,0
NOR,1760,0
NOR,1761,0
NOR,1762,0
NOR,1763,0
NOR,1764,0
NOR,1765,0
NOR,1766,0
NOR,1767,0
NOR,1768,0
NOR,1769,0
NOR,1770,0
NOR,1771,0
NOR,1772,0
NOR,1773,0
NOR,1774,0
NOR,1775,0
NOR,1776,0
NOR,1777,0
NOR,1778,0
NOR,1779,0
NOR,1780,0
NOR,1781,0
NOR,1782,0
NOR,1783,0
NOR,1784,0
NOR,1785,0
NOR,1786,0
NOR,1787,0
NOR,1788,0
NOR,1789,0
NOR,1790,0
NOR,1791,0
NOR,1792,0
NOR,1793,0
NOR,1794,0
NOR,1795,0
NOR,1796,0
NOR,1797,0
NOR,1798,0
NOR,1799,0
NOR,1800,0
NOR,1801,0
NOR,1802,0
NOR,1803,0
NOR,1804,0
NOR,1805,0
NOR,1806,0
NOR,1807,0
NOR,1808,0
NOR,1809,0
NOR,1810,0
NOR,1811,0
NOR,1812,0
NOR,1813,0
NOR,1814,0
NOR,1815,0
NOR,1816,0
NOR,1817,0
NOR,1818,0
NOR,1819,0
NOR,1820,0
NOR,1821,0
NOR,1822,0
NOR,1823,0
NOR,1824,0
NOR,1825,0
NOR,1826,0
NOR,1827,0
NOR,1828,0
NOR,1829,0.011
NOR,1830,0.007
NOR,1831,0.004
NOR,1832,0
NOR,1833,0
NOR,1834,0
NOR,1835,0.015
NOR,1836,0.018
NOR,1837,0.026
NOR,1838,0.051
NOR,1839,0.04
NOR,1840,0.044
NOR,1841,0.059
NOR,1842,0.073
NOR,1843,0.062
NOR,1844,0.066
NOR,1845,0.099
NOR,1846,0.099
NOR,1847,0.103
NOR,1848,0.132
NOR,1849,0.106
NOR,1850,0.139
NOR,1851,0.15
NOR,1852,0.15
NOR,1853,0.165
NOR,1854,0.234
NOR,1855,0.256
NOR,1856,0.304
NOR,1857,0.304
NOR,1858,0.267
NOR,1859,0.326
NOR,1860,0.333
NOR,1861,0.429
NOR,1862,0.37
NOR,1863,0.363
NOR,1864,0.48
NOR,1865,0.473
NOR,1866,0.52
NOR,1867,0.619
NOR,1868,0.634
NOR,1869,0.553
NOR,1870,0.63
NOR,1871,0.612
NOR,1872,0.656
NOR,1873,0.66
NOR,1874,0.817
NOR,1875,1.026
NOR,1876,0.905
NOR,1877,1.22
NOR,1878,1.088
NOR,1879,1.143
NOR,1880,1.249
NOR,1881,1.293
NOR,1882,1.414
NOR,1883,1.524
NOR,1884,1.561
NOR,1885,1.784
NOR,1886,1.744
NOR,1887,1.682
NOR,1888,1.946
NOR,1889,2.22
NOR,1890,2.077
NOR,1891,2.415
NOR,1892,2.466
NOR,1893,2.462
NOR,1894,2.906
NOR,1895,3.059
NOR,1896,3.125
NOR,1897,3.386
NOR,1898,3.386
NOR,1899,4.049
NOR,1900,4.155
NOR,1901,3.895
NOR,1902,4.243
NOR,1903,4.239
NOR,1904,4.159
NOR,1905,4.148
NOR,1906,4.225
NOR,1907,4.782
NOR,1908,5.716
NOR,1909,5.763
NOR,1910,5.939
NOR,1911,6.079
NOR,1912,6.877
NOR,1913,6.918
NOR,1914,7.709
NOR,1915,8.449
NOR,1916,7.896
NOR,1917,3.495
NOR,1918,4.452
NOR,1919,5.291
NOR,1920,5.302
NOR,1921,3.375
NOR,1922,6.482
NOR,1923,6.793
NOR,1924,7.727
NOR,1925,7.595
NOR,1926,6.361
NOR,1927,8.668
NOR,1928,8.454
NOR,1929,9.521
NOR,1930,8.727
NOR,1931,8.086
NOR,1932,8.643
NOR,1933,9.179
NOR,1934,9.485
NOR,1935,9.782
NOR,1936,10.441
NOR,1937,11.76
NOR,1938,10.478
NOR,1939,12.515
NOR,1940,6.51
NOR,1941,4.813
NOR,1942,4.626
NOR,1943,5.443
NOR,1944,4.879
NOR,1945,4.012
NOR,1946,7.073
NOR,1947,10.627
NOR,1948,10.983
NOR,1949,10.407
NOR,1950,8.432
NOR,1951,9.476
NOR,1952,9.685
NOR,1953,9.783
NOR,1954,9.882
NOR,1955,11.414
NOR,1956,11.952
NOR,1957,11.358
NOR,1958,11.186
NOR,1959,11.808
NOR,1960,13.087
NOR,1961,13.335
NOR,1962,14.06
NOR,1963,14.965
NOR,1964,16.17
NOR,1965,16.39
NOR,1966,19.54
NOR,1967,19.304
NOR,1968,21.114
NOR,1969,22.194
NOR,1970,27.979
NOR,1971,27.166
NOR,1972,29.395
NOR,1973,30.492
NOR,1974,27.69
NOR,1975,30.602
NOR,1976,33.332
NOR,1977,33.309
NOR,1978,32.625
NOR,1979,34.625
NOR,1980,31.777
NOR,1981,31.805
NOR,1982,30.912
NOR,1983,31.947
NOR,1984,33.81
NOR,1985,32.286
NOR,1986,34.785
NOR,1987,33.207
NOR,1988,35.592
NOR,1989,34.148
NOR,1990,35.009
NOR,1991,33.466
NOR,1992,34.402
NOR,1993,35.948
NOR,1994,37.863
NOR,1995,38.469
NOR,1996,41.54
NOR,1997,41.644
NOR,1998,41.838
NOR,1999,42.609
NOR,2000,42.131
NOR,2001,43.519
NOR,2002,42.571
NOR,2003,43.919
NOR,2004,44.257
NOR,2005,43.279
NOR,2006,43.859
NOR,2007,45.605
NOR,2008,44.692
NOR,2009,43.098
NOR,2010,45.659
NOR,2011,44.775
NOR,2012,44.258
NOR,2013,44.539
NOR,2014,44.975
NOR,2015,45.523
NOR,2016,44.708
NOR,2017,44.197
NOR,2018,44.472
NOR,2019,42.866
NOR,2020,41.275
NOR,2021,41.058
NOR,2022,40.833
NOR,2023,38.869
NOR,2024,37.183
NPL,1850,0
NPL,1851,0
NPL,1852,0
NPL,1853,0
NPL,1854,0
NPL,1855,0
NPL,1856,0
NPL,1857,0
NPL,1858,0
NPL,1859,0
NPL,1860,0
NPL,1861,0
NPL,1862,0
NPL,1863,0
NPL,1864,0
NPL,1865,0
NPL,1866,0
NPL,1867,0
NPL,1868,0
NPL,1869,0
NPL,1870,0
NPL,1871,0
NPL,1872,0
NPL,1873,0
NPL,1874,0
NPL,1875,0
NPL,1876,0
NPL,1877,0
NPL,1878,0
NPL,1879,0
NPL,1880,0
NPL,1881,0
NPL,1882,0
NPL,1883,0
NPL,1884,0
NPL,1885,0
NPL,1886,0
NPL,1887,0
NPL,1888,0
NPL,1889,0
NPL,1890,0
NPL,1891,0
NPL,1892,0
NPL,1893,0
NPL,1894,0
NPL,1895,0
NPL,1896,0
NPL,1897,0
NPL,1898,0
NPL,1899,0
NPL,1900,0
NPL,1901,0
NPL,1902,0
NPL,1903,0
NPL,1904,0
NPL,1905,0
NPL,1906,0
NPL,1907,0
NPL,1908,0
NPL,1909,0
NPL,1910,0
NPL,1911,0
NPL,1912,0
NPL,1913,0
NPL,1914,0
NPL,1915,0
NPL,1916,0
NPL,1917,0
NPL,1918,0
NPL,1919,0
NPL,1920,0
NPL,1921,0
NPL,1922,0
NPL,1923,0
NPL,1924,0
NPL,1925,0
NPL,1926,0
NPL,1927,0
NPL,1928,0
NPL,1929,0
NPL,1930,0
NPL,1931,0
NPL,1932,0
NPL,1933,0
NPL,1934,0
NPL,1935,0
NPL,1936,0
NPL,1937,0
NPL,1938,0
NPL,1939,0
NPL,1940,0
NPL,1941,0
NPL,1942,0
NPL,1943,0
NPL,1944,0
NPL,1945,0
NPL,1946,0
NPL,1947,0
NPL,1948,0
NPL,1949,0
NPL,1950,0.026
NPL,1951,0.029
NPL,1952,0.029
NPL,1953,0.037
NPL,1954,0.04
NPL,1955,0.044
NPL,1956,0.048
NPL,1957,0.055
NPL,1958,0.059
NPL,1959,0.066
NPL,1960,0.081
NPL,1961,0.081
NPL,1962,0.088
NPL,1963,0.099
NPL,1964,0.15
NPL,1965,0.18
NPL,1966,0.191
NPL,1967,0.213
NPL,1968,0.253
NPL,1969,0.399
NPL,1970,0.227
NPL,1971,0.198
NPL,1972,0.267
NPL,1973,0.421
NPL,1974,0.425
NPL,1975,0.352
NPL,1976,0.282
NPL,1977,0.336
NPL,1978,0.329
NPL,1979,0.512
NPL,1980,0.541
NPL,1981,0.453
NPL,1982,0.442
NPL,1983,0.492
NPL,1984,0.701
NPL,1985,0.676
NPL,1986,0.697
NPL,1987,0.861
NPL,1988,0.976
NPL,1989,0.894
NPL,1990,0.721
NPL,1991,1.026
NPL,1992,1.233
NPL,1993,1.397
NPL,1994,1.619
NPL,1995,2.309
NPL,1996,2.353
NPL,1997,2.641
NPL,1998,2.223
NPL,1999,3.191
NPL,2000,3.037
NPL,2001,3.236
NPL,2002,2.596
NPL,2003,2.81
NPL,2004,2.582
NPL,2005,2.987
NPL,2006,2.456
NPL,2007,2.57
NPL,2008,3.355
NPL,2009,4.126
NPL,2010,4.828
NPL,2011,5.217
NPL,2012,5.47
NPL,2013,6.218
NPL,2014,7.588
NPL,2015,6.905
NPL,2016,10.088
NPL,2017,12.422
NPL,2018,14.039
NPL,2019,12.75
NPL,2020,15.631
NPL,2021,15.486
NPL,2022,17.609
NPL,2023,18.348
NPL,2024,18.776
NRU,1850,0
NRU,1851,0
NRU,1852,0
NRU,1853,0
NRU,1854,0
NRU,1855,0
NRU,1856,0
NRU,1857,0
NRU,1858,0
NRU,1859,0
NRU,1860,0
NRU,1861,0
NRU,1862,0
NRU,1863,0
NRU,1864,0
NRU,1865,0
NRU,1866,0
NRU,1867,0
NRU,1868,0
NRU,1869,0
NRU,1870,0
NRU,1871,0
NRU,1872,0
NRU,1873,0
NRU,1874,0
NRU,1875,0
NRU,1876,0
NRU,1877,0
NRU,1878,0
NRU,1879,0
NRU,1880,0
NRU,1881,0
NRU,1882,0
NRU,1883,0
NRU,1884,0
NRU,1885,0
NRU,1886,0
NRU,1887,0
NRU,1888,0
NRU,1889,0
NRU,1890,0
NRU,1891,0
NRU,1892,0
NRU,1893,0
NRU,1894,0
NRU,1895,0
NRU,1896,0
NRU,1897,0
NRU,1898,0
NRU,1899,0
NRU,1900,0
NRU,1901,0
NRU,1902,0
NRU,1903,0
NRU,1904,0
NRU,1905,0
NRU,1906,0
NRU,1907,0
NRU,1908,0
NRU,1909,0
NRU,1910,0
NRU,1911,0
NRU,1912,0
NRU,1913,0
NRU,1914,0
NRU,1915,0
NRU,1916,0
NRU,1917,0
NRU,1918,0
NRU,1919,0
NRU,1920,0
NRU,1921,0
NRU,1922,0
NRU,1923,0
NRU,1924,0
NRU,1925,0
NRU,1926,0
NRU,1927,0
NRU,1928,0
NRU,1929,0
NRU,1930,0
NRU,1931,0
NRU,1932,0
NRU,1933,0
NRU,1934,0
NRU,1935,0
NRU,1936,0
NRU,1937,0
NRU,1938,0
NRU,1939,0
NRU,1940,0
NRU,1941,0
NRU,1942,0
NRU,1943,0
NRU,1944,0
NRU,1945,0
NRU,1946,0
NRU,1947,0
NRU,1948,0
NRU,1949,0
NRU,1950,0
NRU,1951,0
NRU,1952,0
NRU,1953,0
NRU,1954,0
NRU,1955,0
NRU,1956,0
NRU,1957,0
NRU,1958,0
NRU,1959,0
NRU,1960,0
NRU,1961,0
NRU,1962,0
NRU,1963,0
NRU,1964,0.029
NRU,1965,0.033
NRU,1966,0.033
NRU,1967,0.048
NRU,1968,0.048
NRU,1969,0.066
NRU,1970,0.066
NRU,1971,0.088
NRU,1972,0.077
NRU,1973,0.084
NRU,1974,0.099
NRU,1975,0.103
NRU,1976,0.103
NRU,1977,0.114
NRU,1978,0.114
NRU,1979,0.114
NRU,1980,0.125
NRU,1981,0.125
NRU,1982,0.125
NRU,1983,0.125
NRU,1984,0.125
NRU,1985,0.125
NRU,1986,0.161
NRU,1987,0.158
NRU,1988,0.158
NRU,1989,0.158
NRU,1990,0.125
NRU,1991,0.125
NRU,1992,0.121
NRU,1993,0.114
NRU,1994,0.11
NRU,1995,0.106
NRU,1996,0.103
NRU,1997,0.103
NRU,1998,0.099
NRU,1999,0.092
NRU,2000,0.088
NRU,2001,0.081
NRU,2002,0.077
NRU,2003,0.066
NRU,2004,0.062
NRU,2005,0.062
NRU,2006,0.044
NRU,2007,0.04
NRU,2008,0.04
NRU,2009,0.04
NRU,2010,0.044
NRU,2011,0.04
NRU,2012,0.04
NRU,2013,0.048
NRU,2014,0.051
NRU,2015,0.055
NRU,2016,0.051
NRU,2017,0.055
NRU,2018,0.055
NRU,2019,0.051
NRU,2020,0.055
NRU,2021,0.055
NRU,2022,0.059
NRU,2023,0.059
NRU,2024,0.061
NZL,1750,0
NZL,1751,0
NZL,1752,0
NZL,1753,0
NZL,1754,0
NZL,1755,0
NZL,1756,0
NZL,1757,0
NZL,1758,0
NZL,1759,0
NZL,1760,0
NZL,1761,0
NZL,1762,0
NZL,1763,0
NZL,1764,0
NZL,1765,0
NZL,1766,0
NZL,1767,0
NZL,1768,0
NZL,1769,0
NZL,1770,0
NZL,1771,0
NZL,1772,0
NZL,1773,0
NZL,1774,0
NZL,1775,0
NZL,1776,0
NZL,1777,0
NZL,1778,0
NZL,1779,0
NZL,1780,0
NZL,1781,0
NZL,1782,0
NZL,1783,0
NZL,1784,0
NZL,1785,0
NZL,1786,0
NZL,1787,0
NZL,1788,0
NZL,1789,0
NZL,1790,0
NZL,1791,0
NZL,1792,0
NZL,1793,0
NZL,1794,0
NZL,1795,0
NZL,1796,0
NZL,1797,0
NZL,1798,0
NZL,1799,0
NZL,1800,0
NZL,1801,0
NZL,1802,0
NZL,1803,0
NZL,1804,0
NZL,1805,0
NZL,1806,0
NZL,1807,0
NZL,1808,0
NZL,1809,0
NZL,1810,0
NZL,1811,0
NZL,1812,0
NZL,1813,0
NZL,1814,0
NZL,1815,0
NZL,1816,0
NZL,1817,0
NZL,1818,0
NZL,1819,0
NZL,1820,0
NZL,1821,0
NZL,1822,0
NZL,1823,0
NZL,1824,0
NZL,1825,0
NZL,1826,0
NZL,1827,0
NZL,1828,0
NZL,1829,0
NZL,1830,0
NZL,1831,0
NZL,1832,0
NZL,1833,0
NZL,1834,0
NZL,1835,0
NZL,1836,0
NZL,1837,0
NZL,1838,0
NZL,1839,0
NZL,1840,0
NZL,1841,0
NZL,1842,0
NZL,1843,0
NZL,1844,0
NZL,1845,0
NZL,1846,0
NZL,1847,0
NZL,1848,0
NZL,1849,0
NZL,1850,0
NZL,1851,0
NZL,1852,0
NZL,1853,0
NZL,1854,0
NZL,1855,0
NZL,1856,0
NZL,1857,0
NZL,1858,0
NZL,1859,0
NZL,1860,0
NZL,1861,0
NZL,1862,0
NZL,1863,0
NZL,1864,0
NZL,1865,0
NZL,1866,0
NZL,1867,0
NZL,1868,0
NZL,1869,0
NZL,1870,0
NZL,1871,0
NZL,1872,0
NZL,1873,0
NZL,1874,0
NZL,1875,0
NZL,1876,0
NZL,1877,0
NZL,1878,0.355
NZL,1879,0.506
NZL,1880,0.656
NZL,1881,0.736
NZL,1882,0.828
NZL,1883,0.927
NZL,1884,1.059
NZL,1885,1.129
NZL,1886,1.18
NZL,1887,1.238
NZL,1888,1.363
NZL,1889,1.312
NZL,1890,1.422
NZL,1891,1.491
NZL,1892,1.502
NZL,1893,1.543
NZL,1894,1.608
NZL,1895,1.623
NZL,1896,1.77
NZL,1897,1.876
NZL,1898,2.023
NZL,1899,2.176
NZL,1900,2.44
NZL,1901,2.741
NZL,1902,3.041
NZL,1903,3.169
NZL,1904,3.433
NZL,1905,3.539
NZL,1906,3.862
NZL,1907,4.085
NZL,1908,4.151
NZL,1909,4.265
NZL,1910,4.902
NZL,1911,4.609
NZL,1912,4.862
NZL,1913,4.214
NZL,1914,5.082
NZL,1915,4.932
NZL,1916,5.038
NZL,1917,4.617
NZL,1918,4.543
NZL,1919,4.129
NZL,1920,3.558
NZL,1921,3.499
NZL,1922,3.561
NZL,1923,3.836
NZL,1924,3.99
NZL,1925,4.089
NZL,1926,4.272
NZL,1927,4.496
NZL,1928,4.715
NZL,1929,4.894
NZL,1930,4.865
NZL,1931,4.239
NZL,1932,3.539
NZL,1933,3.546
NZL,1934,3.983
NZL,1935,4.151
NZL,1936,4.176
NZL,1937,4.381
NZL,1938,4.246
NZL,1939,4.462
NZL,1940,4.759
NZL,1941,5
NZL,1942,5.096
NZL,1943,5.371
NZL,1944,5.469
NZL,1945,5.62
NZL,1946,5.532
NZL,1947,5.451
NZL,1948,5.502
NZL,1949,5.609
NZL,1950,8.569
NZL,1951,8.17
NZL,1952,9.32
NZL,1953,8.551
NZL,1954,9.071
NZL,1955,9.393
NZL,1956,9.675
NZL,1957,10.305
NZL,1958,10.18
NZL,1959,10.319
NZL,1960,11.532
NZL,1961,11.755
NZL,1962,11.198
NZL,1963,12.217
NZL,1964,13.092
NZL,1965,13.685
NZL,1966,14
NZL,1967,13.627
NZL,1968,13.473
NZL,1969,14.257
NZL,1970,14.18
NZL,1971,15.049
NZL,1972,16.19
NZL,1973,18.2
NZL,1974,18.76
NZL,1975,18.27
NZL,1976,19.249
NZL,1977,20.313
NZL,1978,18.024
NZL,1979,16.494
NZL,1980,17.482
NZL,1981,16.561
NZL,1982,18.27
NZL,1983,17.998
NZL,1984,19.337
NZL,1985,21.858
NZL,1986,22.946
NZL,1987,24.165
NZL,1988,25.446
NZL,1989,25.453
NZL,1990,25.49
NZL,1991,26.17
NZL,1992,28.154
NZL,1993,27.746
NZL,1994,27.885
NZL,1995,27.989
NZL,1996,29.288
NZL,1997,31.261
NZL,1998,29.837
NZL,1999,31.443
NZL,2000,32.221
NZL,2001,34.356
NZL,2002,34.519
NZL,2003,36.22
NZL,2004,35.806
NZL,2005,37.401
NZL,2006,37.304
NZL,2007,36.383
NZL,2008,37.485
NZL,2009,34.594
NZL,2010,34.787
NZL,2011,34.241
NZL,2012,35.918
NZL,2013,35.219
NZL,2014,35.399
NZL,2015,35.805
NZL,2016,34.135
NZL,2017,35.661
NZL,2018,35.687
NZL,2019,36.711
NZL,2020,34.109
NZL,2021,34.597
NZL,2022,31.966
NZL,2023,31.56
NZL,2024,32.479
OMN,1850,0
OMN,1851,0
OMN,1852,0
OMN,1853,0
OMN,1854,0
OMN,1855,0
OMN,1856,0
OMN,1857,0
OMN,1858,0
OMN,1859,0
OMN,1860,0
OMN,1861,0
OMN,1862,0
OMN,1863,0
OMN,1864,0
OMN,1865,0
OMN,1866,0
OMN,1867,0
OMN,1868,0
OMN,1869,0
OMN,1870,0
OMN,1871,0
OMN,1872,0
OMN,1873,0
OMN,1874,0
OMN,1875,0
OMN,1876,0
OMN,1877,0
OMN,1878,0
OMN,1879,0
OMN,1880,0
OMN,1881,0
OMN,1882,0
OMN,1883,0
OMN,1884,0
OMN,1885,0
OMN,1886,0
OMN,1887,0
OMN,1888,0
OMN,1889,0
OMN,1890,0
OMN,1891,0
OMN,1892,0
OMN,1893,0
OMN,1894,0
OMN,1895,0
OMN,1896,0
OMN,1897,0
OMN,1898,0
OMN,1899,0
OMN,1900,0
OMN,1901,0
OMN,1902,0
OMN,1903,0
OMN,1904,0
OMN,1905,0
OMN,1906,0
OMN,1907,0
OMN,1908,0
OMN,1909,0
OMN,1910,0
OMN,1911,0
OMN,1912,0
OMN,1913,0
OMN,1914,0
OMN,1915,0
OMN,1916,0
OMN,1917,0
OMN,1918,0
OMN,1919,0
OMN,1920,0
OMN,1921,0
OMN,1922,0
OMN,1923,0
OMN,1924,0
OMN,1925,0
OMN,1926,0
OMN,1927,0
OMN,1928,0
OMN,1929,0
OMN,1930,0
OMN,1931,0
OMN,1932,0
OMN,1933,0
OMN,1934,0
OMN,1935,0
OMN,1936,0
OMN,1937,0
OMN,1938,0
OMN,1939,0
OMN,1940,0
OMN,1941,0
OMN,1942,0
OMN,1943,0
OMN,1944,0
OMN,1945,0
OMN,1946,0
OMN,1947,0
OMN,1948,0
OMN,1949,0
OMN,1950,0
OMN,1951,0
OMN,1952,0
OMN,1953,0
OMN,1954,0
OMN,1955,0
OMN,1956,0
OMN,1957,0
OMN,1958,0
OMN,1959,0
OMN,1960,0
OMN,1961,0
OMN,1962,0
OMN,1963,0
OMN,1964,0.011
OMN,1965,0.026
OMN,1966,0.029
OMN,1967,0.136
OMN,1968,0.161
OMN,1969,0.234
OMN,1970,0.234
OMN,1971,2.092
OMN,1972,2.088
OMN,1973,2.11
OMN,1974,2.334
OMN,1975,7.251
OMN,1976,8.321
OMN,1977,8.5
OMN,1978,7.79
OMN,1979,7.716
OMN,1980,6.042
OMN,1981,6.013
OMN,1982,5.73
OMN,1983,7.526
OMN,1984,8.053
OMN,1985,8.646
OMN,1986,9.857
OMN,1987,9.444
OMN,1988,10.564
OMN,1989,10.041
OMN,1990,11.285
OMN,1991,11.658
OMN,1992,11.956
OMN,1993,13.291
OMN,1994,17.466
OMN,1995,18.816
OMN,1996,18.197
OMN,1997,18.145
OMN,1998,18.543
OMN,1999,22.076
OMN,2000,23.984
OMN,2001,22.512
OMN,2002,26.979
OMN,2003,34.563
OMN,2004,29.247
OMN,2005,31.835
OMN,2006,40.45
OMN,2007,45.308
OMN,2008,47.436
OMN,2009,44.504
OMN,2010,51.429
OMN,2011,57.305
OMN,2012,63.105
OMN,2013,65.587
OMN,2014,66.19
OMN,2015,67.883
OMN,2016,66.24
OMN,2017,66.344
OMN,2018,70.678
OMN,2019,72.035
OMN,2020,71.845
OMN,2021,75.041
OMN,2022,77.994
OMN,2023,79.811
OMN,2024,82.662
PAK,1850,0
PAK,1851,0
PAK,1852,0
PAK,1853,0
PAK,1854,0
PAK,1855,0
PAK,1856,0
PAK,1857,0
PAK,1858,0
PAK,1859,0
PAK,1860,0
PAK,1861,0
PAK,1862,0
PAK,1863,0
PAK,1864,0
PAK,1865,0
PAK,1866,0
PAK,1867,0
PAK,1868,0
PAK,1869,0
PAK,1870,0
PAK,1871,0
PAK,1872,0
PAK,1873,0
PAK,1874,0
PAK,1875,0
PAK,1876,0
PAK,1877,0
PAK,1878,0
PAK,1879,0
PAK,1880,0
PAK,1881,0
PAK,1882,0
PAK,1883,0
PAK,1884,0
PAK,1885,0
PAK,1886,0
PAK,1887,0
PAK,1888,0
PAK,1889,0
PAK,1890,0
PAK,1891,0
PAK,1892,0
PAK,1893,0
PAK,1894,0
PAK,1895,0
PAK,1896,0
PAK,1897,0
PAK,1898,0
PAK,1899,0
PAK,1900,0
PAK,1901,0
PAK,1902,0
PAK,1903,0
PAK,1904,0
PAK,1905,0
PAK,1906,0
PAK,1907,0
PAK,1908,0
PAK,1909,0
PAK,1910,0
PAK,1911,0
PAK,1912,0
PAK,1913,0
PAK,1914,0
PAK,1915,0
PAK,1916,0
PAK,1917,0
PAK,1918,0
PAK,1919,0
PAK,1920,0
PAK,1921,0
PAK,1922,0
PAK,1923,0
PAK,1924,0
PAK,1925,0
PAK,1926,0
PAK,1927,0
PAK,1928,0
PAK,1929,0
PAK,1930,0
PAK,1931,0
PAK,1932,0
PAK,1933,0
PAK,1934,0
PAK,1935,0
PAK,1936,0
PAK,1937,0
PAK,1938,0
PAK,1939,0
PAK,1940,0
PAK,1941,0
PAK,1942,0
PAK,1943,0
PAK,1944,0
PAK,1945,0
PAK,1946,0.634
PAK,1947,0.655
PAK,1948,0.722
PAK,1949,1.025
PAK,1950,5.355
PAK,1951,6.613
PAK,1952,6.983
PAK,1953,7.107
PAK,1954,7.218
PAK,1955,7.437
PAK,1956,8.812
PAK,1957,9.105
PAK,1958,10.224
PAK,1959,9.921
PAK,1960,11.926
PAK,1961,12.35
PAK,1962,13.57
PAK,1963,15.6
PAK,1964,16.039
PAK,1965,16.83
PAK,1966,17.126
PAK,1967,18.176
PAK,1968,20.842
PAK,1969,20.213
PAK,1970,20.504
PAK,1971,19.441
PAK,1972,18.903
PAK,1973,20.008
PAK,1974,21.387
PAK,1975,23.188
PAK,1976,22.789
PAK,1977,24.32
PAK,1978,26.051
PAK,1979,28.134
PAK,1980,31.932
PAK,1981,34.233
PAK,1982,37.19
PAK,1983,40.022
PAK,1984,42.557
PAK,1985,46.814
PAK,1986,49.059
PAK,1987,52.989
PAK,1988,57.607
PAK,1989,60.317
PAK,1990,67.827
PAK,1991,67.477
PAK,1992,72.015
PAK,1993,77.176
PAK,1994,84.018
PAK,1995,83.614
PAK,1996,93.542
PAK,1997,93.788
PAK,1998,96.741
PAK,1999,99.389
PAK,2000,103.94
PAK,2001,105.401
PAK,2002,110.566
PAK,2003,113.142
PAK,2004,124.637
PAK,2005,129.947
PAK,2006,137.912
PAK,2007,148.349
PAK,2008,147.901
PAK,2009,148.355
PAK,2010,147.504
PAK,2011,149.488
PAK,2012,150.555
PAK,2013,148.183
PAK,2014,150.81
PAK,2015,144.896
PAK,2016,176.741
PAK,2017,211.981
PAK,2018,203.5
PAK,2019,190.826
PAK,2020,215.51
PAK,2021,243.552
PAK,2022,211.97
PAK,2023,186.861
PAK,2024,179.8
PAN,1850,0
PAN,1851,0
PAN,1852,0
PAN,1853,0
PAN,1854,0
PAN,1855,0
PAN,1856,0
PAN,1857,0
PAN,1858,0
PAN,1859,0
PAN,1860,0
PAN,1861,0
PAN,1862,0
PAN,1863,0
PAN,1864,0
PAN,1865,0
PAN,1866,0
PAN,1867,0
PAN,1868,0
PAN,1869,0
PAN,1870,0
PAN,1871,0
PAN,1872,0
PAN,1873,0
PAN,1874,0
PAN,1875,0
PAN,1876,0
PAN,1877,0
PAN,1878,0
PAN,1879,0
PAN,1880,0
PAN,1881,0
PAN,1882,0
PAN,1883,0
PAN,1884,0
PAN,1885,0
PAN,1886,0
PAN,1887,0
PAN,1888,0
PAN,1889,0
PAN,1890,0
PAN,1891,0
PAN,1892,0
PAN,1893,0
PAN,1894,0
PAN,1895,0
PAN,1896,0
PAN,1897,0
PAN,1898,0
PAN,1899,0
PAN,1900,0
PAN,1901,0
PAN,1902,0
PAN,1903,0
PAN,1904,0.002
PAN,1905,0.003
PAN,1906,0.005
PAN,1907,0.009
PAN,1908,0.011
PAN,1909,0.012
PAN,1910,0.015
PAN,1911,0.015
PAN,1912,0.014
PAN,1913,0.013
PAN,1914,0.011
PAN,1915,0.012
PAN,1916,0.015
PAN,1917,0.017
PAN,1918,0.015
PAN,1919,0.003
PAN,1920,0.005
PAN,1921,0.007
PAN,1922,0.004
PAN,1923,0.001
PAN,1924,0.008
PAN,1925,0.011
PAN,1926,0.017
PAN,1927,0.013
PAN,1928,0.012
PAN,1929,0.015
PAN,1930,0.011
PAN,1931,0.009
PAN,1932,0.007
PAN,1933,0.005
PAN,1934,0.004
PAN,1935,0.003
PAN,1936,0.003
PAN,1937,0.002
PAN,1938,0.002
PAN,1939,0.001
PAN,1940,0.001
PAN,1941,0.001
PAN,1942,0.001
PAN,1943,0
PAN,1944,0
PAN,1945,0
PAN,1946,0
PAN,1947,0
PAN,1948,0.022
PAN,1949,0.026
PAN,1950,0.711
PAN,1951,0.751
PAN,1952,0.908
PAN,1953,0.817
PAN,1954,0.718
PAN,1955,0.791
PAN,1956,0.74
PAN,1957,0.916
PAN,1958,1.121
PAN,1959,1.3
PAN,1960,1.264
PAN,1961,1.344
PAN,1962,1.461
PAN,1963,1.74
PAN,1964,2.033
PAN,1965,2.124
PAN,1966,2.106
PAN,1967,2.15
PAN,1968,2.601
PAN,1969,2.384
PAN,1970,2.677
PAN,1971,3.079
PAN,1972,3.502
PAN,1973,3.959
PAN,1974,3.84
PAN,1975,4.765
PAN,1976,4.617
PAN,1977,4.579
PAN,1978,3.913
PAN,1979,4.19
PAN,1980,3.088
PAN,1981,3.304
PAN,1982,3.265
PAN,1983,3.467
PAN,1984,2.855
PAN,1985,2.715
PAN,1986,2.72
PAN,1987,3.164
PAN,1988,2.905
PAN,1989,2.502
PAN,1990,2.618
PAN,1991,3.089
PAN,1992,4.098
PAN,1993,3.749
PAN,1994,4.136
PAN,1995,3.608
PAN,1996,4.397
PAN,1997,4.572
PAN,1998,5.835
PAN,1999,5.552
PAN,2000,5.636
PAN,2001,6.909
PAN,2002,5.71
PAN,2003,5.929
PAN,2004,5.505
PAN,2005,6.742
PAN,2006,7.282
PAN,2007,7.134
PAN,2008,6.809
PAN,2009,8.051
PAN,2010,9.06
PAN,2011,9.899
PAN,2012,9.54
PAN,2013,10.274
PAN,2014,10.689
PAN,2015,10.652
PAN,2016,10.334
PAN,2017,9.568
PAN,2018,9.121
PAN,2019,12.449
PAN,2020,6.557
PAN,2021,10.145
PAN,2022,11.707
PAN,2023,13.002
PAN,2024,12.664
PER,1850,0
PER,1851,0
PER,1852,0
PER,1853,0
PER,1854,0
PER,1855,0
PER,1856,0.051
PER,1857,0.062
PER,1858,0.045
PER,1859,0.033
PER,1860,0.058
PER,1861,0.08
PER,1862,0.071
PER,1863,0.071
PER,1864,0.129
PER,1865,0.138
PER,1866,0.163
PER,1867,0.091
PER,1868,0.195
PER,1869,0.132
PER,1870,0.244
PER,1871,0.288
PER,1872,0.507
PER,1873,0.474
PER,1874,0.329
PER,1875,0.317
PER,1876,0.237
PER,1877,0.21
PER,1878,0.208
PER,1879,0.234
PER,1880,0.123
PER,1881,0.124
PER,1882,0.179
PER,1883,0.171
PER,1884,0.233
PER,1885,0.152
PER,1886,0.143
PER,1887,0.208
PER,1888,0.47
PER,1889,0.165
PER,1890,0.184
PER,1891,0.172
PER,1892,0.219
PER,1893,0.162
PER,1894,0.152
PER,1895,0.14
PER,1896,0.131
PER,1897,0.105
PER,1898,0.177
PER,1899,0.244
PER,1900,0.283
PER,1901,0.299
PER,1902,0.295
PER,1903,0.328
PER,1904,0.461
PER,1905,0.421
PER,1906,0.507
PER,1907,0.94
PER,1908,1.504
PER,1909,1.548
PER,1910,1.436
PER,1911,1.616
PER,1912,1.546
PER,1913,1.712
PER,1914,1.636
PER,1915,1.921
PER,1916,2.173
PER,1917,2.241
PER,1918,2.028
PER,1919,2.171
PER,1920,2.255
PER,1921,2.547
PER,1922,3.074
PER,1923,3.058
PER,1924,3.702
PER,1925,4.862
PER,1926,4.801
PER,1927,4.785
PER,1928,5.408
PER,1929,7.144
PER,1930,5.659
PER,1931,4.593
PER,1932,4.152
PER,1933,6.707
PER,1934,6.81
PER,1935,7.242
PER,1936,7.457
PER,1937,8.835
PER,1938,8.037
PER,1939,5.867
PER,1940,5.307
PER,1941,5.252
PER,1942,6.036
PER,1943,6.51
PER,1944,6.429
PER,1945,6.193
PER,1946,5.625
PER,1947,5.812
PER,1948,6.338
PER,1949,6.593
PER,1950,4.545
PER,1951,4.773
PER,1952,5.187
PER,1953,5.513
PER,1954,6.234
PER,1955,6.124
PER,1956,6.311
PER,1957,6.674
PER,1958,7.373
PER,1959,7.216
PER,1960,8.165
PER,1961,8.634
PER,1962,9.96
PER,1963,10.223
PER,1964,12.253
PER,1965,11.952
PER,1966,13.241
PER,1967,13.64
PER,1968,14.487
PER,1969,15.285
PER,1970,17.766
PER,1971,18.591
PER,1972,18.148
PER,1973,19.723
PER,1974,21.325
PER,1975,21.927
PER,1976,22.4
PER,1977,23.296
PER,1978,22.413
PER,1979,22.217
PER,1980,24.065
PER,1981,24.027
PER,1982,23.6
PER,1983,20.393
PER,1984,20.632
PER,1985,19.455
PER,1986,21.775
PER,1987,25.694
PER,1988,25.018
PER,1989,21.762
PER,1990,21.401
PER,1991,20.758
PER,1992,20.986
PER,1993,23.885
PER,1994,24.177
PER,1995,25.143
PER,1996,24.717
PER,1997,27.747
PER,1998,28.066
PER,1999,29.562
PER,2000,28.678
PER,2001,25.26
PER,2002,25.592
PER,2003,24.914
PER,2004,28.504
PER,2005,30.321
PER,2006,28.299
PER,2007,34.567
PER,2008,35.572
PER,2009,39.424
PER,2010,42.505
PER,2011,42.327
PER,2012,45.509
PER,2013,42.718
PER,2014,49.388
PER,2015,49.204
PER,2016,52.698
PER,2017,54.726
PER,2018,56.014
PER,2019,58.668
PER,2020,47.237
PER,2021,59.962
PER,2022,64.785
PER,2023,66.065
PER,2024,70.247
PHL,1850,0
PHL,1851,0
PHL,1852,0
PHL,1853,0
PHL,1854,0
PHL,1855,0
PHL,1856,0
PHL,1857,0
PHL,1858,0
PHL,1859,0
PHL,1860,0
PHL,1861,0
PHL,1862,0
PHL,1863,0
PHL,1864,0
PHL,1865,0
PHL,1866,0
PHL,1867,0
PHL,1868,0
PHL,1869,0
PHL,1870,0
PHL,1871,0
PHL,1872,0
PHL,1873,0
PHL,1874,0
PHL,1875,0
PHL,1876,0
PHL,1877,0
PHL,1878,0
PHL,1879,0
PHL,1880,0
PHL,1881,0
PHL,1882,0
PHL,1883,0
PHL,1884,0
PHL,1885,0
PHL,1886,0
PHL,1887,0
PHL,1888,0
PHL,1889,0
PHL,1890,0
PHL,1891,0
PHL,1892,0
PHL,1893,0
PHL,1894,0
PHL,1895,0
PHL,1896,0
PHL,1897,0
PHL,1898,0
PHL,1899,0
PHL,1900,0
PHL,1901,0
PHL,1902,0
PHL,1903,0
PHL,1904,0
PHL,1905,0
PHL,1906,0
PHL,1907,0.007
PHL,1908,0.018
PHL,1909,0.055
PHL,1910,0.051
PHL,1911,0.037
PHL,1912,0.004
PHL,1913,0.007
PHL,1914,0.018
PHL,1915,0.055
PHL,1916,0.051
PHL,1917,0.011
PHL,1918,0.029
PHL,1919,0.059
PHL,1920,0.103
PHL,1921,0.07
PHL,1922,0.077
PHL,1923,0.077
PHL,1924,0.084
PHL,1925,0.084
PHL,1926,0.051
PHL,1927,0.04
PHL,1928,0.08
PHL,1929,0.069
PHL,1930,0.088
PHL,1931,0.08
PHL,1932,0.087
PHL,1933,0.077
PHL,1934,0.088
PHL,1935,0.098
PHL,1936,0.12
PHL,1937,0.12
PHL,1938,0.157
PHL,1939,0.084
PHL,1940,0.114
PHL,1941,0.091
PHL,1942,0
PHL,1943,0
PHL,1944,0
PHL,1945,0.015
PHL,1946,0.113
PHL,1947,0.197
PHL,1948,0.216
PHL,1949,0.318
PHL,1950,3.604
PHL,1951,3.553
PHL,1952,4.051
PHL,1953,4.033
PHL,1954,5.33
PHL,1955,6.616
PHL,1956,6.253
PHL,1957,6.729
PHL,1958,7.56
PHL,1959,7.226
PHL,1960,8.325
PHL,1961,8.713
PHL,1962,10.336
PHL,1963,11.472
PHL,1964,12.823
PHL,1965,13.965
PHL,1966,16.104
PHL,1967,18.209
PHL,1968,22.223
PHL,1969,22.829
PHL,1970,24.751
PHL,1971,27.552
PHL,1972,26.409
PHL,1973,31.501
PHL,1974,30.492
PHL,1975,32.482
PHL,1976,35.06
PHL,1977,36.664
PHL,1978,37.362
PHL,1979,38.009
PHL,1980,36.837
PHL,1981,34.493
PHL,1982,34.795
PHL,1983,35.189
PHL,1984,30.785
PHL,1985,27.855
PHL,1986,28.969
PHL,1987,32.439
PHL,1988,37.409
PHL,1989,38.834
PHL,1990,40.774
PHL,1991,42.874
PHL,1992,47.772
PHL,1993,48.342
PHL,1994,53.479
PHL,1995,59.22
PHL,1996,60.437
PHL,1997,69.147
PHL,1998,67.379
PHL,1999,67.295
PHL,2000,71.467
PHL,2001,69.799
PHL,2002,69.492
PHL,2003,69.501
PHL,2004,71.999
PHL,2005,72.334
PHL,2006,65.646
PHL,2007,70.01
PHL,2008,76.605
PHL,2009,75.581
PHL,2010,82.246
PHL,2011,82.98
PHL,2012,87.476
PHL,2013,94.825
PHL,2014,100.074
PHL,2015,111.046
PHL,2016,120.216
PHL,2017,133.576
PHL,2018,139.857
PHL,2019,142.601
PHL,2020,131.457
PHL,2021,140.27
PHL,2022,150.963
PHL,2023,160.98
PHL,2024,174.878
PLW,1850,0
PLW,1851,0
PLW,1852,0
PLW,1853,0
PLW,1854,0
PLW,1855,0
PLW,1856,0
PLW,1857,0
PLW,1858,0
PLW,1859,0
PLW,1860,0
PLW,1861,0
PLW,1862,0
PLW,1863,0
PLW,1864,0
PLW,1865,0
PLW,1866,0
PLW,1867,0
PLW,1868,0
PLW,1869,0
PLW,1870,0
PLW,1871,0
PLW,1872,0
PLW,1873,0
PLW,1874,0
PLW,1875,0
PLW,1876,0
PLW,1877,0
PLW,1878,0
PLW,1879,0
PLW,1880,0
PLW,1881,0
PLW,1882,0
PLW,1883,0
PLW,1884,0
PLW,1885,0
PLW,1886,0
PLW,1887,0
PLW,1888,0
PLW,1889,0
PLW,1890,0
PLW,1891,0
PLW,1892,0
PLW,1893,0
PLW,1894,0
PLW,1895,0
PLW,1896,0
PLW,1897,0
PLW,1898,0
PLW,1899,0
PLW,1900,0
PLW,1901,0
PLW,1902,0
PLW,1903,0
PLW,1904,0
PLW,1905,0
PLW,1906,0
PLW,1907,0
PLW,1908,0
PLW,1909,0
PLW,1910,0
PLW,1911,0
PLW,1912,0
PLW,1913,0
PLW,1914,0
PLW,1915,0
PLW,1916,0
PLW,1917,0
PLW,1918,0
PLW,1919,0
PLW,1920,0
PLW,1921,0
PLW,1922,0
PLW,1923,0
PLW,1924,0
PLW,1925,0
PLW,1926,0
PLW,1927,0
PLW,1928,0
PLW,1929,0
PLW,1930,0
PLW,1931,0
PLW,1932,0
PLW,1933,0
PLW,1934,0
PLW,1935,0
PLW,1936,0
PLW,1937,0
PLW,1938,0
PLW,1939,0
PLW,1940,0
PLW,1941,0
PLW,1942,0
PLW,1943,0
PLW,1944,0
PLW,1945,0
PLW,1946,0
PLW,1947,0
PLW,1948,0
PLW,1949,0
PLW,1950,0
PLW,1951,0
PLW,1952,0
PLW,1953,0
PLW,1954,0
PLW,1955,0.011
PLW,1956,0.011
PLW,1957,0.015
PLW,1958,0.015
PLW,1959,0.015
PLW,1960,0.015
PLW,1961,0.051
PLW,1962,0.051
PLW,1963,0.055
PLW,1964,0.059
PLW,1965,0.066
PLW,1966,0.066
PLW,1967,0.073
PLW,1968,0.077
PLW,1969,0.132
PLW,1970,0.136
PLW,1971,0.165
PLW,1972,0.172
PLW,1973,0.176
PLW,1974,0.194
PLW,1975,0.194
PLW,1976,0.114
PLW,1977,0.183
PLW,1978,0.11
PLW,1979,0.125
PLW,1980,0.158
PLW,1981,0.158
PLW,1982,0.158
PLW,1983,0.158
PLW,1984,0.158
PLW,1985,0.161
PLW,1986,0.161
PLW,1987,0.161
PLW,1988,0.183
PLW,1989,0.227
PLW,1990,0.234
PLW,1991,0.234
PLW,1992,0.194
PLW,1993,0.194
PLW,1994,0.198
PLW,1995,0.194
PLW,1996,0.198
PLW,1997,0.198
PLW,1998,0.202
PLW,1999,0.202
PLW,2000,0.209
PLW,2001,0.213
PLW,2002,0.213
PLW,2003,0.213
PLW,2004,0.213
PLW,2005,0.224
PLW,2006,0.227
PLW,2007,0.253
PLW,2008,0.205
PLW,2009,0.194
PLW,2010,0.209
PLW,2011,0.213
PLW,2012,0.224
PLW,2013,0.227
PLW,2014,0.22
PLW,2015,0.202
PLW,2016,0.209
PLW,2017,0.216
PLW,2018,0.213
PLW,2019,0.216
PLW,2020,0.209
PLW,2021,0.213
PLW,2022,0.217
PLW,2023,0.216
PLW,2024,0.226
PNG,1750,0
PNG,1751,0
PNG,1752,0
PNG,1753,0
PNG,1754,0
PNG,1755,0
PNG,1756,0
PNG,1757,0
PNG,1758,0
PNG,1759,0
PNG,1760,0
PNG,1761,0
PNG,1762,0
PNG,1763,0
PNG,1764,0
PNG,1765,0
PNG,1766,0
PNG,1767,0
PNG,1768,0
PNG,1769,0
PNG,1770,0
PNG,1771,0
PNG,1772,0
PNG,1773,0
PNG,1774,0
PNG,1775,0
PNG,1776,0
PNG,1777,0
PNG,1778,0
PNG,1779,0
PNG,1780,0
PNG,1781,0
PNG,1782,0
PNG,1783,0
PNG,1784,0
PNG,1785,0
PNG,1786,0
PNG,1787,0
PNG,1788,0
PNG,1789,0
PNG,1790,0
PNG,1791,0
PNG,1792,0
PNG,1793,0
PNG,1794,0
PNG,1795,0
PNG,1796,0
PNG,1797,0
PNG,1798,0
PNG,1799,0
PNG,1800,0
PNG,1801,0
PNG,1802,0
PNG,1803,0
PNG,1804,0
PNG,1805,0
PNG,1806,0
PNG,1807,0
PNG,1808,0
PNG,1809,0
PNG,1810,0
PNG,1811,0
PNG,1812,0
PNG,1813,0
PNG,1814,0
PNG,1815,0
PNG,1816,0
PNG,1817,0
PNG,1818,0
PNG,1819,0
PNG,1820,0
PNG,1821,0
PNG,1822,0
PNG,1823,0
PNG,1824,0
PNG,1825,0
PNG,1826,0
PNG,1827,0
PNG,1828,0
PNG,1829,0
PNG,1830,0
PNG,1831,0
PNG,1832,0
PNG,1833,0
PNG,1834,0
PNG,1835,0
PNG,1836,0
PNG,1837,0
PNG,1838,0
PNG,1839,0
PNG,1840,0
PNG,1841,0
PNG,1842,0
PNG,1843,0
PNG,1844,0
PNG,1845,0
PNG,1846,0
PNG,1847,0
PNG,1848,0
PNG,1849,0
PNG,1850,0
PNG,1851,0
PNG,1852,0
PNG,1853,0
PNG,1854,0
PNG,1855,0
PNG,1856,0
PNG,1857,0
PNG,1858,0
PNG,1859,0
PNG,1860,0
PNG,1861,0
PNG,1862,0
PNG,1863,0
PNG,1864,0
PNG,1865,0
PNG,1866,0
PNG,1867,0
PNG,1868,0
PNG,1869,0
PNG,1870,0
PNG,1871,0
PNG,1872,0
PNG,1873,0
PNG,1874,0
PNG,1875,0
PNG,1876,0
PNG,1877,0
PNG,1878,0
PNG,1879,0
PNG,1880,0
PNG,1881,0
PNG,1882,0
PNG,1883,0
PNG,1884,0
PNG,1885,0
PNG,1886,0
PNG,1887,0
PNG,1888,0
PNG,1889,0
PNG,1890,0
PNG,1891,0
PNG,1892,0
PNG,1893,0
PNG,1894,0
PNG,1895,0
PNG,1896,0
PNG,1897,0
PNG,1898,0
PNG,1899,0
PNG,1900,0
PNG,1901,0
PNG,1902,0
PNG,1903,0
PNG,1904,0
PNG,1905,0
PNG,1906,0
PNG,1907,0
PNG,1908,0
PNG,1909,0
PNG,1910,0
PNG,1911,0
PNG,1912,0
PNG,1913,0
PNG,1914,0
PNG,1915,0
PNG,1916,0
PNG,1917,0
PNG,1918,0
PNG,1919,0
PNG,1920,0
PNG,1921,0
PNG,1922,0
PNG,1923,0
PNG,1924,0
PNG,1925,0
PNG,1926,0
PNG,1927,0
PNG,1928,0
PNG,1929,0
PNG,1930,0
PNG,1931,0
PNG,1932,0
PNG,1933,0
PNG,1934,0
PNG,1935,0
PNG,1936,0
PNG,1937,0
PNG,1938,0
PNG,1939,0
PNG,1940,0
PNG,1941,0
PNG,1942,0
PNG,1943,0
PNG,1944,0
PNG,1945,0
PNG,1946,0
PNG,1947,0
PNG,1948,0
PNG,1949,0
PNG,1950,0.055
PNG,1951,0.062
PNG,1952,0.084
PNG,1953,0.095
PNG,1954,0.095
PNG,1955,0.128
PNG,1956,0.128
PNG,1957,0.147
PNG,1958,0.147
PNG,1959,0.161
PNG,1960,0.18
PNG,1961,0.202
PNG,1962,0.198
PNG,1963,0.256
PNG,1964,0.267
PNG,1965,0.304
PNG,1966,0.341
PNG,1967,0.436
PNG,1968,0.502
PNG,1969,0.557
PNG,1970,0.692
PNG,1971,0.824
PNG,1972,1.268
PNG,1973,1.345
PNG,1974,1.587
PNG,1975,1.532
PNG,1976,1.572
PNG,1977,1.579
PNG,1978,1.674
PNG,1979,1.795
PNG,1980,1.828
PNG,1981,1.931
PNG,1982,1.946
PNG,1983,2.008
PNG,1984,2.045
PNG,1985,2.125
PNG,1986,2.063
PNG,1987,2.334
PNG,1988,2.198
PNG,1989,2.034
PNG,1990,2.154
PNG,1991,2.173
PNG,1992,2.191
PNG,1993,2.195
PNG,1994,2.186
PNG,1995,2.052
PNG,1996,2.197
PNG,1997,2.611
PNG,1998,3.536
PNG,1999,2.548
PNG,2000,2.938
PNG,2001,3.336
PNG,2002,3.666
PNG,2003,4.053
PNG,2004,4.687
PNG,2005,4.984
PNG,2006,5.051
PNG,2007,6.581
PNG,2008,5.545
PNG,2009,5.265
PNG,2010,4.715
PNG,2011,5.298
PNG,2012,4.372
PNG,2013,4.532
PNG,2014,6.125
PNG,2015,6.316
PNG,2016,7.024
PNG,2017,6.55
PNG,2018,7.596
PNG,2019,7.583
PNG,2020,7.911
PNG,2021,7.873
PNG,2022,8.436
PNG,2023,8.358
PNG,2024,8.345
POL,1800,0.407
POL,1801,0.443
POL,1802,0.451
POL,1803,0.462
POL,1804,0.458
POL,1805,0.572
POL,1806,0.52
POL,1807,0.377
POL,1808,0.502
POL,1809,0.473
POL,1810,0.568
POL,1811,0.59
POL,1812,0.454
POL,1813,0.381
POL,1814,0.502
POL,1815,0.59
POL,1816,0.678
POL,1817,0.744
POL,1818,0.923
POL,1819,0.758
POL,1820,0.747
POL,1821,0.828
POL,1822,0.909
POL,1823,1.22
POL,1824,1.275
POL,1825,1.326
POL,1826,1.22
POL,1827,1.308
POL,1828,1.209
POL,1829,1.066
POL,1830,0.989
POL,1831,0.81
POL,1832,1.033
POL,1833,1.074
POL,1834,1.129
POL,1835,1.209
POL,1836,1.37
POL,1837,1.473
POL,1838,1.587
POL,1839,1.682
POL,1840,1.968
POL,1841,2.14
POL,1842,2.283
POL,1843,2.246
POL,1844,2.393
POL,1845,2.792
POL,1846,2.95
POL,1847,3.023
POL,1848,3.045
POL,1849,3.004
POL,1850,3.202
POL,1851,3.459
POL,1852,4.129
POL,1853,4.316
POL,1854,4.778
POL,1855,5.621
POL,1856,6.317
POL,1857,6.716
POL,1858,7.705
POL,1859,7.112
POL,1860,7.486
POL,1861,7.669
POL,1862,8.805
POL,1863,10.054
POL,1864,11.219
POL,1865,12.421
POL,1866,12.153
POL,1867,13.293
POL,1868,15.118
POL,1869,15.612
POL,1870,16.664
POL,1871,18.972
POL,1872,20.632
POL,1873,22.35
POL,1874,24.498
POL,1875,24.058
POL,1876,24.589
POL,1877,23.134
POL,1878,24.333
POL,1879,26.487
POL,1880,26.348
POL,1881,26.231
POL,1882,27.246
POL,1883,29.928
POL,1884,31.203
POL,1885,32.599
POL,1886,33.43
POL,1887,33.676
POL,1888,37.501
POL,1889,40.517
POL,1890,41.865
POL,1891,45.342
POL,1892,43.096
POL,1893,45.335
POL,1894,46.093
POL,1895,48.991
POL,1896,52.725
POL,1897,55.092
POL,1898,59.844
POL,1899,61.918
POL,1900,63.307
POL,1901,66.897
POL,1902,65.49
POL,1903,68.487
POL,1904,69.382
POL,1905,74.885
POL,1906,78.692
POL,1907,87.196
POL,1908,93.022
POL,1909,95.535
POL,1910,94.546
POL,1911,99.602
POL,1912,110.935
POL,1913,116.207
POL,1914,97.004
POL,1915,94.744
POL,1916,108.777
POL,1917,120.883
POL,1918,101.526
POL,1919,2.73
POL,1920,76.38
POL,1921,74.947
POL,1922,71.77
POL,1923,52.549
POL,1924,47.837
POL,1925,48.075
POL,1926,48.13
POL,1927,60.669
POL,1928,62.888
POL,1929,72.69
POL,1930,56.565
POL,1931,54.826
POL,1932,41.977
POL,1933,43.204
POL,1934,45.215
POL,1935,46.148
POL,1936,49.896
POL,1937,56.336
POL,1938,59.936
POL,1939,51.901
POL,1940,167.247
POL,1941,164.803
POL,1942,181.613
POL,1943,197.786
POL,1944,189.04
POL,1945,59.458
POL,1946,104.594
POL,1947,91.546
POL,1948,88.925
POL,1949,105.426
POL,1950,111.866
POL,1951,121.909
POL,1952,127.855
POL,1953,139.032
POL,1954,147.462
POL,1955,154.107
POL,1956,166.333
POL,1957,178.602
POL,1958,176.691
POL,1959,189.689
POL,1960,199.548
POL,1961,207.221
POL,1962,216.604
POL,1963,231.002
POL,1964,242.87
POL,1965,246.977
POL,1966,252.424
POL,1967,259.014
POL,1968,275.794
POL,1969,293.373
POL,1970,304.169
POL,1971,312.888
POL,1972,329.51
POL,1973,335.597
POL,1974,346.24
POL,1975,374.784
POL,1976,398.126
POL,1977,417.962
POL,1978,430.877
POL,1979,441.312
POL,1980,463.333
POL,1981,409.004
POL,1982,420.978
POL,1983,421.027
POL,1984,432.475
POL,1985,444.512
POL,1986,451.856
POL,1987,463.736
POL,1988,444.241
POL,1989,422.244
POL,1990,376.342
POL,1991,373.366
POL,1992,364.283
POL,1993,364.958
POL,1994,359.991
POL,1995,362.483
POL,1996,377.119
POL,1997,367.199
POL,1998,338.98
POL,1999,329.204
POL,2000,317.306
POL,2001,313.267
POL,2002,305.852
POL,2003,318.733
POL,2004,323.621
POL,2005,322.577
POL,2006,336.387
POL,2007,335.735
POL,2008,329.428
POL,2009,315.886
POL,2010,334.028
POL,2011,333.406
POL,2012,325.778
POL,2013,321.757
POL,2014,309.415
POL,2015,312.549
POL,2016,323.3
POL,2017,336.505
POL,2018,335.719
POL,2019,317.444
POL,2020,302.102
POL,2021,330.694
POL,2022,314.892
POL,2023,283.243
POL,2024,272.862
PRK,1850,0
PRK,1851,0
PRK,1852,0
PRK,1853,0
PRK,1854,0
PRK,1855,0
PRK,1856,0
PRK,1857,0
PRK,1858,0
PRK,1859,0
PRK,1860,0
PRK,1861,0
PRK,1862,0
PRK,1863,0
PRK,1864,0
PRK,1865,0
PRK,1866,0
PRK,1867,0
PRK,1868,0
PRK,1869,0
PRK,1870,0
PRK,1871,0
PRK,1872,0
PRK,1873,0
PRK,1874,0
PRK,1875,0
PRK,1876,0
PRK,1877,0
PRK,1878,0
PRK,1879,0
PRK,1880,0
PRK,1881,0
PRK,1882,0
PRK,1883,0
PRK,1884,0
PRK,1885,0
PRK,1886,0
PRK,1887,0
PRK,1888,0
PRK,1889,0
PRK,1890,0
PRK,1891,0
PRK,1892,0
PRK,1893,0
PRK,1894,0
PRK,1895,0
PRK,1896,0
PRK,1897,0
PRK,1898,0
PRK,1899,0
PRK,1900,0
PRK,1901,0
PRK,1902,0
PRK,1903,0
PRK,1904,0
PRK,1905,0.014
PRK,1906,0
PRK,1907,0
PRK,1908,0
PRK,1909,0.149
PRK,1910,0.187
PRK,1911,0.222
PRK,1912,0.278
PRK,1913,0.323
PRK,1914,0.462
PRK,1915,0.576
PRK,1916,0.479
PRK,1917,0
PRK,1918,0.472
PRK,1919,0.559
PRK,1920,0.725
PRK,1921,0.781
PRK,1922,0.798
PRK,1923,0.955
PRK,1924,1.003
PRK,1925,1.6
PRK,1926,1.718
PRK,1927,1.781
PRK,1928,2.051
PRK,1929,2.357
PRK,1930,2.222
PRK,1931,2.353
PRK,1932,2.773
PRK,1933,3.27
PRK,1934,4.349
PRK,1935,5.115
PRK,1936,6.003
PRK,1937,6.423
PRK,1938,8.595
PRK,1939,11.218
PRK,1940,14.43
PRK,1941,16.091
PRK,1942,17.764
PRK,1943,17.215
PRK,1944,18.189
PRK,1945,0.065
PRK,1946,0.073
PRK,1947,0.073
PRK,1948,1.403
PRK,1949,1.781
PRK,1950,0.78
PRK,1951,0.996
PRK,1952,0.89
PRK,1953,1.736
PRK,1954,4.787
PRK,1955,7.345
PRK,1956,8.963
PRK,1957,11.289
PRK,1958,15.633
PRK,1959,19.866
PRK,1960,23.788
PRK,1961,26.427
PRK,1962,30.687
PRK,1963,32.827
PRK,1964,35.618
PRK,1965,44.222
PRK,1966,47.6
PRK,1967,52.392
PRK,1968,59.269
PRK,1969,64.079
PRK,1970,73.476
PRK,1971,107.453
PRK,1972,89.505
PRK,1973,97.325
PRK,1974,101.612
PRK,1975,107.624
PRK,1976,110.031
PRK,1977,113.665
PRK,1978,108.209
PRK,1979,110.263
PRK,1980,114.082
PRK,1981,114.399
PRK,1982,116.885
PRK,1983,125.163
PRK,1984,134.658
PRK,1985,144.288
PRK,1986,156.835
PRK,1987,175.626
PRK,1988,199.234
PRK,1989,209.252
PRK,1990,118.383
PRK,1991,112.819
PRK,1992,97.985
PRK,1993,89.585
PRK,1994,81.584
PRK,1995,76.085
PRK,1996,66.292
PRK,1997,63.679
PRK,1998,58.749
PRK,1999,64.143
PRK,2000,69.165
PRK,2001,71.668
PRK,2002,68.642
PRK,2003,70.143
PRK,2004,71.722
PRK,2005,75.01
PRK,2006,76.17
PRK,2007,63.478
PRK,2008,70.326
PRK,2009,67.66
PRK,2010,65.355
PRK,2011,47.867
PRK,2012,46.755
PRK,2013,36.144
PRK,2014,39.825
PRK,2015,31.278
PRK,2016,34.236
PRK,2017,69.708
PRK,2018,62.608
PRK,2019,69.512
PRK,2020,65.577
PRK,2021,53.97
PRK,2022,56.289
PRK,2023,62.025
PRK,2024,62.55
PRT,1850,0
PRT,1851,0
PRT,1852,0
PRT,1853,0
PRT,1854,0
PRT,1855,0
PRT,1856,0
PRT,1857,0
PRT,1858,0
PRT,1859,0
PRT,1860,0
PRT,1861,0
PRT,1862,0
PRT,1863,0
PRT,1864,0
PRT,1865,0
PRT,1866,0
PRT,1867,0
PRT,1868,0
PRT,1869,0
PRT,1870,0.022
PRT,1871,0.037
PRT,1872,0.52
PRT,1873,0.725
PRT,1874,0.531
PRT,1875,1.169
PRT,1876,1.147
PRT,1877,0.671
PRT,1878,0.641
PRT,1879,0.707
PRT,1880,0.879
PRT,1881,0.89
PRT,1882,1.085
PRT,1883,1.14
PRT,1884,1.202
PRT,1885,1.114
PRT,1886,1.231
PRT,1887,1.268
PRT,1888,1.367
PRT,1889,1.572
PRT,1890,1.678
PRT,1891,1.74
PRT,1892,1.693
PRT,1893,1.513
PRT,1894,1.777
PRT,1895,1.696
PRT,1896,1.729
PRT,1897,1.817
PRT,1898,2.081
PRT,1899,2.143
PRT,1900,2.466
PRT,1901,2.389
PRT,1902,2.62
PRT,1903,2.521
PRT,1904,2.579
PRT,1905,2.521
PRT,1906,2.898
PRT,1907,3.162
PRT,1908,3.144
PRT,1909,3.195
PRT,1910,3.25
PRT,1911,3.144
PRT,1912,3.653
PRT,1913,3.858
PRT,1914,3.375
PRT,1915,3.085
PRT,1916,2.99
PRT,1917,1.656
PRT,1918,1.096
PRT,1919,2.158
PRT,1920,2.103
PRT,1921,2.147
PRT,1922,2.961
PRT,1923,2.678
PRT,1924,3.03
PRT,1925,3.122
PRT,1926,3.136
PRT,1927,3.631
PRT,1928,3.993
PRT,1929,3.968
PRT,1930,4.323
PRT,1931,3.92
PRT,1932,3.389
PRT,1933,3.997
PRT,1934,4.096
PRT,1935,4.378
PRT,1936,4.128
PRT,1937,4.931
PRT,1938,4.117
PRT,1939,4.751
PRT,1940,3.897
PRT,1941,3.78
PRT,1942,3.025
PRT,1943,2.941
PRT,1944,3.245
PRT,1945,3.337
PRT,1946,3.89
PRT,1947,5.542
PRT,1948,5.252
PRT,1949,5.52
PRT,1950,5.618
PRT,1951,5.394
PRT,1952,5.35
PRT,1953,5.929
PRT,1954,5.79
PRT,1955,6.46
PRT,1956,7.163
PRT,1957,7.782
PRT,1958,7.555
PRT,1959,7.98
PRT,1960,8.214
PRT,1961,9.078
PRT,1962,9.29
PRT,1963,10.012
PRT,1964,11.007
PRT,1965,11.582
PRT,1966,11.835
PRT,1967,12.392
PRT,1968,12.992
PRT,1969,14.593
PRT,1970,15.236
PRT,1971,16.376
PRT,1972,18.307
PRT,1973,19.945
PRT,1974,20.645
PRT,1975,21.275
PRT,1976,22.326
PRT,1977,22.605
PRT,1978,22.585
PRT,1979,24.856
PRT,1980,26.773
PRT,1981,27
PRT,1982,29
PRT,1983,29.902
PRT,1984,28.794
PRT,1985,27.133
PRT,1986,30.221
PRT,1987,31.198
PRT,1988,32.568
PRT,1989,40.822
PRT,1990,45.311
PRT,1991,46.879
PRT,1992,50.957
PRT,1993,49.469
PRT,1994,50.243
PRT,1995,54.503
PRT,1996,51.8
PRT,1997,54.669
PRT,1998,59.211
PRT,1999,66.878
PRT,2000,65.504
PRT,2001,65.187
PRT,2002,69.583
PRT,2003,64.482
PRT,2004,67.302
PRT,2005,69.64
PRT,2006,64.856
PRT,2007,62.38
PRT,2008,60.01
PRT,2009,57.147
PRT,2010,52.89
PRT,2011,51.784
PRT,2012,49.932
PRT,2013,48.146
PRT,2014,47.942
PRT,2015,52.233
PRT,2016,50.311
PRT,2017,55.165
PRT,2018,51.34
PRT,2019,47.583
PRT,2020,41.738
PRT,2021,40.3
PRT,2022,40.722
PRT,2023,37.622
PRT,2024,35.539
PRY,1850,0
PRY,1851,0
PRY,1852,0
PRY,1853,0
PRY,1854,0
PRY,1855,0
PRY,1856,0
PRY,1857,0
PRY,1858,0
PRY,1859,0
PRY,1860,0
PRY,1861,0
PRY,1862,0
PRY,1863,0
PRY,1864,0
PRY,1865,0
PRY,1866,0
PRY,1867,0
PRY,1868,0
PRY,1869,0
PRY,1870,0
PRY,1871,0
PRY,1872,0
PRY,1873,0
PRY,1874,0
PRY,1875,0
PRY,1876,0
PRY,1877,0
PRY,1878,0
PRY,1879,0
PRY,1880,0
PRY,1881,0
PRY,1882,0
PRY,1883,0
PRY,1884,0
PRY,1885,0
PRY,1886,0
PRY,1887,0
PRY,1888,0
PRY,1889,0
PRY,1890,0
PRY,1891,0
PRY,1892,0
PRY,1893,0
PRY,1894,0
PRY,1895,0
PRY,1896,0
PRY,1897,0
PRY,1898,0
PRY,1899,0
PRY,1900,0
PRY,1901,0
PRY,1902,0
PRY,1903,0
PRY,1904,0
PRY,1905,0
PRY,1906,0
PRY,1907,0
PRY,1908,0
PRY,1909,0
PRY,1910,0
PRY,1911,0
PRY,1912,0
PRY,1913,0
PRY,1914,0
PRY,1915,0
PRY,1916,0
PRY,1917,0
PRY,1918,0
PRY,1919,0
PRY,1920,0.018
PRY,1921,0
PRY,1922,0
PRY,1923,0
PRY,1924,0
PRY,1925,0
PRY,1926,0
PRY,1927,0
PRY,1928,0
PRY,1929,0
PRY,1930,0
PRY,1931,0.002
PRY,1932,0.004
PRY,1933,0.007
PRY,1934,0.008
PRY,1935,0.007
PRY,1936,0.012
PRY,1937,0.011
PRY,1938,0.011
PRY,1939,0.01
PRY,1940,0.003
PRY,1941,0.002
PRY,1942,0
PRY,1943,0.001
PRY,1944,0
PRY,1945,0
PRY,1946,0
PRY,1947,0
PRY,1948,0
PRY,1949,0.001
PRY,1950,0.063
PRY,1951,0.048
PRY,1952,0.103
PRY,1953,0.121
PRY,1954,0.183
PRY,1955,0.19
PRY,1956,0.198
PRY,1957,0.212
PRY,1958,0.242
PRY,1959,0.304
PRY,1960,0.304
PRY,1961,0.363
PRY,1962,0.392
PRY,1963,0.41
PRY,1964,0.432
PRY,1965,0.549
PRY,1966,0.513
PRY,1967,0.487
PRY,1968,0.59
PRY,1969,0.52
PRY,1970,0.743
PRY,1971,0.633
PRY,1972,0.714
PRY,1973,0.867
PRY,1974,0.951
PRY,1975,0.836
PRY,1976,1.029
PRY,1977,1.152
PRY,1978,1.452
PRY,1979,1.324
PRY,1980,1.484
PRY,1981,1.382
PRY,1982,1.361
PRY,1983,1.406
PRY,1984,1.489
PRY,1985,1.547
PRY,1986,1.652
PRY,1987,1.873
PRY,1988,2.139
PRY,1989,2.218
PRY,1990,2.13
PRY,1991,2.098
PRY,1992,2.571
PRY,1993,2.905
PRY,1994,3.393
PRY,1995,3.925
PRY,1996,3.706
PRY,1997,4.092
PRY,1998,4.374
PRY,1999,4.362
PRY,2000,3.592
PRY,2001,3.687
PRY,2002,3.853
PRY,2003,4.026
PRY,2004,4.058
PRY,2005,3.772
PRY,2006,3.901
PRY,2007,4.041
PRY,2008,4.27
PRY,2009,4.525
PRY,2010,5.011
PRY,2011,5.192
PRY,2012,5.159
PRY,2013,5.169
PRY,2014,5.451
PRY,2015,6.045
PRY,2016,7.187
PRY,2017,7.939
PRY,2018,8.504
PRY,2019,8.268
PRY,2020,7.444
PRY,2021,8.187
PRY,2022,7.533
PRY,2023,7.646
PRY,2024,7.937
PSE,1850,0
PSE,1851,0
PSE,1852,0
PSE,1853,0
PSE,1854,0
PSE,1855,0
PSE,1856,0
PSE,1857,0
PSE,1858,0
PSE,1859,0
PSE,1860,0
PSE,1861,0
PSE,1862,0
PSE,1863,0
PSE,1864,0
PSE,1865,0
PSE,1866,0
PSE,1867,0
PSE,1868,0
PSE,1869,0
PSE,1870,0
PSE,1871,0
PSE,1872,0
PSE,1873,0
PSE,1874,0
PSE,1875,0
PSE,1876,0
PSE,1877,0
PSE,1878,0
PSE,1879,0
PSE,1880,0
PSE,1881,0
PSE,1882,0
PSE,1883,0
PSE,1884,0
PSE,1885,0
PSE,1886,0
PSE,1887,0
PSE,1888,0
PSE,1889,0
PSE,1890,0
PSE,1891,0
PSE,1892,0
PSE,1893,0
PSE,1894,0
PSE,1895,0
PSE,1896,0
PSE,1897,0
PSE,1898,0
PSE,1899,0
PSE,1900,0
PSE,1901,0
PSE,1902,0
PSE,1903,0
PSE,1904,0
PSE,1905,0
PSE,1906,0
PSE,1907,0
PSE,1908,0
PSE,1909,0
PSE,1910,0
PSE,1911,0
PSE,1912,0
PSE,1913,0
PSE,1914,0
PSE,1915,0
PSE,1916,0
PSE,1917,0
PSE,1918,0
PSE,1919,0
PSE,1920,0
PSE,1921,0
PSE,1922,0
PSE,1923,0
PSE,1924,0
PSE,1925,0
PSE,1926,0
PSE,1927,0
PSE,1928,0
PSE,1929,0
PSE,1930,0
PSE,1931,0
PSE,1932,0
PSE,1933,0
PSE,1934,0
PSE,1935,0
PSE,1936,0
PSE,1937,0
PSE,1938,0
PSE,1939,0
PSE,1940,0
PSE,1941,0
PSE,1942,0
PSE,1943,0
PSE,1944,0
PSE,1945,0
PSE,1946,0
PSE,1947,0
PSE,1948,0
PSE,1949,0
PSE,1950,0
PSE,1951,0
PSE,1952,0
PSE,1953,0
PSE,1954,0
PSE,1955,0
PSE,1956,0
PSE,1957,0
PSE,1958,0
PSE,1959,0
PSE,1960,0
PSE,1961,0
PSE,1962,0
PSE,1963,0
PSE,1964,0
PSE,1965,0
PSE,1966,0
PSE,1967,0
PSE,1968,0
PSE,1969,0
PSE,1970,0
PSE,1971,0
PSE,1972,0
PSE,1973,0
PSE,1974,0
PSE,1975,0
PSE,1976,0
PSE,1977,0
PSE,1978,0
PSE,1979,0
PSE,1980,0
PSE,1981,0
PSE,1982,0
PSE,1983,0
PSE,1984,0
PSE,1985,0
PSE,1986,0
PSE,1987,0
PSE,1988,0
PSE,1989,0
PSE,1990,0.861
PSE,1991,0.883
PSE,1992,0.912
PSE,1993,0.934
PSE,1994,0.964
PSE,1995,0.945
PSE,1996,1.037
PSE,1997,0.865
PSE,1998,1.458
PSE,1999,1.367
PSE,2000,1.66
PSE,2001,1.345
PSE,2002,1.154
PSE,2003,1.275
PSE,2004,2.191
PSE,2005,2.737
PSE,2006,2.268
PSE,2007,2.327
PSE,2008,2.052
PSE,2009,2.088
PSE,2010,2.034
PSE,2011,2.246
PSE,2012,2.195
PSE,2013,2.437
PSE,2014,2.836
PSE,2015,3.001
PSE,2016,3.235
PSE,2017,3.265
PSE,2018,2.957
PSE,2019,3.265
PSE,2020,3.327
PSE,2021,3.635
PSE,2022,4.702
PSE,2023,4.755
PSE,2024,4.78
PYF,1851,0
PYF,1852,0
PYF,1853,0
PYF,1854,0
PYF,1855,0
PYF,1856,0
PYF,1857,0
PYF,1858,0
PYF,1859,0
PYF,1860,0
PYF,1861,0
PYF,1862,0
PYF,1863,0
PYF,1864,0
PYF,1865,0
PYF,1866,0
PYF,1867,0
PYF,1868,0
PYF,1869,0
PYF,1870,0
PYF,1871,0
PYF,1872,0
PYF,1873,0
PYF,1874,0
PYF,1875,0
PYF,1876,0
PYF,1877,0
PYF,1878,0
PYF,1879,0
PYF,1880,0
PYF,1881,0
PYF,1882,0
PYF,1883,0
PYF,1884,0
PYF,1885,0
PYF,1886,0
PYF,1887,0
PYF,1888,0
PYF,1889,0
PYF,1890,0
PYF,1891,0
PYF,1892,0
PYF,1893,0
PYF,1894,0
PYF,1895,0
PYF,1896,0
PYF,1897,0
PYF,1898,0
PYF,1899,0
PYF,1900,0
PYF,1901,0
PYF,1902,0
PYF,1903,0
PYF,1904,0
PYF,1905,0
PYF,1906,0
PYF,1907,0
PYF,1908,0
PYF,1909,0
PYF,1910,0
PYF,1911,0
PYF,1912,0
PYF,1913,0
PYF,1914,0
PYF,1915,0
PYF,1916,0
PYF,1917,0
PYF,1918,0
PYF,1919,0
PYF,1920,0
PYF,1921,0
PYF,1922,0
PYF,1923,0
PYF,1924,0
PYF,1925,0
PYF,1926,0
PYF,1927,0
PYF,1928,0
PYF,1929,0
PYF,1930,0
PYF,1931,0
PYF,1932,0
PYF,1933,0
PYF,1934,0
PYF,1935,0
PYF,1936,0
PYF,1937,0
PYF,1938,0
PYF,1939,0
PYF,1940,0
PYF,1941,0
PYF,1942,0
PYF,1943,0
PYF,1944,0
PYF,1945,0
PYF,1946,0
PYF,1947,0
PYF,1948,0
PYF,1949,0
PYF,1950,0
PYF,1951,0
PYF,1952,0
PYF,1953,0
PYF,1954,0
PYF,1955,0.044
PYF,1956,0.044
PYF,1957,0.051
PYF,1958,0.051
PYF,1959,0.029
PYF,1960,0.037
PYF,1961,0.059
PYF,1962,0.048
PYF,1963,0.066
PYF,1964,0.066
PYF,1965,0.084
PYF,1966,0.121
PYF,1967,0.139
PYF,1968,0.154
PYF,1969,0.161
PYF,1970,0.194
PYF,1971,0.227
PYF,1972,0.216
PYF,1973,0.209
PYF,1974,0.216
PYF,1975,0.213
PYF,1976,0.264
PYF,1977,0.275
PYF,1978,0.311
PYF,1979,0.282
PYF,1980,0.293
PYF,1981,0.33
PYF,1982,0.337
PYF,1983,0.421
PYF,1984,0.462
PYF,1985,0.59
PYF,1986,0.608
PYF,1987,0.612
PYF,1988,0.575
PYF,1989,0.542
PYF,1990,0.524
PYF,1991,0.528
PYF,1992,0.498
PYF,1993,0.52
PYF,1994,0.535
PYF,1995,0.524
PYF,1996,0.524
PYF,1997,0.542
PYF,1998,0.535
PYF,1999,0.594
PYF,2000,0.685
PYF,2001,0.769
PYF,2002,0.806
PYF,2003,0.835
PYF,2004,0.843
PYF,2005,0.832
PYF,2006,0.839
PYF,2007,0.857
PYF,2008,0.868
PYF,2009,0.861
PYF,2010,0.923
PYF,2011,0.883
PYF,2012,0.876
PYF,2013,0.883
PYF,2014,0.85
PYF,2015,0.846
PYF,2016,0.868
PYF,2017,0.876
PYF,2018,0.879
PYF,2019,0.89
PYF,2020,0.832
PYF,2021,0.868
PYF,2022,0.887
PYF,2023,0.882
PYF,2024,0.923
QAT,1850,0
QAT,1851,0
QAT,1852,0
QAT,1853,0
QAT,1854,0
QAT,1855,0
QAT,1856,0
QAT,1857,0
QAT,1858,0
QAT,1859,0
QAT,1860,0
QAT,1861,0
QAT,1862,0
QAT,1863,0
QAT,1864,0
QAT,1865,0
QAT,1866,0
QAT,1867,0
QAT,1868,0
QAT,1869,0
QAT,1870,0
QAT,1871,0
QAT,1872,0
QAT,1873,0
QAT,1874,0
QAT,1875,0
QAT,1876,0
QAT,1877,0
QAT,1878,0
QAT,1879,0
QAT,1880,0
QAT,1881,0
QAT,1882,0
QAT,1883,0
QAT,1884,0
QAT,1885,0
QAT,1886,0
QAT,1887,0
QAT,1888,0
QAT,1889,0
QAT,1890,0
QAT,1891,0
QAT,1892,0
QAT,1893,0
QAT,1894,0
QAT,1895,0
QAT,1896,0
QAT,1897,0
QAT,1898,0
QAT,1899,0
QAT,1900,0
QAT,1901,0
QAT,1902,0
QAT,1903,0
QAT,1904,0
QAT,1905,0
QAT,1906,0
QAT,1907,0
QAT,1908,0
QAT,1909,0
QAT,1910,0
QAT,1911,0
QAT,1912,0
QAT,1913,0
QAT,1914,0
QAT,1915,0
QAT,1916,0
QAT,1917,0
QAT,1918,0
QAT,1919,0
QAT,1920,0
QAT,1921,0
QAT,1922,0
QAT,1923,0
QAT,1924,0
QAT,1925,0
QAT,1926,0
QAT,1927,0
QAT,1928,0
QAT,1929,0
QAT,1930,0
QAT,1931,0
QAT,1932,0
QAT,1933,0
QAT,1934,0
QAT,1935,0
QAT,1936,0
QAT,1937,0
QAT,1938,0
QAT,1939,0
QAT,1940,0
QAT,1941,0
QAT,1942,0
QAT,1943,0
QAT,1944,0
QAT,1945,0
QAT,1946,0
QAT,1947,0
QAT,1948,0
QAT,1949,0.26
QAT,1950,0.352
QAT,1951,0.388
QAT,1952,0.194
QAT,1953,0.366
QAT,1954,0.608
QAT,1955,0.418
QAT,1956,0.506
QAT,1957,0.311
QAT,1958,0.169
QAT,1959,0.183
QAT,1960,0.176
QAT,1961,0.161
QAT,1962,0.191
QAT,1963,6.134
QAT,1964,6.269
QAT,1965,6.287
QAT,1966,6.273
QAT,1967,6.683
QAT,1968,7.075
QAT,1969,7.167
QAT,1970,7.561
QAT,1971,9.144
QAT,1972,10.775
QAT,1973,12.457
QAT,1974,10.479
QAT,1975,10.947
QAT,1976,10.376
QAT,1977,9.917
QAT,1978,10.522
QAT,1979,14.346
QAT,1980,13.086
QAT,1981,12.847
QAT,1982,12.342
QAT,1983,11.255
QAT,1984,12.316
QAT,1985,12.391
QAT,1986,13.281
QAT,1987,11.486
QAT,1988,11.914
QAT,1989,14.31
QAT,1990,11.428
QAT,1991,17.414
QAT,1992,26.816
QAT,1993,30.721
QAT,1994,32.375
QAT,1995,33.17
QAT,1996,34.472
QAT,1997,42.232
QAT,1998,36.96
QAT,1999,36.325
QAT,2000,40.406
QAT,2001,45.914
QAT,2002,45.175
QAT,2003,46.631
QAT,2004,47.44
QAT,2005,47.682
QAT,2006,59.753
QAT,2007,59.53
QAT,2008,61.871
QAT,2009,65.305
QAT,2010,73.651
QAT,2011,81.809
QAT,2012,93.738
QAT,2013,91.433
QAT,2014,91.642
QAT,2015,93.31
QAT,2016,91.378
QAT,2017,105.657
QAT,2018,102.621
QAT,2019,101.43
QAT,2020,101.329
QAT,2021,104.386
QAT,2022,109.594
QAT,2023,119.544
QAT,2024,125.812
ROU,1850,0
ROU,1851,0
ROU,1852,0
ROU,1853,0
ROU,1854,0
ROU,1855,0
ROU,1856,0
ROU,1857,0
ROU,1858,0.004
ROU,1859,0.004
ROU,1860,0.004
ROU,1861,0.007
ROU,1862,0.011
ROU,1863,0.011
ROU,1864,0.015
ROU,1865,0.015
ROU,1866,0.018
ROU,1867,0.022
ROU,1868,0.026
ROU,1869,0.026
ROU,1870,0.037
ROU,1871,0.04
ROU,1872,0.04
ROU,1873,0.044
ROU,1874,0.044
ROU,1875,0.048
ROU,1876,0.048
ROU,1877,0.048
ROU,1878,0.048
ROU,1879,0.048
ROU,1880,0.048
ROU,1881,0.051
ROU,1882,0.224
ROU,1883,0.407
ROU,1884,0.473
ROU,1885,0.451
ROU,1886,0.484
ROU,1887,0.528
ROU,1888,0.63
ROU,1889,0.645
ROU,1890,0.806
ROU,1891,1.118
ROU,1892,1.052
ROU,1893,1.136
ROU,1894,1.041
ROU,1895,1.077
ROU,1896,1.118
ROU,1897,1.297
ROU,1898,1.711
ROU,1899,1.612
ROU,1900,1.238
ROU,1901,1.594
ROU,1902,1.59
ROU,1903,1.847
ROU,1904,2.187
ROU,1905,2.66
ROU,1906,3.598
ROU,1907,4.558
ROU,1908,4.386
ROU,1909,4.858
ROU,1910,4.818
ROU,1911,5.774
ROU,1912,6.013
ROU,1913,6.991
ROU,1914,5.785
ROU,1915,5.144
ROU,1916,2.997
ROU,1917,2.514
ROU,1918,3.188
ROU,1919,4.664
ROU,1920,5.485
ROU,1921,5.917
ROU,1922,7.141
ROU,1923,8.475
ROU,1924,10.006
ROU,1925,11.71
ROU,1926,14.502
ROU,1927,16.125
ROU,1928,18.271
ROU,1929,20.491
ROU,1930,23.243
ROU,1931,25.849
ROU,1932,27.358
ROU,1933,27.311
ROU,1934,31.659
ROU,1935,31.531
ROU,1936,33.154
ROU,1937,28.464
ROU,1938,26.712
ROU,1939,25.188
ROU,1940,23.946
ROU,1941,22.546
ROU,1942,23.672
ROU,1943,22.107
ROU,1944,15.058
ROU,1945,18.905
ROU,1946,17.465
ROU,1947,16.347
ROU,1948,23.375
ROU,1949,23.114
ROU,1950,19.417
ROU,1951,22.503
ROU,1952,26.631
ROU,1953,30.627
ROU,1954,33.504
ROU,1955,36.782
ROU,1956,40.779
ROU,1957,45.93
ROU,1958,49.794
ROU,1959,50.643
ROU,1960,53.394
ROU,1961,55.716
ROU,1962,63.813
ROU,1963,69.455
ROU,1964,72.037
ROU,1965,78.637
ROU,1966,84.091
ROU,1967,92.029
ROU,1968,100.076
ROU,1969,111.524
ROU,1970,119.981
ROU,1971,125.66
ROU,1972,132.208
ROU,1973,144.691
ROU,1974,150.611
ROU,1975,161.862
ROU,1976,174.278
ROU,1977,177.833
ROU,1978,193.244
ROU,1979,195.324
ROU,1980,195.807
ROU,1981,197.323
ROU,1982,194.877
ROU,1983,199.663
ROU,1984,188.323
ROU,1985,193.449
ROU,1986,201.073
ROU,1987,211.024
ROU,1988,211.568
ROU,1989,212.97
ROU,1990,176.535
ROU,1991,142.258
ROU,1992,132.003
ROU,1993,122.709
ROU,1994,120.868
ROU,1995,125.675
ROU,1996,129.117
ROU,1997,118.115
ROU,1998,104.783
ROU,1999,88.899
ROU,2000,93.206
ROU,2001,98.928
ROU,2002,99.069
ROU,2003,103.707
ROU,2004,103.233
ROU,2005,101.337
ROU,2006,104.29
ROU,2007,108.497
ROU,2008,106.997
ROU,2009,87.806
ROU,2010,84.488
ROU,2011,92.391
ROU,2012,89.848
ROU,2013,78.795
ROU,2014,79.335
ROU,2015,78.046
ROU,2016,76.587
ROU,2017,79.432
ROU,2018,79.874
ROU,2019,76.69
ROU,2020,73.946
ROU,2021,77.501
ROU,2022,73.186
ROU,2023,67.866
ROU,2024,68.551
RUS,1830,0.011
RUS,1831,0.013
RUS,1832,0.009
RUS,1833,0.011
RUS,1850,0.069
RUS,1851,0
RUS,1852,0
RUS,1853,0
RUS,1854,0
RUS,1855,0.211
RUS,1856,0
RUS,1857,0
RUS,1858,0.296
RUS,1859,0.314
RUS,1860,0.415
RUS,1861,0.527
RUS,1862,0.475
RUS,1863,0.497
RUS,1864,0.558
RUS,1865,0.533
RUS,1866,1.685
RUS,1867,1.934
RUS,1868,1.609
RUS,1869,2.183
RUS,1870,2.369
RUS,1871,3.198
RUS,1872,3.283
RUS,1873,3.081
RUS,1874,3.74
RUS,1875,4.305
RUS,1876,5.345
RUS,1877,5.454
RUS,1878,7.128
RUS,1879,7.314
RUS,1880,8.58
RUS,1881,9.037
RUS,1882,9.519
RUS,1883,10.835
RUS,1884,11
RUS,1885,11.982
RUS,1886,12.289
RUS,1887,13.004
RUS,1888,13.564
RUS,1889,14.649
RUS,1890,16.589
RUS,1891,18.265
RUS,1892,19.334
RUS,1893,22.662
RUS,1894,23.081
RUS,1895,26.521
RUS,1896,26.998
RUS,1897,31.215
RUS,1898,35.009
RUS,1899,40.614
RUS,1900,46.008
RUS,1901,47.233
RUS,1902,45.62
RUS,1903,44.625
RUS,1904,49.649
RUS,1905,44.318
RUS,1906,50.55
RUS,1907,56.62
RUS,1908,56.968
RUS,1909,60.136
RUS,1910,58.976
RUS,1911,61.145
RUS,1912,69.263
RUS,1913,75.242
RUS,1914,67.908
RUS,1915,62.33
RUS,1916,66.433
RUS,1917,61.14
RUS,1918,24.383
RUS,1919,20.827
RUS,1920,18.991
RUS,1921,20.596
RUS,1922,25.118
RUS,1923,27.747
RUS,1924,33.057
RUS,1925,32.627
RUS,1926,47.274
RUS,1927,58.774
RUS,1928,65.293
RUS,1929,70.315
RUS,1930,95.589
RUS,1931,114.837
RUS,1932,129.388
RUS,1933,144.604
RUS,1934,174.916
RUS,1935,197.995
RUS,1936,227.039
RUS,1937,232.157
RUS,1938,245.031
RUS,1939,248.036
RUS,1940,297.362
RUS,1941,261.24
RUS,1942,142.025
RUS,1943,148.225
RUS,1944,214.954
RUS,1945,227.572
RUS,1946,255.75
RUS,1947,307.964
RUS,1948,327.704
RUS,1949,372.516
RUS,1950,415.234
RUS,1951,450.022
RUS,1952,481.901
RUS,1953,509.826
RUS,1954,556.805
RUS,1955,631.364
RUS,1956,692.229
RUS,1957,757.515
RUS,1958,808.559
RUS,1959,850.093
RUS,1960,885.07
RUS,1961,912.753
RUS,1962,957.987
RUS,1963,1027.4
RUS,1964,1092.664
RUS,1965,1159.119
RUS,1966,1224.087
RUS,1967,1279.969
RUS,1968,1315.942
RUS,1969,1370.468
RUS,1970,1441.379
RUS,1971,1529.596
RUS,1972,1609.329
RUS,1973,1677.296
RUS,1974,1741.162
RUS,1975,1830.213
RUS,1976,1900.701
RUS,1977,1965.35
RUS,1978,2032.849
RUS,1979,2049.709
RUS,1980,2130.355
RUS,1981,2089.791
RUS,1982,2129.189
RUS,1983,2159.389
RUS,1984,2178.563
RUS,1985,2349.517
RUS,1986,2349.904
RUS,1987,2358.795
RUS,1988,2437.801
RUS,1989,2405.697
RUS,1990,2536.284
RUS,1991,2407.642
RUS,1992,1963.458
RUS,1993,1866.525
RUS,1994,1646.876
RUS,1995,1618.286
RUS,1996,1586.633
RUS,1997,1481.964
RUS,1998,1465.859
RUS,1999,1494.088
RUS,2000,1480.576
RUS,2001,1518.081
RUS,2002,1508.33
RUS,2003,1539.006
RUS,2004,1545.353
RUS,2005,1563.98
RUS,2006,1623.428
RUS,2007,1624.315
RUS,2008,1652.731
RUS,2009,1545.236
RUS,2010,1633.147
RUS,2011,1684.989
RUS,2012,1700.104
RUS,2013,1637.547
RUS,2014,1637.311
RUS,2015,1635.244
RUS,2016,1629.328
RUS,2017,1661.012
RUS,2018,1709.91
RUS,2019,1704.459
RUS,2020,1631.902
RUS,2021,1674.524
RUS,2022,1675.461
RUS,2023,1733.135
RUS,2024,1780.524
RWA,1850,0
RWA,1851,0
RWA,1852,0
RWA,1853,0
RWA,1854,0
RWA,1855,0
RWA,1856,0
RWA,1857,0
RWA,1858,0
RWA,1859,0
RWA,1860,0
RWA,1861,0
RWA,1862,0
RWA,1863,0
RWA,1864,0
RWA,1865,0
RWA,1866,0
RWA,1867,0
RWA,1868,0
RWA,1869,0
RWA,1870,0
RWA,1871,0
RWA,1872,0
RWA,1873,0
RWA,1874,0
RWA,1875,0
RWA,1876,0
RWA,1877,0
RWA,1878,0
RWA,1879,0
RWA,1880,0
RWA,1881,0
RWA,1882,0
RWA,1883,0
RWA,1884,0
RWA,1885,0
RWA,1886,0
RWA,1887,0
RWA,1888,0
RWA,1889,0
RWA,1890,0
RWA,1891,0
RWA,1892,0
RWA,1893,0
RWA,1894,0
RWA,1895,0
RWA,1896,0
RWA,1897,0
RWA,1898,0
RWA,1899,0
RWA,1900,0
RWA,1901,0
RWA,1902,0
RWA,1903,0
RWA,1904,0
RWA,1905,0
RWA,1906,0
RWA,1907,0
RWA,1908,0
RWA,1909,0
RWA,1910,0
RWA,1911,0
RWA,1912,0
RWA,1913,0
RWA,1914,0
RWA,1915,0
RWA,1916,0
RWA,1917,0
RWA,1918,0
RWA,1919,0
RWA,1920,0
RWA,1921,0
RWA,1922,0
RWA,1923,0
RWA,1924,0
RWA,1925,0
RWA,1926,0
RWA,1927,0
RWA,1928,0
RWA,1929,0
RWA,1930,0
RWA,1931,0
RWA,1932,0
RWA,1933,0
RWA,1934,0
RWA,1935,0
RWA,1936,0
RWA,1937,0
RWA,1938,0
RWA,1939,0
RWA,1940,0
RWA,1941,0
RWA,1942,0
RWA,1943,0
RWA,1944,0
RWA,1945,0
RWA,1946,0
RWA,1947,0
RWA,1948,0
RWA,1949,0
RWA,1950,0.017
RWA,1951,0.017
RWA,1952,0.031
RWA,1953,0.029
RWA,1954,0.012
RWA,1955,0.014
RWA,1956,0.017
RWA,1957,0.019
RWA,1958,0.019
RWA,1959,0.075
RWA,1960,0.07
RWA,1961,0.091
RWA,1962,0.084
RWA,1963,0.084
RWA,1964,0.037
RWA,1965,0.048
RWA,1966,0.044
RWA,1967,0.04
RWA,1968,0.055
RWA,1969,0.059
RWA,1970,0.059
RWA,1971,0.062
RWA,1972,0.066
RWA,1973,0.07
RWA,1974,0.073
RWA,1975,0.176
RWA,1976,0.267
RWA,1977,0.267
RWA,1978,0.289
RWA,1979,0.297
RWA,1980,0.495
RWA,1981,0.601
RWA,1982,0.608
RWA,1983,0.696
RWA,1984,0.634
RWA,1985,0.616
RWA,1986,0.597
RWA,1987,0.611
RWA,1988,0.692
RWA,1989,0.684
RWA,1990,0.524
RWA,1991,0.472
RWA,1992,0.479
RWA,1993,0.483
RWA,1994,0.462
RWA,1995,0.451
RWA,1996,0.464
RWA,1997,0.483
RWA,1998,0.482
RWA,1999,0.502
RWA,2000,0.515
RWA,2001,0.519
RWA,2002,0.512
RWA,2003,0.505
RWA,2004,0.516
RWA,2005,0.514
RWA,2006,0.514
RWA,2007,0.542
RWA,2008,0.531
RWA,2009,0.555
RWA,2010,0.581
RWA,2011,0.643
RWA,2012,0.718
RWA,2013,0.779
RWA,2014,0.83
RWA,2015,0.967
RWA,2016,1.052
RWA,2017,1.17
RWA,2018,1.313
RWA,2019,1.413
RWA,2020,1.394
RWA,2021,1.699
RWA,2022,1.957
RWA,2023,2.016
RWA,2024,2.034
SAU,1850,0
SAU,1851,0
SAU,1852,0
SAU,1853,0
SAU,1854,0
SAU,1855,0
SAU,1856,0
SAU,1857,0
SAU,1858,0
SAU,1859,0
SAU,1860,0
SAU,1861,0
SAU,1862,0
SAU,1863,0
SAU,1864,0
SAU,1865,0
SAU,1866,0
SAU,1867,0
SAU,1868,0
SAU,1869,0
SAU,1870,0
SAU,1871,0
SAU,1872,0
SAU,1873,0
SAU,1874,0
SAU,1875,0
SAU,1876,0
SAU,1877,0
SAU,1878,0
SAU,1879,0
SAU,1880,0
SAU,1881,0
SAU,1882,0
SAU,1883,0
SAU,1884,0
SAU,1885,0
SAU,1886,0
SAU,1887,0
SAU,1888,0
SAU,1889,0
SAU,1890,0
SAU,1891,0
SAU,1892,0
SAU,1893,0
SAU,1894,0
SAU,1895,0
SAU,1896,0
SAU,1897,0
SAU,1898,0
SAU,1899,0
SAU,1900,0
SAU,1901,0
SAU,1902,0
SAU,1903,0
SAU,1904,0
SAU,1905,0
SAU,1906,0
SAU,1907,0
SAU,1908,0
SAU,1909,0
SAU,1910,0
SAU,1911,0
SAU,1912,0
SAU,1913,0
SAU,1914,0
SAU,1915,0
SAU,1916,0
SAU,1917,0
SAU,1918,0
SAU,1919,0
SAU,1920,0
SAU,1921,0
SAU,1922,0
SAU,1923,0
SAU,1924,0
SAU,1925,0
SAU,1926,0
SAU,1927,0
SAU,1928,0
SAU,1929,0
SAU,1930,0
SAU,1931,0
SAU,1932,0
SAU,1933,0
SAU,1934,0
SAU,1935,0
SAU,1936,0.007
SAU,1937,0.026
SAU,1938,0.205
SAU,1939,1.652
SAU,1940,2.147
SAU,1941,1.81
SAU,1942,1.902
SAU,1943,1.993
SAU,1944,3.261
SAU,1945,8.812
SAU,1946,25.153
SAU,1947,37.732
SAU,1948,17.943
SAU,1949,18.386
SAU,1950,5.141
SAU,1951,0
SAU,1952,0
SAU,1953,0.476
SAU,1954,1.238
SAU,1955,2.114
SAU,1956,1.63
SAU,1957,2.099
SAU,1958,1.997
SAU,1959,1.854
SAU,1960,2.674
SAU,1961,3.568
SAU,1962,6.25
SAU,1963,6.939
SAU,1964,7.041
SAU,1965,4.216
SAU,1966,6.407
SAU,1967,25.485
SAU,1968,29.079
SAU,1969,35.271
SAU,1970,45.251
SAU,1971,59.757
SAU,1972,70.281
SAU,1973,95.053
SAU,1974,98.701
SAU,1975,83.26
SAU,1976,101.458
SAU,1977,118.069
SAU,1978,115.021
SAU,1979,138
SAU,1980,169.234
SAU,1981,175.293
SAU,1982,157.874
SAU,1983,160.813
SAU,1984,155.49
SAU,1985,172.394
SAU,1986,204.571
SAU,1987,190.414
SAU,1988,202.208
SAU,1989,203.375
SAU,1990,181.971
SAU,1991,244.534
SAU,1992,276.011
SAU,1993,297.754
SAU,1994,291.208
SAU,1995,274.604
SAU,1996,269.498
SAU,1997,227.149
SAU,1998,218.915
SAU,1999,237.716
SAU,2000,309.639
SAU,2001,324.374
SAU,2002,346.93
SAU,2003,351.228
SAU,2004,407.702
SAU,2005,412.234
SAU,2006,444.977
SAU,2007,423.314
SAU,2008,469.43
SAU,2009,503.97
SAU,2010,555.64
SAU,2011,540.236
SAU,2012,605.712
SAU,2013,583.178
SAU,2014,585.109
SAU,2015,624.547
SAU,2016,641.174
SAU,2017,644.487
SAU,2018,652.204
SAU,2019,708.335
SAU,2020,653.565
SAU,2021,695.394
SAU,2022,666.994
SAU,2023,677.442
SAU,2024,692.133
SDN,1850,0
SDN,1851,0
SDN,1852,0
SDN,1853,0
SDN,1854,0
SDN,1855,0
SDN,1856,0
SDN,1857,0
SDN,1858,0
SDN,1859,0
SDN,1860,0
SDN,1861,0
SDN,1862,0
SDN,1863,0
SDN,1864,0
SDN,1865,0
SDN,1866,0
SDN,1867,0
SDN,1868,0
SDN,1869,0
SDN,1870,0
SDN,1871,0
SDN,1872,0
SDN,1873,0
SDN,1874,0
SDN,1875,0
SDN,1876,0
SDN,1877,0
SDN,1878,0
SDN,1879,0
SDN,1880,0
SDN,1881,0
SDN,1882,0
SDN,1883,0
SDN,1884,0
SDN,1885,0
SDN,1886,0
SDN,1887,0
SDN,1888,0
SDN,1889,0
SDN,1890,0
SDN,1891,0
SDN,1892,0
SDN,1893,0
SDN,1894,0
SDN,1895,0
SDN,1896,0
SDN,1897,0
SDN,1898,0
SDN,1899,0
SDN,1900,0
SDN,1901,0
SDN,1902,0
SDN,1903,0
SDN,1904,0
SDN,1905,0
SDN,1906,0
SDN,1907,0
SDN,1908,0
SDN,1909,0
SDN,1910,0
SDN,1911,0
SDN,1912,0
SDN,1913,0
SDN,1914,0
SDN,1915,0
SDN,1916,0
SDN,1917,0
SDN,1918,0
SDN,1919,0
SDN,1920,0
SDN,1921,0
SDN,1922,0
SDN,1923,0
SDN,1924,0
SDN,1925,0
SDN,1926,0
SDN,1927,0
SDN,1928,0
SDN,1929,0
SDN,1930,0
SDN,1931,0
SDN,1932,0
SDN,1933,0
SDN,1934,0
SDN,1935,0
SDN,1936,0
SDN,1937,0
SDN,1938,0
SDN,1939,0
SDN,1940,0
SDN,1941,0
SDN,1942,0
SDN,1943,0
SDN,1944,0
SDN,1945,0
SDN,1946,0
SDN,1947,0
SDN,1948,0
SDN,1949,0
SDN,1950,0.505
SDN,1951,0.664
SDN,1952,0.697
SDN,1953,0.765
SDN,1954,0.751
SDN,1955,0.852
SDN,1956,0.825
SDN,1957,1.061
SDN,1958,1.186
SDN,1959,1.256
SDN,1960,1.25
SDN,1961,1.273
SDN,1962,1.364
SDN,1963,1.543
SDN,1964,1.708
SDN,1965,2.23
SDN,1966,2.429
SDN,1967,2.927
SDN,1968,2.853
SDN,1969,3.844
SDN,1970,4.46
SDN,1971,4.578
SDN,1972,4.942
SDN,1973,4.986
SDN,1974,5.221
SDN,1975,3.894
SDN,1976,3.449
SDN,1977,3.495
SDN,1978,3.156
SDN,1979,3.277
SDN,1980,3.437
SDN,1981,3.34
SDN,1982,3.51
SDN,1983,3.582
SDN,1984,3.211
SDN,1985,3.732
SDN,1986,3.895
SDN,1987,3.07
SDN,1988,4.443
SDN,1989,3.441
SDN,1990,4.783
SDN,1991,4.48
SDN,1992,4.001
SDN,1993,2.755
SDN,1994,3.838
SDN,1995,3.963
SDN,1996,4.096
SDN,1997,5.023
SDN,1998,4.372
SDN,1999,4.753
SDN,2000,5.292
SDN,2001,6.018
SDN,2002,7.634
SDN,2003,8.515
SDN,2004,10.866
SDN,2005,10.558
SDN,2006,11.545
SDN,2007,13.564
SDN,2008,14.179
SDN,2009,14.805
SDN,2010,15.07
SDN,2011,14.711
SDN,2012,15.763
SDN,2013,17.374
SDN,2014,13.095
SDN,2015,14.247
SDN,2016,19.737
SDN,2017,20.306
SDN,2018,20.516
SDN,2019,22.007
SDN,2020,19.8
SDN,2021,19.208
SDN,2022,17.529
SDN,2023,17.716
SDN,2024,17.795
SEN,1850,0
SEN,1851,0
SEN,1852,0
SEN,1853,0
SEN,1854,0
SEN,1855,0
SEN,1856,0
SEN,1857,0
SEN,1858,0
SEN,1859,0
SEN,1860,0
SEN,1861,0
SEN,1862,0
SEN,1863,0
SEN,1864,0
SEN,1865,0
SEN,1866,0
SEN,1867,0
SEN,1868,0
SEN,1869,0
SEN,1870,0
SEN,1871,0
SEN,1872,0
SEN,1873,0
SEN,1874,0
SEN,1875,0
SEN,1876,0
SEN,1877,0
SEN,1878,0
SEN,1879,0
SEN,1880,0
SEN,1881,0
SEN,1882,0
SEN,1883,0
SEN,1884,0
SEN,1885,0
SEN,1886,0
SEN,1887,0
SEN,1888,0
SEN,1889,0
SEN,1890,0
SEN,1891,0
SEN,1892,0
SEN,1893,0
SEN,1894,0
SEN,1895,0
SEN,1896,0
SEN,1897,0
SEN,1898,0
SEN,1899,0
SEN,1900,0
SEN,1901,0
SEN,1902,0
SEN,1903,0
SEN,1904,0
SEN,1905,0
SEN,1906,0
SEN,1907,0
SEN,1908,0
SEN,1909,0
SEN,1910,0
SEN,1911,0
SEN,1912,0
SEN,1913,0
SEN,1914,0
SEN,1915,0
SEN,1916,0
SEN,1917,0
SEN,1918,0
SEN,1919,0
SEN,1920,0
SEN,1921,0
SEN,1922,0
SEN,1923,0
SEN,1924,0
SEN,1925,0
SEN,1926,0
SEN,1927,0
SEN,1928,0
SEN,1929,0
SEN,1930,0
SEN,1931,0
SEN,1932,0
SEN,1933,0
SEN,1934,0
SEN,1935,0
SEN,1936,0
SEN,1937,0
SEN,1938,0
SEN,1939,0
SEN,1940,0
SEN,1941,0
SEN,1942,0
SEN,1943,0
SEN,1944,0
SEN,1945,0
SEN,1946,0
SEN,1947,0
SEN,1948,0
SEN,1949,0
SEN,1950,0.362
SEN,1951,0.302
SEN,1952,0.327
SEN,1953,0.274
SEN,1954,0.317
SEN,1955,0.292
SEN,1956,0.341
SEN,1957,0.347
SEN,1958,0.355
SEN,1959,0.388
SEN,1960,0.827
SEN,1961,0.813
SEN,1962,0.813
SEN,1963,0.86
SEN,1964,0.922
SEN,1965,1.692
SEN,1966,1.718
SEN,1967,0.699
SEN,1968,0.098
SEN,1969,0.49
SEN,1970,1.307
SEN,1971,1.351
SEN,1972,1.453
SEN,1973,1.549
SEN,1974,1.849
SEN,1975,2.578
SEN,1976,1.77
SEN,1977,2.237
SEN,1978,2.62
SEN,1979,2.888
SEN,1980,3.336
SEN,1981,3.28
SEN,1982,3.037
SEN,1983,2.611
SEN,1984,3.284
SEN,1985,2.651
SEN,1986,2.636
SEN,1987,2.425
SEN,1988,2.711
SEN,1989,3.662
SEN,1990,2.93
SEN,1991,3.108
SEN,1992,3.166
SEN,1993,3.286
SEN,1994,3.636
SEN,1995,2.99
SEN,1996,3.243
SEN,1997,3.182
SEN,1998,3.334
SEN,1999,3.604
SEN,2000,3.902
SEN,2001,4.258
SEN,2002,4.437
SEN,2003,4.928
SEN,2004,5.238
SEN,2005,5.539
SEN,2006,4.43
SEN,2007,5.196
SEN,2008,4.74
SEN,2009,5.258
SEN,2010,6.862
SEN,2011,7.819
SEN,2012,7.362
SEN,2013,7.853
SEN,2014,8.724
SEN,2015,9.845
SEN,2016,10.013
SEN,2017,10.757
SEN,2018,11.33
SEN,2019,12.711
SEN,2020,10.82
SEN,2021,12.319
SEN,2022,14.133
SEN,2023,14.082
SEN,2024,14.092
SGP,1750,0
SGP,1751,0
SGP,1752,0
SGP,1753,0
SGP,1754,0
SGP,1755,0
SGP,1756,0
SGP,1757,0
SGP,1758,0
SGP,1759,0
SGP,1760,0
SGP,1761,0
SGP,1762,0
SGP,1763,0
SGP,1764,0
SGP,1765,0
SGP,1766,0
SGP,1767,0
SGP,1768,0
SGP,1769,0
SGP,1770,0
SGP,1771,0
SGP,1772,0
SGP,1773,0
SGP,1774,0
SGP,1775,0
SGP,1776,0
SGP,1777,0
SGP,1778,0
SGP,1779,0
SGP,1780,0
SGP,1781,0
SGP,1782,0
SGP,1783,0
SGP,1784,0
SGP,1785,0
SGP,1786,0
SGP,1787,0
SGP,1788,0
SGP,1789,0
SGP,1790,0
SGP,1791,0
SGP,1792,0
SGP,1793,0
SGP,1794,0
SGP,1795,0
SGP,1796,0
SGP,1797,0
SGP,1798,0
SGP,1799,0
SGP,1800,0
SGP,1801,0
SGP,1802,0
SGP,1803,0
SGP,1804,0
SGP,1805,0
SGP,1806,0
SGP,1807,0
SGP,1808,0
SGP,1809,0
SGP,1810,0
SGP,1811,0
SGP,1812,0
SGP,1813,0
SGP,1814,0
SGP,1815,0
SGP,1816,0
SGP,1817,0
SGP,1818,0
SGP,1819,0
SGP,1820,0
SGP,1821,0
SGP,1822,0
SGP,1823,0
SGP,1824,0
SGP,1825,0
SGP,1826,0
SGP,1827,0
SGP,1828,0
SGP,1829,0
SGP,1830,0
SGP,1831,0
SGP,1832,0
SGP,1833,0
SGP,1834,0
SGP,1835,0
SGP,1836,0
SGP,1837,0
SGP,1838,0
SGP,1839,0
SGP,1840,0
SGP,1841,0
SGP,1842,0
SGP,1843,0
SGP,1844,0
SGP,1845,0
SGP,1846,0
SGP,1847,0
SGP,1848,0
SGP,1849,0
SGP,1850,0
SGP,1851,0
SGP,1852,0
SGP,1853,0
SGP,1854,0
SGP,1855,0
SGP,1856,0
SGP,1857,0
SGP,1858,0
SGP,1859,0
SGP,1860,0
SGP,1861,0
SGP,1862,0
SGP,1863,0
SGP,1864,0
SGP,1865,0
SGP,1866,0
SGP,1867,0
SGP,1868,0
SGP,1869,0
SGP,1870,0
SGP,1871,0
SGP,1872,0
SGP,1873,0
SGP,1874,0
SGP,1875,0
SGP,1876,0
SGP,1877,0
SGP,1878,0
SGP,1879,0
SGP,1880,0
SGP,1881,0
SGP,1882,0
SGP,1883,0
SGP,1884,0
SGP,1885,0
SGP,1886,0
SGP,1887,0
SGP,1888,0
SGP,1889,0
SGP,1890,0
SGP,1891,0
SGP,1892,0
SGP,1893,0
SGP,1894,0
SGP,1895,0
SGP,1896,0
SGP,1897,0
SGP,1898,0
SGP,1899,0
SGP,1900,0
SGP,1901,0
SGP,1902,0
SGP,1903,0
SGP,1904,0
SGP,1905,0
SGP,1906,0
SGP,1907,0
SGP,1908,0
SGP,1909,0
SGP,1910,0
SGP,1911,0
SGP,1912,0
SGP,1913,0
SGP,1914,0
SGP,1915,0
SGP,1916,0
SGP,1917,0
SGP,1918,0
SGP,1919,0
SGP,1920,0
SGP,1921,0
SGP,1922,0
SGP,1923,0
SGP,1924,0
SGP,1925,0
SGP,1926,0
SGP,1927,0
SGP,1928,0
SGP,1929,0
SGP,1930,0
SGP,1931,0
SGP,1932,0
SGP,1933,0
SGP,1934,0
SGP,1935,0
SGP,1936,0
SGP,1937,0
SGP,1938,0
SGP,1939,0
SGP,1940,0
SGP,1941,0
SGP,1942,0
SGP,1943,0
SGP,1944,0
SGP,1945,0
SGP,1946,0
SGP,1947,0
SGP,1948,0
SGP,1949,0
SGP,1950,1.914
SGP,1951,2.826
SGP,1952,3.441
SGP,1953,3.482
SGP,1954,3.771
SGP,1955,4.053
SGP,1956,4.096
SGP,1957,1.729
SGP,1958,2.297
SGP,1959,1.799
SGP,1960,1.392
SGP,1961,2.092
SGP,1962,2.513
SGP,1963,3.301
SGP,1964,3.602
SGP,1965,2.426
SGP,1966,0.479
SGP,1967,2.821
SGP,1968,5.133
SGP,1969,6.888
SGP,1970,17.833
SGP,1971,16.275
SGP,1972,21.72
SGP,1973,20.691
SGP,1974,21.427
SGP,1975,23.864
SGP,1976,29.338
SGP,1977,27.612
SGP,1978,32.463
SGP,1979,35.42
SGP,1980,30.433
SGP,1981,25.707
SGP,1982,28.382
SGP,1983,33.397
SGP,1984,31.969
SGP,1985,32.397
SGP,1986,34.101
SGP,1987,31.811
SGP,1988,35.281
SGP,1989,41.004
SGP,1990,43.536
SGP,1991,44.235
SGP,1992,47.441
SGP,1993,49.662
SGP,1994,60.086
SGP,1995,40.546
SGP,1996,48.013
SGP,1997,56.737
SGP,1998,47.412
SGP,1999,49.2
SGP,2000,37.369
SGP,2001,38.525
SGP,2002,40.208
SGP,2003,39.534
SGP,2004,41
SGP,2005,39.6
SGP,2006,40.6
SGP,2007,41.1
SGP,2008,40.2
SGP,2009,40.8
SGP,2010,44.4
SGP,2011,47
SGP,2012,46.1
SGP,2013,47
SGP,2014,47.6
SGP,2015,49.4
SGP,2016,49.1
SGP,2017,50.1
SGP,2018,50.3
SGP,2019,49
SGP,2020,46.7
SGP,2021,50.1
SGP,2022,48.934
SGP,2023,51.068
SGP,2024,53.919
SHN,1850,0
SHN,1851,0
SHN,1852,0
SHN,1853,0
SHN,1854,0
SHN,1855,0
SHN,1856,0
SHN,1857,0
SHN,1858,0
SHN,1859,0
SHN,1860,0
SHN,1861,0
SHN,1862,0
SHN,1863,0
SHN,1864,0
SHN,1865,0
SHN,1866,0
SHN,1867,0
SHN,1868,0
SHN,1869,0
SHN,1870,0
SHN,1871,0
SHN,1872,0
SHN,1873,0
SHN,1874,0
SHN,1875,0
SHN,1876,0
SHN,1877,0
SHN,1878,0
SHN,1879,0
SHN,1880,0
SHN,1881,0
SHN,1882,0
SHN,1883,0
SHN,1884,0
SHN,1885,0
SHN,1886,0
SHN,1887,0
SHN,1888,0
SHN,1889,0
SHN,1890,0
SHN,1891,0
SHN,1892,0
SHN,1893,0
SHN,1894,0
SHN,1895,0
SHN,1896,0
SHN,1897,0
SHN,1898,0
SHN,1899,0
SHN,1900,0
SHN,1901,0
SHN,1902,0
SHN,1903,0
SHN,1904,0
SHN,1905,0
SHN,1906,0
SHN,1907,0
SHN,1908,0
SHN,1909,0
SHN,1910,0
SHN,1911,0
SHN,1912,0
SHN,1913,0
SHN,1914,0
SHN,1915,0
SHN,1916,0
SHN,1917,0
SHN,1918,0
SHN,1919,0
SHN,1920,0
SHN,1921,0
SHN,1922,0
SHN,1923,0
SHN,1924,0
SHN,1925,0
SHN,1926,0
SHN,1927,0
SHN,1928,0
SHN,1929,0
SHN,1930,0
SHN,1931,0
SHN,1932,0
SHN,1933,0
SHN,1934,0
SHN,1935,0
SHN,1936,0
SHN,1937,0
SHN,1938,0
SHN,1939,0
SHN,1940,0
SHN,1941,0
SHN,1942,0
SHN,1943,0
SHN,1944,0
SHN,1945,0
SHN,1946,0
SHN,1947,0
SHN,1948,0
SHN,1949,0
SHN,1950,0
SHN,1951,0
SHN,1952,0
SHN,1953,0
SHN,1954,0
SHN,1955,0
SHN,1956,0
SHN,1957,0
SHN,1958,0
SHN,1959,0
SHN,1960,0
SHN,1961,0
SHN,1962,0
SHN,1963,0
SHN,1964,0
SHN,1965,0
SHN,1966,0
SHN,1967,0
SHN,1968,0.004
SHN,1969,0
SHN,1970,0
SHN,1971,0
SHN,1972,0
SHN,1973,0
SHN,1974,0
SHN,1975,0
SHN,1976,0
SHN,1977,0
SHN,1978,0
SHN,1979,0
SHN,1980,0
SHN,1981,0.007
SHN,1982,0.004
SHN,1983,0.004
SHN,1984,0.004
SHN,1985,0.004
SHN,1986,0.004
SHN,1987,0.004
SHN,1988,0.007
SHN,1989,0.007
SHN,1990,0.007
SHN,1991,0.007
SHN,1992,0.007
SHN,1993,0.011
SHN,1994,0.011
SHN,1995,0.011
SHN,1996,0.011
SHN,1997,0.011
SHN,1998,0.011
SHN,1999,0.011
SHN,2000,0.011
SHN,2001,0.011
SHN,2002,0.011
SHN,2003,0.011
SHN,2004,0.007
SHN,2005,0.011
SHN,2006,0.011
SHN,2007,0.011
SHN,2008,0.011
SHN,2009,0.011
SHN,2010,0.011
SHN,2011,0.011
SHN,2012,0.011
SHN,2013,0.011
SHN,2014,0.011
SHN,2015,0.011
SHN,2016,0.015
SHN,2017,0.011
SHN,2018,0.011
SHN,2019,0.015
SHN,2020,0.011
SHN,2021,0.007
SHN,2022,0.011
SHN,2023,0.011
SHN,2024,0.011
SLB,1850,0
SLB,1851,0
SLB,1852,0
SLB,1853,0
SLB,1854,0
SLB,1855,0
SLB,1856,0
SLB,1857,0
SLB,1858,0
SLB,1859,0
SLB,1860,0
SLB,1861,0
SLB,1862,0
SLB,1863,0
SLB,1864,0
SLB,1865,0
SLB,1866,0
SLB,1867,0
SLB,1868,0
SLB,1869,0
SLB,1870,0
SLB,1871,0
SLB,1872,0
SLB,1873,0
SLB,1874,0
SLB,1875,0
SLB,1876,0
SLB,1877,0
SLB,1878,0
SLB,1879,0
SLB,1880,0
SLB,1881,0
SLB,1882,0
SLB,1883,0
SLB,1884,0
SLB,1885,0
SLB,1886,0
SLB,1887,0
SLB,1888,0
SLB,1889,0
SLB,1890,0
SLB,1891,0
SLB,1892,0
SLB,1893,0
SLB,1894,0
SLB,1895,0
SLB,1896,0
SLB,1897,0
SLB,1898,0
SLB,1899,0
SLB,1900,0
SLB,1901,0
SLB,1902,0
SLB,1903,0
SLB,1904,0
SLB,1905,0
SLB,1906,0
SLB,1907,0
SLB,1908,0
SLB,1909,0
SLB,1910,0
SLB,1911,0
SLB,1912,0
SLB,1913,0
SLB,1914,0
SLB,1915,0
SLB,1916,0
SLB,1917,0
SLB,1918,0
SLB,1919,0
SLB,1920,0
SLB,1921,0
SLB,1922,0
SLB,1923,0
SLB,1924,0
SLB,1925,0
SLB,1926,0
SLB,1927,0
SLB,1928,0
SLB,1929,0
SLB,1930,0
SLB,1931,0
SLB,1932,0
SLB,1933,0
SLB,1934,0
SLB,1935,0
SLB,1936,0
SLB,1937,0
SLB,1938,0
SLB,1939,0
SLB,1940,0
SLB,1941,0
SLB,1942,0
SLB,1943,0
SLB,1944,0
SLB,1945,0
SLB,1946,0
SLB,1947,0
SLB,1948,0
SLB,1949,0
SLB,1950,0
SLB,1951,0
SLB,1952,0.004
SLB,1953,0.004
SLB,1954,0.004
SLB,1955,0.011
SLB,1956,0.011
SLB,1957,0.011
SLB,1958,0.011
SLB,1959,0.011
SLB,1960,0.011
SLB,1961,0.015
SLB,1962,0.015
SLB,1963,0.015
SLB,1964,0.018
SLB,1965,0.026
SLB,1966,0.026
SLB,1967,0.033
SLB,1968,0.037
SLB,1969,0.037
SLB,1970,0.04
SLB,1971,0.048
SLB,1972,0.055
SLB,1973,0.066
SLB,1974,0.066
SLB,1975,0.059
SLB,1976,0.062
SLB,1977,0.081
SLB,1978,0.062
SLB,1979,0.11
SLB,1980,0.103
SLB,1981,0.136
SLB,1982,0.121
SLB,1983,0.143
SLB,1984,0.143
SLB,1985,0.15
SLB,1986,0.154
SLB,1987,0.161
SLB,1988,0.154
SLB,1989,0.161
SLB,1990,0.147
SLB,1991,0.154
SLB,1992,0.161
SLB,1993,0.172
SLB,1994,0.183
SLB,1995,0.191
SLB,1996,0.198
SLB,1997,0.205
SLB,1998,0.213
SLB,1999,0.22
SLB,2000,0.227
SLB,2001,0.238
SLB,2002,0.245
SLB,2003,0.256
SLB,2004,0.275
SLB,2005,0.282
SLB,2006,0.293
SLB,2007,0.3
SLB,2008,0.311
SLB,2009,0.322
SLB,2010,0.333
SLB,2011,0.348
SLB,2012,0.344
SLB,2013,0.377
SLB,2014,0.33
SLB,2015,0.297
SLB,2016,0.293
SLB,2017,0.289
SLB,2018,0.293
SLB,2019,0.297
SLB,2020,0.293
SLB,2021,0.289
SLB,2022,0.283
SLB,2023,0.282
SLB,2024,0.295
SLE,1750,0
SLE,1751,0
SLE,1752,0
SLE,1753,0
SLE,1754,0
SLE,1755,0
SLE,1756,0
SLE,1757,0
SLE,1758,0
SLE,1759,0
SLE,1760,0
SLE,1761,0
SLE,1762,0
SLE,1763,0
SLE,1764,0
SLE,1765,0
SLE,1766,0
SLE,1767,0
SLE,1768,0
SLE,1769,0
SLE,1770,0
SLE,1771,0
SLE,1772,0
SLE,1773,0
SLE,1774,0
SLE,1775,0
SLE,1776,0
SLE,1777,0
SLE,1778,0
SLE,1779,0
SLE,1780,0
SLE,1781,0
SLE,1782,0
SLE,1783,0
SLE,1784,0
SLE,1785,0
SLE,1786,0
SLE,1787,0
SLE,1788,0
SLE,1789,0
SLE,1790,0
SLE,1791,0
SLE,1792,0
SLE,1793,0
SLE,1794,0
SLE,1795,0
SLE,1796,0
SLE,1797,0
SLE,1798,0
SLE,1799,0
SLE,1800,0
SLE,1801,0
SLE,1802,0
SLE,1803,0
SLE,1804,0
SLE,1805,0
SLE,1806,0
SLE,1807,0
SLE,1808,0
SLE,1809,0
SLE,1810,0
SLE,1811,0
SLE,1812,0
SLE,1813,0
SLE,1814,0
SLE,1815,0
SLE,1816,0
SLE,1817,0
SLE,1818,0
SLE,1819,0
SLE,1820,0
SLE,1821,0
SLE,1822,0
SLE,1823,0
SLE,1824,0
SLE,1825,0
SLE,1826,0
SLE,1827,0
SLE,1828,0
SLE,1829,0
SLE,1830,0
SLE,1831,0
SLE,1832,0
SLE,1833,0
SLE,1834,0
SLE,1835,0
SLE,1836,0
SLE,1837,0
SLE,1838,0
SLE,1839,0
SLE,1840,0
SLE,1841,0
SLE,1842,0
SLE,1843,0
SLE,1844,0
SLE,1845,0
SLE,1846,0
SLE,1847,0
SLE,1848,0
SLE,1849,0
SLE,1850,0
SLE,1851,0
SLE,1852,0
SLE,1853,0
SLE,1854,0
SLE,1855,0
SLE,1856,0
SLE,1857,0
SLE,1858,0
SLE,1859,0
SLE,1860,0
SLE,1861,0
SLE,1862,0
SLE,1863,0
SLE,1864,0
SLE,1865,0
SLE,1866,0
SLE,1867,0
SLE,1868,0
SLE,1869,0
SLE,1870,0
SLE,1871,0
SLE,1872,0
SLE,1873,0
SLE,1874,0
SLE,1875,0
SLE,1876,0
SLE,1877,0
SLE,1878,0
SLE,1879,0
SLE,1880,0
SLE,1881,0
SLE,1882,0
SLE,1883,0
SLE,1884,0
SLE,1885,0
SLE,1886,0
SLE,1887,0
SLE,1888,0
SLE,1889,0
SLE,1890,0
SLE,1891,0
SLE,1892,0
SLE,1893,0
SLE,1894,0
SLE,1895,0
SLE,1896,0
SLE,1897,0
SLE,1898,0
SLE,1899,0
SLE,1900,0
SLE,1901,0
SLE,1902,0
SLE,1903,0
SLE,1904,0
SLE,1905,0
SLE,1906,0
SLE,1907,0
SLE,1908,0
SLE,1909,0
SLE,1910,0
SLE,1911,0
SLE,1912,0
SLE,1913,0
SLE,1914,0
SLE,1915,0
SLE,1916,0
SLE,1917,0
SLE,1918,0
SLE,1919,0
SLE,1920,0
SLE,1921,0
SLE,1922,0
SLE,1923,0
SLE,1924,0
SLE,1925,0
SLE,1926,0
SLE,1927,0
SLE,1928,0
SLE,1929,0
SLE,1930,0
SLE,1931,0
SLE,1932,0
SLE,1933,0
SLE,1934,0
SLE,1935,0
SLE,1936,0
SLE,1937,0
SLE,1938,0
SLE,1939,0
SLE,1940,0
SLE,1941,0
SLE,1942,0
SLE,1943,0
SLE,1944,0
SLE,1945,0
SLE,1946,0
SLE,1947,0
SLE,1948,0
SLE,1949,0
SLE,1950,0.158
SLE,1951,0.095
SLE,1952,0.18
SLE,1953,0.169
SLE,1954,0.125
SLE,1955,0.183
SLE,1956,0.18
SLE,1957,0.388
SLE,1958,0.209
SLE,1959,0.234
SLE,1960,0.714
SLE,1961,0.289
SLE,1962,0.326
SLE,1963,0.37
SLE,1964,0.304
SLE,1965,0.282
SLE,1966,0.3
SLE,1967,0.253
SLE,1968,0.363
SLE,1969,1.085
SLE,1970,0.857
SLE,1971,0.802
SLE,1972,0.678
SLE,1973,0.539
SLE,1974,0.52
SLE,1975,0.524
SLE,1976,0.451
SLE,1977,0.513
SLE,1978,0.711
SLE,1979,0.678
SLE,1980,0.608
SLE,1981,0.692
SLE,1982,0.553
SLE,1983,0.689
SLE,1984,0.616
SLE,1985,0.663
SLE,1986,0.674
SLE,1987,0.498
SLE,1988,0.458
SLE,1989,0.374
SLE,1990,0.498
SLE,1991,0.557
SLE,1992,0.282
SLE,1993,0.264
SLE,1994,0.275
SLE,1995,0.224
SLE,1996,0.231
SLE,1997,0.205
SLE,1998,0.22
SLE,1999,0.176
SLE,2000,0.271
SLE,2001,0.374
SLE,2002,0.502
SLE,2003,0.539
SLE,2004,0.52
SLE,2005,0.432
SLE,2006,0.575
SLE,2007,0.487
SLE,2008,0.506
SLE,2009,0.502
SLE,2010,0.546
SLE,2011,0.714
SLE,2012,0.832
SLE,2013,1.052
SLE,2014,1.129
SLE,2015,1.084
SLE,2016,1.14
SLE,2017,1.096
SLE,2018,1.037
SLE,2019,1.118
SLE,2020,1.187
SLE,2021,1.484
SLE,2022,1.444
SLE,2023,1.38
SLE,2024,1.434
SLV,1750,0
SLV,1751,0
SLV,1752,0
SLV,1753,0
SLV,1754,0
SLV,1755,0
SLV,1756,0
SLV,1757,0
SLV,1758,0
SLV,1759,0
SLV,1760,0
SLV,1761,0
SLV,1762,0
SLV,1763,0
SLV,1764,0
SLV,1765,0
SLV,1766,0
SLV,1767,0
SLV,1768,0
SLV,1769,0
SLV,1770,0
SLV,1771,0
SLV,1772,0
SLV,1773,0
SLV,1774,0
SLV,1775,0
SLV,1776,0
SLV,1777,0
SLV,1778,0
SLV,1779,0
SLV,1780,0
SLV,1781,0
SLV,1782,0
SLV,1783,0
SLV,1784,0
SLV,1785,0
SLV,1786,0
SLV,1787,0
SLV,1788,0
SLV,1789,0
SLV,1790,0
SLV,1791,0
SLV,1792,0
SLV,1793,0
SLV,1794,0
SLV,1795,0
SLV,1796,0
SLV,1797,0
SLV,1798,0
SLV,1799,0
SLV,1800,0
SLV,1801,0
SLV,1802,0
SLV,1803,0
SLV,1804,0
SLV,1805,0
SLV,1806,0
SLV,1807,0
SLV,1808,0
SLV,1809,0
SLV,1810,0
SLV,1811,0
SLV,1812,0
SLV,1813,0
SLV,1814,0
SLV,1815,0
SLV,1816,0
SLV,1817,0
SLV,1818,0
SLV,1819,0
SLV,1820,0
SLV,1821,0
SLV,1822,0
SLV,1823,0
SLV,1824,0
SLV,1825,0
SLV,1826,0
SLV,1827,0
SLV,1828,0
SLV,1829,0
SLV,1830,0
SLV,1831,0
SLV,1832,0
SLV,1833,0
SLV,1834,0
SLV,1835,0
SLV,1836,0
SLV,1837,0
SLV,1838,0
SLV,1839,0
SLV,1840,0
SLV,1841,0
SLV,1842,0
SLV,1843,0
SLV,1844,0
SLV,1845,0
SLV,1846,0
SLV,1847,0
SLV,1848,0
SLV,1849,0
SLV,1850,0
SLV,1851,0
SLV,1852,0
SLV,1853,0
SLV,1854,0
SLV,1855,0
SLV,1856,0
SLV,1857,0
SLV,1858,0
SLV,1859,0
SLV,1860,0
SLV,1861,0
SLV,1862,0
SLV,1863,0
SLV,1864,0
SLV,1865,0
SLV,1866,0
SLV,1867,0
SLV,1868,0
SLV,1869,0
SLV,1870,0
SLV,1871,0
SLV,1872,0
SLV,1873,0
SLV,1874,0
SLV,1875,0
SLV,1876,0
SLV,1877,0
SLV,1878,0
SLV,1879,0
SLV,1880,0
SLV,1881,0
SLV,1882,0
SLV,1883,0
SLV,1884,0
SLV,1885,0
SLV,1886,0
SLV,1887,0
SLV,1888,0
SLV,1889,0
SLV,1890,0
SLV,1891,0
SLV,1892,0
SLV,1893,0
SLV,1894,0
SLV,1895,0
SLV,1896,0.006
SLV,1897,0.008
SLV,1898,0
SLV,1899,0.002
SLV,1900,0
SLV,1901,0
SLV,1902,0
SLV,1903,0
SLV,1904,0
SLV,1905,0
SLV,1906,0.001
SLV,1907,0.001
SLV,1908,0
SLV,1909,0
SLV,1910,0
SLV,1911,0
SLV,1912,0
SLV,1913,0.004
SLV,1914,0
SLV,1915,0
SLV,1916,0
SLV,1917,0
SLV,1918,0
SLV,1919,0.006
SLV,1920,0.008
SLV,1921,0
SLV,1922,0
SLV,1923,0
SLV,1924,0
SLV,1925,0
SLV,1926,0
SLV,1927,0.01
SLV,1928,0.011
SLV,1929,0.013
SLV,1930,0.001
SLV,1931,0
SLV,1932,0.01
SLV,1933,0.009
SLV,1934,0
SLV,1935,0.002
SLV,1936,0
SLV,1937,0
SLV,1938,0
SLV,1939,0.001
SLV,1940,0
SLV,1941,0
SLV,1942,0
SLV,1943,0.001
SLV,1944,0
SLV,1945,0
SLV,1946,0
SLV,1947,0
SLV,1948,0.001
SLV,1949,0
SLV,1950,0.268
SLV,1951,0.323
SLV,1952,0.389
SLV,1953,0.418
SLV,1954,0.47
SLV,1955,0.462
SLV,1956,0.527
SLV,1957,0.597
SLV,1958,0.597
SLV,1959,0.604
SLV,1960,0.619
SLV,1961,0.582
SLV,1962,0.648
SLV,1963,1.125
SLV,1964,1.231
SLV,1965,1.04
SLV,1966,1.304
SLV,1967,1.157
SLV,1968,1.26
SLV,1969,1.19
SLV,1970,1.428
SLV,1971,1.509
SLV,1972,1.677
SLV,1973,1.967
SLV,1974,1.97
SLV,1975,2.105
SLV,1976,2.207
SLV,1977,2.281
SLV,1978,2.381
SLV,1979,2.376
SLV,1980,2.118
SLV,1981,1.818
SLV,1982,1.751
SLV,1983,1.884
SLV,1984,1.587
SLV,1985,1.963
SLV,1986,1.965
SLV,1987,2.411
SLV,1988,2.43
SLV,1989,2.544
SLV,1990,2.471
SLV,1991,3.149
SLV,1992,3.313
SLV,1993,3.966
SLV,1994,4.502
SLV,1995,4.986
SLV,1996,4.4
SLV,1997,5.398
SLV,1998,5.711
SLV,1999,5.567
SLV,2000,5.648
SLV,2001,5.829
SLV,2002,6.036
SLV,2003,6.396
SLV,2004,6.216
SLV,2005,6.262
SLV,2006,6.689
SLV,2007,6.819
SLV,2008,6.375
SLV,2009,6.283
SLV,2010,6.287
SLV,2011,6.467
SLV,2012,6.436
SLV,2013,6.058
SLV,2014,6.12
SLV,2015,6.637
SLV,2016,6.572
SLV,2017,5.942
SLV,2018,6.452
SLV,2019,7.634
SLV,2020,6.135
SLV,2021,6.977
SLV,2022,7.913
SLV,2023,8.67
SLV,2024,8.972
SMR,1850,0
SMR,1851,0
SMR,1852,0
SMR,1853,0
SMR,1854,0
SMR,1855,0
SMR,1856,0
SMR,1857,0
SMR,1858,0
SMR,1859,0
SMR,1860,0
SMR,1861,0
SMR,1862,0
SMR,1863,0
SMR,1864,0
SMR,1865,0
SMR,1866,0
SMR,1867,0
SMR,1868,0
SMR,1869,0
SMR,1870,0
SMR,1871,0
SMR,1872,0
SMR,1873,0
SMR,1874,0
SMR,1875,0
SMR,1876,0
SMR,1877,0
SMR,1878,0
SMR,1879,0
SMR,1880,0
SMR,1881,0
SMR,1882,0
SMR,1883,0
SMR,1884,0
SMR,1885,0
SMR,1886,0
SMR,1887,0
SMR,1888,0
SMR,1889,0
SMR,1890,0
SMR,1891,0
SMR,1892,0
SMR,1893,0
SMR,1894,0
SMR,1895,0
SMR,1896,0
SMR,1897,0
SMR,1898,0
SMR,1899,0
SMR,1900,0
SMR,1901,0
SMR,1902,0
SMR,1903,0
SMR,1904,0
SMR,1905,0
SMR,1906,0
SMR,1907,0
SMR,1908,0
SMR,1909,0
SMR,1910,0
SMR,1911,0
SMR,1912,0
SMR,1913,0
SMR,1914,0
SMR,1915,0
SMR,1916,0
SMR,1917,0
SMR,1918,0
SMR,1919,0
SMR,1920,0
SMR,1921,0
SMR,1922,0
SMR,1923,0
SMR,1924,0
SMR,1925,0
SMR,1926,0
SMR,1927,0
SMR,1928,0
SMR,1929,0
SMR,1930,0
SMR,1931,0
SMR,1932,0
SMR,1933,0
SMR,1934,0
SMR,1935,0
SMR,1936,0
SMR,1937,0
SMR,1938,0
SMR,1939,0
SMR,1940,0
SMR,1941,0
SMR,1942,0
SMR,1943,0
SMR,1944,0
SMR,1945,0
SMR,1946,0
SMR,1947,0
SMR,1948,0
SMR,1949,0
SMR,1950,0
SMR,1951,0
SMR,1952,0
SMR,1953,0
SMR,1954,0
SMR,1955,0
SMR,1956,0
SMR,1957,0
SMR,1958,0
SMR,1959,0
SMR,1960,0
SMR,1961,0
SMR,1962,0
SMR,1963,0
SMR,1964,0
SMR,1965,0
SMR,1966,0
SMR,1967,0
SMR,1968,0
SMR,1969,0
SMR,1970,0
SMR,1971,0
SMR,1972,0
SMR,1973,0
SMR,1974,0
SMR,1975,0
SMR,1976,0
SMR,1977,0
SMR,1978,0
SMR,1979,0
SMR,1980,0
SMR,1981,0
SMR,1982,0
SMR,1983,0
SMR,1984,0
SMR,1985,0
SMR,1986,0
SMR,1987,0
SMR,1988,0
SMR,1989,0
SMR,1990,0
SMR,1991,0
SMR,1992,0
SMR,1993,0
SMR,1994,0
SMR,1995,0
SMR,1996,0
SMR,1997,0
SMR,1998,0
SMR,1999,0
SMR,2000,0
SMR,2001,0
SMR,2002,0
SMR,2003,0
SMR,2004,0
SMR,2005,0
SMR,2006,0
SMR,2007,0
SMR,2008,0
SMR,2009,0
SMR,2010,0
SMR,2011,0
SMR,2012,0
SMR,2013,0
SMR,2014,0
SMR,2015,0
SMR,2016,0
SMR,2017,0
SMR,2018,0
SMR,2019,0
SMR,2020,0
SMR,2021,0
SMR,2022,0
SMR,2023,0
SMR,2024,0
SOM,1850,0
SOM,1851,0
SOM,1852,0
SOM,1853,0
SOM,1854,0
SOM,1855,0
SOM,1856,0
SOM,1857,0
SOM,1858,0
SOM,1859,0
SOM,1860,0
SOM,1861,0
SOM,1862,0
SOM,1863,0
SOM,1864,0
SOM,1865,0
SOM,1866,0
SOM,1867,0
SOM,1868,0
SOM,1869,0
SOM,1870,0
SOM,1871,0
SOM,1872,0
SOM,1873,0
SOM,1874,0
SOM,1875,0
SOM,1876,0
SOM,1877,0
SOM,1878,0
SOM,1879,0
SOM,1880,0
SOM,1881,0
SOM,1882,0
SOM,1883,0
SOM,1884,0
SOM,1885,0
SOM,1886,0
SOM,1887,0
SOM,1888,0
SOM,1889,0
SOM,1890,0
SOM,1891,0
SOM,1892,0
SOM,1893,0
SOM,1894,0
SOM,1895,0
SOM,1896,0
SOM,1897,0
SOM,1898,0
SOM,1899,0
SOM,1900,0
SOM,1901,0
SOM,1902,0
SOM,1903,0
SOM,1904,0
SOM,1905,0
SOM,1906,0
SOM,1907,0
SOM,1908,0
SOM,1909,0
SOM,1910,0
SOM,1911,0
SOM,1912,0
SOM,1913,0
SOM,1914,0
SOM,1915,0
SOM,1916,0
SOM,1917,0
SOM,1918,0
SOM,1919,0
SOM,1920,0
SOM,1921,0
SOM,1922,0
SOM,1923,0
SOM,1924,0
SOM,1925,0
SOM,1926,0
SOM,1927,0
SOM,1928,0
SOM,1929,0
SOM,1930,0
SOM,1931,0
SOM,1932,0
SOM,1933,0
SOM,1934,0
SOM,1935,0
SOM,1936,0
SOM,1937,0
SOM,1938,0
SOM,1939,0
SOM,1940,0
SOM,1941,0
SOM,1942,0
SOM,1943,0
SOM,1944,0
SOM,1945,0
SOM,1946,0
SOM,1947,0
SOM,1948,0
SOM,1949,0
SOM,1950,0.048
SOM,1951,0.048
SOM,1952,0.048
SOM,1953,0.048
SOM,1954,0.048
SOM,1955,0.066
SOM,1956,0.07
SOM,1957,0.073
SOM,1958,0.084
SOM,1959,0.088
SOM,1960,0.084
SOM,1961,0.088
SOM,1962,0.106
SOM,1963,0.103
SOM,1964,0.136
SOM,1965,0.132
SOM,1966,0.139
SOM,1967,0.227
SOM,1968,0.154
SOM,1969,0.161
SOM,1970,0.216
SOM,1971,0.187
SOM,1972,0.234
SOM,1973,0.264
SOM,1974,0.33
SOM,1975,0.502
SOM,1976,0.48
SOM,1977,0.799
SOM,1978,0.557
SOM,1979,0.487
SOM,1980,0.813
SOM,1981,0.275
SOM,1982,0.718
SOM,1983,0.934
SOM,1984,0.714
SOM,1985,0.857
SOM,1986,0.923
SOM,1987,0.993
SOM,1988,1.004
SOM,1989,0.952
SOM,1990,0.782
SOM,1991,0.708
SOM,1992,0.666
SOM,1993,0.626
SOM,1994,0.618
SOM,1995,0.585
SOM,1996,0.575
SOM,1997,0.535
SOM,1998,0.506
SOM,1999,0.487
SOM,2000,0.509
SOM,2001,0.542
SOM,2002,0.575
SOM,2003,0.605
SOM,2004,0.627
SOM,2005,0.649
SOM,2006,0.671
SOM,2007,0.692
SOM,2008,0.722
SOM,2009,0.744
SOM,2010,0.777
SOM,2011,0.81
SOM,2012,0.832
SOM,2013,0.857
SOM,2014,0.887
SOM,2015,0.923
SOM,2016,0.956
SOM,2017,0.993
SOM,2018,1.033
SOM,2019,1.07
SOM,2020,1.14
SOM,2021,1.154
SOM,2022,1.271
SOM,2023,1.296
SOM,2024,1.319
SPM,1851,0
SPM,1852,0
SPM,1853,0
SPM,1854,0
SPM,1855,0
SPM,1856,0
SPM,1857,0
SPM,1858,0
SPM,1859,0
SPM,1860,0
SPM,1861,0
SPM,1862,0
SPM,1863,0
SPM,1864,0
SPM,1865,0
SPM,1866,0
SPM,1867,0
SPM,1868,0
SPM,1869,0
SPM,1870,0
SPM,1871,0
SPM,1872,0
SPM,1873,0
SPM,1874,0
SPM,1875,0
SPM,1876,0
SPM,1877,0
SPM,1878,0
SPM,1879,0
SPM,1880,0
SPM,1881,0
SPM,1882,0
SPM,1883,0
SPM,1884,0
SPM,1885,0
SPM,1886,0
SPM,1887,0
SPM,1888,0
SPM,1889,0
SPM,1890,0
SPM,1891,0
SPM,1892,0
SPM,1893,0
SPM,1894,0
SPM,1895,0
SPM,1896,0
SPM,1897,0
SPM,1898,0
SPM,1899,0
SPM,1900,0
SPM,1901,0
SPM,1902,0
SPM,1903,0
SPM,1904,0
SPM,1905,0
SPM,1906,0
SPM,1907,0
SPM,1908,0
SPM,1909,0
SPM,1910,0
SPM,1911,0
SPM,1912,0
SPM,1913,0
SPM,1914,0
SPM,1915,0
SPM,1916,0
SPM,1917,0
SPM,1918,0
SPM,1919,0
SPM,1920,0
SPM,1921,0
SPM,1922,0
SPM,1923,0
SPM,1924,0
SPM,1925,0
SPM,1926,0
SPM,1927,0
SPM,1928,0
SPM,1929,0
SPM,1930,0
SPM,1931,0
SPM,1932,0
SPM,1933,0
SPM,1934,0
SPM,1935,0
SPM,1936,0
SPM,1937,0
SPM,1938,0
SPM,1939,0
SPM,1940,0
SPM,1941,0
SPM,1942,0
SPM,1943,0
SPM,1944,0
SPM,1945,0
SPM,1946,0
SPM,1947,0
SPM,1948,0
SPM,1949,0
SPM,1950,0.015
SPM,1951,0.022
SPM,1952,0.033
SPM,1953,0.029
SPM,1954,0.033
SPM,1955,0.037
SPM,1956,0.033
SPM,1957,0.04
SPM,1958,0.04
SPM,1959,0.033
SPM,1960,0.037
SPM,1961,0.048
SPM,1962,0.033
SPM,1963,0.037
SPM,1964,0.048
SPM,1965,0.04
SPM,1966,0.044
SPM,1967,0.051
SPM,1968,0.04
SPM,1969,0.033
SPM,1970,0.037
SPM,1971,0.048
SPM,1972,0.07
SPM,1973,0.04
SPM,1974,0.044
SPM,1975,0.033
SPM,1976,0.048
SPM,1977,0.037
SPM,1978,0.033
SPM,1979,0.037
SPM,1980,0.037
SPM,1981,0.04
SPM,1982,0.04
SPM,1983,0.033
SPM,1984,0.037
SPM,1985,0.033
SPM,1986,0.048
SPM,1987,0.051
SPM,1988,0.066
SPM,1989,0.103
SPM,1990,0.092
SPM,1991,0.103
SPM,1992,0.095
SPM,1993,0.073
SPM,1994,0.07
SPM,1995,0.07
SPM,1996,0.07
SPM,1997,0.048
SPM,1998,0.055
SPM,1999,0.055
SPM,2000,0.055
SPM,2001,0.055
SPM,2002,0.059
SPM,2003,0.062
SPM,2004,0.059
SPM,2005,0.062
SPM,2006,0.062
SPM,2007,0.062
SPM,2008,0.062
SPM,2009,0.062
SPM,2010,0.062
SPM,2011,0.066
SPM,2012,0.066
SPM,2013,0.066
SPM,2014,0.066
SPM,2015,0.066
SPM,2016,0.066
SPM,2017,0.066
SPM,2018,0.059
SPM,2019,0.066
SPM,2020,0.062
SPM,2021,0.055
SPM,2022,0.053
SPM,2023,0.053
SPM,2024,0.055
SRB,1850,0
SRB,1851,0
SRB,1852,0
SRB,1853,0
SRB,1854,0
SRB,1855,0
SRB,1856,0
SRB,1857,0
SRB,1858,0
SRB,1859,0
SRB,1860,0
SRB,1861,0
SRB,1862,0
SRB,1863,0
SRB,1864,0
SRB,1865,0
SRB,1866,0
SRB,1867,0
SRB,1868,0
SRB,1869,0
SRB,1870,0
SRB,1871,0
SRB,1872,0
SRB,1873,0
SRB,1874,0
SRB,1875,0
SRB,1876,0
SRB,1877,0
SRB,1878,0
SRB,1879,0
SRB,1880,0
SRB,1881,0
SRB,1882,0
SRB,1883,0
SRB,1884,0
SRB,1885,0.013
SRB,1886,0
SRB,1887,0
SRB,1888,0
SRB,1889,0
SRB,1890,0.039
SRB,1891,0.046
SRB,1892,0.051
SRB,1893,0.09
SRB,1894,0.171
SRB,1895,0.171
SRB,1896,0.191
SRB,1897,0.148
SRB,1898,0.225
SRB,1899,0.263
SRB,1900,0.356
SRB,1901,0.388
SRB,1902,0.364
SRB,1903,0.395
SRB,1904,0.421
SRB,1905,0.457
SRB,1906,0.546
SRB,1907,0.556
SRB,1908,0.599
SRB,1909,0.615
SRB,1910,0.608
SRB,1911,0.659
SRB,1912,0.675
SRB,1913,1.855
SRB,1914,0
SRB,1915,0
SRB,1916,0
SRB,1917,0
SRB,1918,0
SRB,1919,1.329
SRB,1920,1.765
SRB,1921,1.879
SRB,1922,2.731
SRB,1923,2.978
SRB,1924,3.054
SRB,1925,3.352
SRB,1926,3.264
SRB,1927,3.688
SRB,1928,4.198
SRB,1929,4.569
SRB,1930,4.3
SRB,1931,3.983
SRB,1932,3.63
SRB,1933,3.359
SRB,1934,3.496
SRB,1935,3.661
SRB,1936,3.609
SRB,1937,4.019
SRB,1938,3.808
SRB,1939,3.995
SRB,1940,4.587
SRB,1941,0
SRB,1942,0
SRB,1943,0.164
SRB,1944,0.041
SRB,1945,2.319
SRB,1946,4.587
SRB,1947,6.386
SRB,1948,7.196
SRB,1949,8.22
SRB,1950,7.876
SRB,1951,7.454
SRB,1952,7.488
SRB,1953,7.436
SRB,1954,8.873
SRB,1955,10.163
SRB,1956,11.621
SRB,1957,12.623
SRB,1958,12.435
SRB,1959,14.266
SRB,1960,15.587
SRB,1961,16.349
SRB,1962,16.779
SRB,1963,18.666
SRB,1964,21.147
SRB,1965,21.759
SRB,1966,21.564
SRB,1967,21.783
SRB,1968,23.3
SRB,1969,24.161
SRB,1970,31.562
SRB,1971,34.012
SRB,1972,31.878
SRB,1973,38.067
SRB,1974,38.223
SRB,1975,39.875
SRB,1976,41.141
SRB,1977,39.997
SRB,1978,44.675
SRB,1979,48.573
SRB,1980,47.741
SRB,1981,51.955
SRB,1982,47.704
SRB,1983,51.365
SRB,1984,54.166
SRB,1985,55.244
SRB,1986,57.68
SRB,1987,56.298
SRB,1988,58.082
SRB,1989,57.897
SRB,1990,57.538
SRB,1991,40.577
SRB,1992,43.636
SRB,1993,37.997
SRB,1994,36.967
SRB,1995,39.047
SRB,1996,45.696
SRB,1997,49.098
SRB,1998,51.691
SRB,1999,35.652
SRB,2000,39.606
SRB,2001,42.541
SRB,2002,45.486
SRB,2003,48.649
SRB,2004,52.942
SRB,2005,50.058
SRB,2006,53.721
SRB,2007,52.16
SRB,2008,51.737
SRB,2009,45.92
SRB,2010,45.694
SRB,2011,48.956
SRB,2012,43.764
SRB,2013,44.576
SRB,2014,37.331
SRB,2015,43.897
SRB,2016,45.193
SRB,2017,45.673
SRB,2018,44.478
SRB,2019,44.445
SRB,2020,45.356
SRB,2021,43.886
SRB,2022,44.462
SRB,2023,42.907
SRB,2024,42.019
SSD,1850,0
SSD,1851,0
SSD,1852,0
SSD,1853,0
SSD,1854,0
SSD,1855,0
SSD,1856,0
SSD,1857,0
SSD,1858,0
SSD,1859,0
SSD,1860,0
SSD,1861,0
SSD,1862,0
SSD,1863,0
SSD,1864,0
SSD,1865,0
SSD,1866,0
SSD,1867,0
SSD,1868,0
SSD,1869,0
SSD,1870,0
SSD,1871,0
SSD,1872,0
SSD,1873,0
SSD,1874,0
SSD,1875,0
SSD,1876,0
SSD,1877,0
SSD,1878,0
SSD,1879,0
SSD,1880,0
SSD,1881,0
SSD,1882,0
SSD,1883,0
SSD,1884,0
SSD,1885,0
SSD,1886,0
SSD,1887,0
SSD,1888,0
SSD,1889,0
SSD,1890,0
SSD,1891,0
SSD,1892,0
SSD,1893,0
SSD,1894,0
SSD,1895,0
SSD,1896,0
SSD,1897,0
SSD,1898,0
SSD,1899,0
SSD,1900,0
SSD,1901,0
SSD,1902,0
SSD,1903,0
SSD,1904,0
SSD,1905,0
SSD,1906,0
SSD,1907,0
SSD,1908,0
SSD,1909,0
SSD,1910,0
SSD,1911,0
SSD,1912,0
SSD,1913,0
SSD,1914,0
SSD,1915,0
SSD,1916,0
SSD,1917,0
SSD,1918,0
SSD,1919,0
SSD,1920,0
SSD,1921,0
SSD,1922,0
SSD,1923,0
SSD,1924,0
SSD,1925,0
SSD,1926,0
SSD,1927,0
SSD,1928,0
SSD,1929,0
SSD,1930,0
SSD,1931,0
SSD,1932,0
SSD,1933,0
SSD,1934,0
SSD,1935,0
SSD,1936,0
SSD,1937,0
SSD,1938,0
SSD,1939,0
SSD,1940,0
SSD,1941,0
SSD,1942,0
SSD,1943,0
SSD,1944,0
SSD,1945,0
SSD,1946,0
SSD,1947,0
SSD,1948,0
SSD,1949,0
SSD,1950,0.044
SSD,1951,0.058
SSD,1952,0.061
SSD,1953,0.067
SSD,1954,0.066
SSD,1955,0.075
SSD,1956,0.072
SSD,1957,0.093
SSD,1958,0.104
SSD,1959,0.11
SSD,1960,0.109
SSD,1961,0.112
SSD,1962,0.119
SSD,1963,0.135
SSD,1964,0.15
SSD,1965,0.195
SSD,1966,0.213
SSD,1967,0.256
SSD,1968,0.25
SSD,1969,0.337
SSD,1970,0.391
SSD,1971,0.401
SSD,1972,0.433
SSD,1973,0.437
SSD,1974,0.457
SSD,1975,0.341
SSD,1976,0.302
SSD,1977,0.306
SSD,1978,0.277
SSD,1979,0.287
SSD,1980,0.301
SSD,1981,0.293
SSD,1982,0.308
SSD,1983,0.314
SSD,1984,0.282
SSD,1985,0.328
SSD,1986,0.342
SSD,1987,0.27
SSD,1988,0.39
SSD,1989,0.302
SSD,1990,0.419
SSD,1991,0.393
SSD,1992,0.351
SSD,1993,0.242
SSD,1994,0.333
SSD,1995,0.344
SSD,1996,0.355
SSD,1997,0.435
SSD,1998,0.377
SSD,1999,0.409
SSD,2000,0.445
SSD,2001,0.511
SSD,2002,0.652
SSD,2003,0.728
SSD,2004,0.92
SSD,2005,0.882
SSD,2006,0.965
SSD,2007,1.134
SSD,2008,1.198
SSD,2009,1.248
SSD,2010,1.27
SSD,2011,1.239
SSD,2012,1.33
SSD,2013,1.444
SSD,2014,1.499
SSD,2015,1.913
SSD,2016,1.704
SSD,2017,1.455
SSD,2018,1.737
SSD,2019,1.77
SSD,2020,1.707
SSD,2021,1.74
SSD,2022,1.634
SSD,2023,1.666
SSD,2024,1.696
STP,1850,0
STP,1851,0
STP,1852,0
STP,1853,0
STP,1854,0
STP,1855,0
STP,1856,0
STP,1857,0
STP,1858,0
STP,1859,0
STP,1860,0
STP,1861,0
STP,1862,0
STP,1863,0
STP,1864,0
STP,1865,0
STP,1866,0
STP,1867,0
STP,1868,0
STP,1869,0
STP,1870,0
STP,1871,0
STP,1872,0
STP,1873,0
STP,1874,0
STP,1875,0
STP,1876,0
STP,1877,0
STP,1878,0
STP,1879,0
STP,1880,0
STP,1881,0
STP,1882,0
STP,1883,0
STP,1884,0
STP,1885,0
STP,1886,0
STP,1887,0
STP,1888,0
STP,1889,0
STP,1890,0
STP,1891,0
STP,1892,0
STP,1893,0
STP,1894,0
STP,1895,0
STP,1896,0
STP,1897,0
STP,1898,0
STP,1899,0
STP,1900,0
STP,1901,0
STP,1902,0
STP,1903,0
STP,1904,0
STP,1905,0
STP,1906,0
STP,1907,0
STP,1908,0
STP,1909,0
STP,1910,0
STP,1911,0
STP,1912,0
STP,1913,0
STP,1914,0
STP,1915,0
STP,1916,0
STP,1917,0
STP,1918,0
STP,1919,0
STP,1920,0
STP,1921,0
STP,1922,0
STP,1923,0
STP,1924,0
STP,1925,0
STP,1926,0
STP,1927,0
STP,1928,0
STP,1929,0
STP,1930,0
STP,1931,0
STP,1932,0
STP,1933,0
STP,1934,0
STP,1935,0
STP,1936,0
STP,1937,0
STP,1938,0
STP,1939,0
STP,1940,0
STP,1941,0
STP,1942,0
STP,1943,0
STP,1944,0
STP,1945,0
STP,1946,0
STP,1947,0
STP,1948,0
STP,1949,0
STP,1950,0
STP,1951,0.004
STP,1952,0.004
STP,1953,0.004
STP,1954,0.004
STP,1955,0.004
STP,1956,0.007
STP,1957,0.011
STP,1958,0.007
STP,1959,0.007
STP,1960,0.011
STP,1961,0.011
STP,1962,0.011
STP,1963,0.007
STP,1964,0.011
STP,1965,0.011
STP,1966,0.011
STP,1967,0.011
STP,1968,0.015
STP,1969,0.015
STP,1970,0.015
STP,1971,0.011
STP,1972,0.011
STP,1973,0.015
STP,1974,0.018
STP,1975,0.018
STP,1976,0.029
STP,1977,0.029
STP,1978,0.033
STP,1979,0.033
STP,1980,0.04
STP,1981,0.044
STP,1982,0.048
STP,1983,0.055
STP,1984,0.051
STP,1985,0.055
STP,1986,0.051
STP,1987,0.051
STP,1988,0.048
STP,1989,0.048
STP,1990,0.048
STP,1991,0.048
STP,1992,0.048
STP,1993,0.048
STP,1994,0.048
STP,1995,0.048
STP,1996,0.048
STP,1997,0.048
STP,1998,0.048
STP,1999,0.048
STP,2000,0.051
STP,2001,0.051
STP,2002,0.055
STP,2003,0.062
STP,2004,0.073
STP,2005,0.077
STP,2006,0.081
STP,2007,0.081
STP,2008,0.084
STP,2009,0.092
STP,2010,0.106
STP,2011,0.099
STP,2012,0.11
STP,2013,0.11
STP,2014,0.128
STP,2015,0.136
STP,2016,0.147
STP,2017,0.139
STP,2018,0.139
STP,2019,0.147
STP,2020,0.143
STP,2021,0.143
STP,2022,0.136
STP,2023,0.14
STP,2024,0.142
SUR,1850,0
SUR,1851,0
SUR,1852,0
SUR,1853,0
SUR,1854,0
SUR,1855,0
SUR,1856,0
SUR,1857,0
SUR,1858,0
SUR,1859,0
SUR,1860,0
SUR,1861,0
SUR,1862,0
SUR,1863,0
SUR,1864,0
SUR,1865,0
SUR,1866,0
SUR,1867,0
SUR,1868,0
SUR,1869,0
SUR,1870,0
SUR,1871,0
SUR,1872,0
SUR,1873,0
SUR,1874,0
SUR,1875,0
SUR,1876,0
SUR,1877,0
SUR,1878,0
SUR,1879,0
SUR,1880,0
SUR,1881,0
SUR,1882,0
SUR,1883,0
SUR,1884,0
SUR,1885,0
SUR,1886,0
SUR,1887,0
SUR,1888,0
SUR,1889,0
SUR,1890,0
SUR,1891,0
SUR,1892,0
SUR,1893,0
SUR,1894,0
SUR,1895,0
SUR,1896,0
SUR,1897,0
SUR,1898,0
SUR,1899,0
SUR,1900,0
SUR,1901,0
SUR,1902,0
SUR,1903,0
SUR,1904,0
SUR,1905,0
SUR,1906,0
SUR,1907,0
SUR,1908,0
SUR,1909,0
SUR,1910,0
SUR,1911,0
SUR,1912,0
SUR,1913,0
SUR,1914,0
SUR,1915,0
SUR,1916,0
SUR,1917,0
SUR,1918,0
SUR,1919,0
SUR,1920,0
SUR,1921,0
SUR,1922,0
SUR,1923,0
SUR,1924,0
SUR,1925,0
SUR,1926,0
SUR,1927,0
SUR,1928,0
SUR,1929,0
SUR,1930,0
SUR,1931,0
SUR,1932,0
SUR,1933,0
SUR,1934,0
SUR,1935,0
SUR,1936,0
SUR,1937,0
SUR,1938,0
SUR,1939,0
SUR,1940,0
SUR,1941,0
SUR,1942,0
SUR,1943,0
SUR,1944,0
SUR,1945,0
SUR,1946,0
SUR,1947,0
SUR,1948,0
SUR,1949,0
SUR,1950,0.213
SUR,1951,0.234
SUR,1952,0.267
SUR,1953,0.311
SUR,1954,0.337
SUR,1955,0.311
SUR,1956,0.341
SUR,1957,0.374
SUR,1958,0.319
SUR,1959,0.366
SUR,1960,0.432
SUR,1961,0.429
SUR,1962,0.495
SUR,1963,0.531
SUR,1964,0.605
SUR,1965,0.795
SUR,1966,1.096
SUR,1967,1.334
SUR,1968,1.451
SUR,1969,1.521
SUR,1970,1.608
SUR,1971,1.715
SUR,1972,1.744
SUR,1973,2.107
SUR,1974,1.601
SUR,1975,2.019
SUR,1976,1.997
SUR,1977,1.898
SUR,1978,2.392
SUR,1979,2.293
SUR,1980,2.37
SUR,1981,2.029
SUR,1982,1.871
SUR,1983,1.373
SUR,1984,1.553
SUR,1985,1.597
SUR,1986,1.758
SUR,1987,1.758
SUR,1988,1.875
SUR,1989,1.853
SUR,1990,1.738
SUR,1991,2.024
SUR,1992,2.031
SUR,1993,2.039
SUR,1994,2.043
SUR,1995,2.061
SUR,1996,2.083
SUR,1997,2.105
SUR,1998,2.105
SUR,1999,2.123
SUR,2000,2.193
SUR,2001,2.363
SUR,2002,1.561
SUR,2003,1.539
SUR,2004,1.553
SUR,2005,1.586
SUR,2006,1.74
SUR,2007,1.758
SUR,2008,1.941
SUR,2009,1.989
SUR,2010,2.375
SUR,2011,2.758
SUR,2012,2.494
SUR,2013,3.151
SUR,2014,3.201
SUR,2015,2.714
SUR,2016,2.914
SUR,2017,2.43
SUR,2018,2.093
SUR,2019,2.632
SUR,2020,2.922
SUR,2021,2.647
SUR,2022,2.828
SUR,2023,2.869
SUR,2024,2.988
SVK,1850,0
SVK,1851,0
SVK,1852,0
SVK,1853,0
SVK,1854,0
SVK,1855,0
SVK,1856,0
SVK,1857,0
SVK,1858,0
SVK,1859,0
SVK,1860,0.065
SVK,1861,0.214
SVK,1862,0.364
SVK,1863,0.514
SVK,1864,0.663
SVK,1865,0.813
SVK,1866,0.963
SVK,1867,1.112
SVK,1868,1.262
SVK,1869,1.412
SVK,1870,1.561
SVK,1871,1.711
SVK,1872,1.86
SVK,1873,2.01
SVK,1874,2.16
SVK,1875,2.31
SVK,1876,3.992
SVK,1877,4.195
SVK,1878,4.397
SVK,1879,4.725
SVK,1880,5.006
SVK,1881,5.287
SVK,1882,5.406
SVK,1883,5.775
SVK,1884,5.965
SVK,1885,6.262
SVK,1886,6.583
SVK,1887,6.915
SVK,1888,7.412
SVK,1889,7.847
SVK,1890,8.392
SVK,1891,8.7
SVK,1892,8.832
SVK,1893,9.029
SVK,1894,9.255
SVK,1895,9.606
SVK,1896,9.842
SVK,1897,10.416
SVK,1898,10.649
SVK,1899,10.925
SVK,1900,10.846
SVK,1901,11.333
SVK,1902,11.484
SVK,1903,11.7
SVK,1904,11.814
SVK,1905,12.162
SVK,1906,12.701
SVK,1907,13.348
SVK,1908,13.594
SVK,1909,13.511
SVK,1910,13.37
SVK,1911,13.54
SVK,1912,14.406
SVK,1913,15.069
SVK,1914,13.738
SVK,1915,13.707
SVK,1916,14.589
SVK,1917,13.719
SVK,1918,11.697
SVK,1919,11.05
SVK,1920,10.959
SVK,1921,10.525
SVK,1922,9.393
SVK,1923,9.928
SVK,1924,12.186
SVK,1925,11.468
SVK,1926,11.628
SVK,1927,12.479
SVK,1928,13.138
SVK,1929,14.697
SVK,1930,12.911
SVK,1931,12.077
SVK,1932,10.525
SVK,1933,9.631
SVK,1934,9.618
SVK,1935,9.901
SVK,1936,10.757
SVK,1937,13.026
SVK,1938,14.985
SVK,1939,16.453
SVK,1940,18.547
SVK,1941,18.665
SVK,1942,20.131
SVK,1943,22.226
SVK,1944,21.205
SVK,1945,11.253
SVK,1946,13.971
SVK,1947,15.841
SVK,1948,17.116
SVK,1949,17.993
SVK,1950,18.522
SVK,1951,19.734
SVK,1952,21.101
SVK,1953,21.869
SVK,1954,23.351
SVK,1955,24.233
SVK,1956,26.003
SVK,1957,27.144
SVK,1958,29.659
SVK,1959,29.669
SVK,1960,31.648
SVK,1961,34.352
SVK,1962,36.609
SVK,1963,38.536
SVK,1964,40.107
SVK,1965,39.066
SVK,1966,38.837
SVK,1967,38.743
SVK,1968,40.546
SVK,1969,43.05
SVK,1970,49.369
SVK,1971,51.786
SVK,1972,52.266
SVK,1973,52.476
SVK,1974,53.076
SVK,1975,55.543
SVK,1976,57.714
SVK,1977,59.452
SVK,1978,59.991
SVK,1979,58.425
SVK,1980,59.116
SVK,1981,58.474
SVK,1982,57.917
SVK,1983,57.998
SVK,1984,59.974
SVK,1985,59.167
SVK,1986,59.584
SVK,1987,58.886
SVK,1988,57.92
SVK,1989,55.272
SVK,1990,61.529
SVK,1991,53.334
SVK,1992,48.931
SVK,1993,46.394
SVK,1994,43.804
SVK,1995,44.194
SVK,1996,44.076
SVK,1997,44.147
SVK,1998,43.878
SVK,1999,43.088
SVK,2000,41.187
SVK,2001,43.273
SVK,2002,42.034
SVK,2003,42.359
SVK,2004,42.857
SVK,2005,42.857
SVK,2006,42.639
SVK,2007,41.032
SVK,2008,41.425
SVK,2009,37.681
SVK,2010,38.464
SVK,2011,38.045
SVK,2012,35.961
SVK,2013,35.622
SVK,2014,33.708
SVK,2015,34.528
SVK,2016,34.978
SVK,2017,36.184
SVK,2018,36.184
SVK,2019,33.853
SVK,2020,31.176
SVK,2021,35.251
SVK,2022,31.589
SVK,2023,30.766
SVK,2024,29.091
SVN,1850,0
SVN,1851,0
SVN,1852,0
SVN,1853,0
SVN,1854,0
SVN,1855,0
SVN,1856,0
SVN,1857,0
SVN,1858,0
SVN,1859,0
SVN,1860,0
SVN,1861,0
SVN,1862,0
SVN,1863,0
SVN,1864,0
SVN,1865,0
SVN,1866,0
SVN,1867,0
SVN,1868,0
SVN,1869,0
SVN,1870,0
SVN,1871,0
SVN,1872,0
SVN,1873,0
SVN,1874,0
SVN,1875,0
SVN,1876,0
SVN,1877,0
SVN,1878,0
SVN,1879,0
SVN,1880,0
SVN,1881,0
SVN,1882,0
SVN,1883,0
SVN,1884,0
SVN,1885,0.004
SVN,1886,0
SVN,1887,0
SVN,1888,0
SVN,1889,0
SVN,1890,0.011
SVN,1891,0.013
SVN,1892,0.014
SVN,1893,0.026
SVN,1894,0.049
SVN,1895,0.049
SVN,1896,0.055
SVN,1897,0.043
SVN,1898,0.064
SVN,1899,0.075
SVN,1900,0.102
SVN,1901,0.111
SVN,1902,0.104
SVN,1903,0.113
SVN,1904,0.121
SVN,1905,0.131
SVN,1906,0.156
SVN,1907,0.159
SVN,1908,0.171
SVN,1909,0.176
SVN,1910,0.174
SVN,1911,0.189
SVN,1912,0.193
SVN,1913,0.531
SVN,1914,0
SVN,1915,0
SVN,1916,0
SVN,1917,0
SVN,1918,0
SVN,1919,0.381
SVN,1920,0.505
SVN,1921,0.538
SVN,1922,0.782
SVN,1923,0.853
SVN,1924,0.874
SVN,1925,0.96
SVN,1926,0.935
SVN,1927,1.056
SVN,1928,1.194
SVN,1929,1.308
SVN,1930,1.231
SVN,1931,1.132
SVN,1932,1.033
SVN,1933,0.955
SVN,1934,0.994
SVN,1935,1.04
SVN,1936,1.027
SVN,1937,1.145
SVN,1938,1.083
SVN,1939,1.137
SVN,1940,1.314
SVN,1941,0
SVN,1942,0
SVN,1943,0.047
SVN,1944,0.012
SVN,1945,0.663
SVN,1946,1.307
SVN,1947,1.816
SVN,1948,2.049
SVN,1949,2.341
SVN,1950,2.243
SVN,1951,2.122
SVN,1952,2.131
SVN,1953,2.116
SVN,1954,2.526
SVN,1955,2.894
SVN,1956,3.312
SVN,1957,3.594
SVN,1958,3.54
SVN,1959,4.062
SVN,1960,4.438
SVN,1961,4.657
SVN,1962,4.778
SVN,1963,5.315
SVN,1964,6.024
SVN,1965,6.198
SVN,1966,6.141
SVN,1967,6.203
SVN,1968,6.633
SVN,1969,6.877
SVN,1970,8.992
SVN,1971,9.685
SVN,1972,9.063
SVN,1973,10.827
SVN,1974,10.866
SVN,1975,11.33
SVN,1976,11.684
SVN,1977,11.349
SVN,1978,12.68
SVN,1979,13.79
SVN,1980,13.545
SVN,1981,14.726
SVN,1982,13.51
SVN,1983,14.552
SVN,1984,15.35
SVN,1985,15.658
SVN,1986,16.352
SVN,1987,15.935
SVN,1988,16.515
SVN,1989,16.434
SVN,1990,15.097
SVN,1991,13.977
SVN,1992,13.886
SVN,1993,14.254
SVN,1994,14.639
SVN,1995,15.357
SVN,1996,16.003
SVN,1997,16.513
SVN,1998,16.045
SVN,1999,15.419
SVN,2000,15.06
SVN,2001,16.309
SVN,2002,16.571
SVN,2003,16.278
SVN,2004,16.711
SVN,2005,16.942
SVN,2006,17.184
SVN,2007,17.349
SVN,2008,18.285
SVN,2009,16.209
SVN,2010,16.466
SVN,2011,16.364
SVN,2012,15.765
SVN,2013,15.137
SVN,2014,13.568
SVN,2015,13.659
SVN,2016,14.468
SVN,2017,14.637
SVN,2018,14.563
SVN,2019,14.053
SVN,2020,12.873
SVN,2021,13.076
SVN,2022,12.728
SVN,2023,12.012
SVN,2024,12.751
SWE,1834,0.033
SWE,1839,0.044
SWE,1840,0.04
SWE,1841,0.04
SWE,1842,0.081
SWE,1843,0.059
SWE,1844,0.099
SWE,1845,0.088
SWE,1846,0.081
SWE,1847,0.081
SWE,1848,0.139
SWE,1849,0.194
SWE,1850,0.202
SWE,1851,0.216
SWE,1852,0.216
SWE,1853,0.227
SWE,1854,0.337
SWE,1855,0.315
SWE,1856,0.476
SWE,1857,0.612
SWE,1858,0.513
SWE,1859,0.755
SWE,1860,0.751
SWE,1861,0.967
SWE,1862,0.986
SWE,1863,0.986
SWE,1864,1.037
SWE,1865,1.081
SWE,1866,1.114
SWE,1867,1.037
SWE,1868,1.224
SWE,1869,1.088
SWE,1870,1.341
SWE,1871,1.433
SWE,1872,1.711
SWE,1873,1.737
SWE,1874,1.872
SWE,1875,2.275
SWE,1876,2.429
SWE,1877,2.572
SWE,1878,2.18
SWE,1879,2.213
SWE,1880,2.829
SWE,1881,2.752
SWE,1882,3.147
SWE,1883,3.217
SWE,1884,3.55
SWE,1885,3.829
SWE,1886,3.752
SWE,1887,3.803
SWE,1888,4.247
SWE,1889,4.957
SWE,1890,4.946
SWE,1891,5.28
SWE,1892,5.251
SWE,1893,5.28
SWE,1894,5.892
SWE,1895,5.954
SWE,1896,6.156
SWE,1897,6.855
SWE,1898,7.299
SWE,1899,9.134
SWE,1900,9.171
SWE,1901,8.522
SWE,1902,8.926
SWE,1903,9.805
SWE,1904,10.325
SWE,1905,10.164
SWE,1906,11.292
SWE,1907,12.773
SWE,1908,13.755
SWE,1909,12.67
SWE,1910,13.117
SWE,1911,12.793
SWE,1912,14.188
SWE,1913,15.953
SWE,1914,14.985
SWE,1915,15.102
SWE,1916,15.932
SWE,1917,6.904
SWE,1918,8.115
SWE,1919,7.797
SWE,1920,10.542
SWE,1921,6.133
SWE,1922,10.127
SWE,1923,12.294
SWE,1924,14.642
SWE,1925,13.12
SWE,1926,12.769
SWE,1927,17.875
SWE,1928,16.245
SWE,1929,19.37
SWE,1930,18.932
SWE,1931,18.944
SWE,1932,18.737
SWE,1933,19.517
SWE,1934,21.733
SWE,1935,22.864
SWE,1936,25.048
SWE,1937,28.942
SWE,1938,26.135
SWE,1939,29.3
SWE,1940,18.475
SWE,1941,15.042
SWE,1942,13.022
SWE,1943,15.836
SWE,1944,12.442
SWE,1945,4.549
SWE,1946,17.376
SWE,1947,25.092
SWE,1948,30.801
SWE,1949,26.832
SWE,1950,28.659
SWE,1951,33.481
SWE,1952,34.565
SWE,1953,32.56
SWE,1954,34.505
SWE,1955,39.107
SWE,1956,43.383
SWE,1957,38.847
SWE,1958,42.075
SWE,1959,42.392
SWE,1960,49.171
SWE,1961,48.803
SWE,1962,51.273
SWE,1963,55.313
SWE,1964,60.368
SWE,1965,62.566
SWE,1966,72.517
SWE,1967,68.93
SWE,1968,77.61
SWE,1969,86.385
SWE,1970,92.287
SWE,1971,84.509
SWE,1972,84.703
SWE,1973,87.29
SWE,1974,79.823
SWE,1975,80.76
SWE,1976,88.241
SWE,1977,85.74
SWE,1978,79.477
SWE,1979,84.869
SWE,1980,71.714
SWE,1981,69.389
SWE,1982,62.257
SWE,1983,58.268
SWE,1984,57.308
SWE,1985,62.364
SWE,1986,62.01
SWE,1987,59.695
SWE,1988,57.425
SWE,1989,55.521
SWE,1990,57.417
SWE,1991,57.664
SWE,1992,57.51
SWE,1993,57.517
SWE,1994,59.997
SWE,1995,59.487
SWE,1996,63.349
SWE,1997,58.355
SWE,1998,58.767
SWE,1999,55.937
SWE,2000,54.892
SWE,2001,55.782
SWE,2002,56.634
SWE,2003,57.221
SWE,2004,56.428
SWE,2005,53.787
SWE,2006,53.651
SWE,2007,52.879
SWE,2008,50.765
SWE,2009,47.143
SWE,2010,53.029
SWE,2011,49.114
SWE,2012,46.607
SWE,2013,45.106
SWE,2014,43.385
SWE,2015,43.31
SWE,2016,43.308
SWE,2017,42.355
SWE,2018,41.856
SWE,2019,40.772
SWE,2020,36.622
SWE,2021,38.568
SWE,2022,36.342
SWE,2023,36.709
SWE,2024,38.097
SWZ,1850,0
SWZ,1851,0
SWZ,1852,0
SWZ,1853,0
SWZ,1854,0
SWZ,1855,0
SWZ,1856,0
SWZ,1857,0
SWZ,1858,0
SWZ,1859,0
SWZ,1860,0
SWZ,1861,0
SWZ,1862,0
SWZ,1863,0
SWZ,1864,0
SWZ,1865,0
SWZ,1866,0
SWZ,1867,0
SWZ,1868,0
SWZ,1869,0
SWZ,1870,0
SWZ,1871,0
SWZ,1872,0
SWZ,1873,0
SWZ,1874,0
SWZ,1875,0
SWZ,1876,0
SWZ,1877,0
SWZ,1878,0
SWZ,1879,0
SWZ,1880,0
SWZ,1881,0
SWZ,1882,0
SWZ,1883,0
SWZ,1884,0
SWZ,1885,0
SWZ,1886,0
SWZ,1887,0
SWZ,1888,0
SWZ,1889,0
SWZ,1890,0
SWZ,1891,0
SWZ,1892,0
SWZ,1893,0
SWZ,1894,0
SWZ,1895,0
SWZ,1896,0
SWZ,1897,0
SWZ,1898,0
SWZ,1899,0
SWZ,1900,0
SWZ,1901,0
SWZ,1902,0
SWZ,1903,0
SWZ,1904,0
SWZ,1905,0
SWZ,1906,0
SWZ,1907,0
SWZ,1908,0
SWZ,1909,0
SWZ,1910,0
SWZ,1911,0
SWZ,1912,0
SWZ,1913,0
SWZ,1914,0
SWZ,1915,0
SWZ,1916,0
SWZ,1917,0
SWZ,1918,0
SWZ,1919,0
SWZ,1920,0
SWZ,1921,0
SWZ,1922,0
SWZ,1923,0
SWZ,1924,0
SWZ,1925,0
SWZ,1926,0
SWZ,1927,0
SWZ,1928,0
SWZ,1929,0
SWZ,1930,0
SWZ,1931,0
SWZ,1932,0
SWZ,1933,0
SWZ,1934,0
SWZ,1935,0
SWZ,1936,0
SWZ,1937,0
SWZ,1938,0
SWZ,1939,0
SWZ,1940,0
SWZ,1941,0
SWZ,1942,0
SWZ,1943,0
SWZ,1944,0
SWZ,1945,0
SWZ,1946,0
SWZ,1947,0
SWZ,1948,0
SWZ,1949,0
SWZ,1950,0.004
SWZ,1951,0.004
SWZ,1952,0.004
SWZ,1953,0.004
SWZ,1954,0.004
SWZ,1955,0.004
SWZ,1956,0.004
SWZ,1957,0.004
SWZ,1958,0.004
SWZ,1959,0.004
SWZ,1960,0.033
SWZ,1961,0.004
SWZ,1962,0
SWZ,1963,0
SWZ,1964,0.011
SWZ,1965,0.081
SWZ,1966,0.202
SWZ,1967,0.227
SWZ,1968,0.278
SWZ,1969,0.304
SWZ,1970,0.366
SWZ,1971,0.399
SWZ,1972,0.381
SWZ,1973,0.37
SWZ,1974,0.311
SWZ,1975,0.337
SWZ,1976,0.333
SWZ,1977,0.341
SWZ,1978,0.44
SWZ,1979,0.447
SWZ,1980,0.465
SWZ,1981,0.436
SWZ,1982,0.436
SWZ,1983,0.271
SWZ,1984,0.333
SWZ,1985,0.44
SWZ,1986,0.458
SWZ,1987,0.436
SWZ,1988,0.436
SWZ,1989,0.436
SWZ,1990,0.96
SWZ,1991,0.872
SWZ,1992,0.832
SWZ,1993,0.707
SWZ,1994,1.077
SWZ,1995,1.059
SWZ,1996,0.788
SWZ,1997,1.14
SWZ,1998,1.161
SWZ,1999,1.242
SWZ,2000,1.205
SWZ,2001,1.099
SWZ,2002,1.081
SWZ,2003,1.004
SWZ,2004,1.004
SWZ,2005,1.015
SWZ,2006,1.015
SWZ,2007,1.044
SWZ,2008,1.019
SWZ,2009,1.055
SWZ,2010,0.997
SWZ,2011,0.96
SWZ,2012,1.11
SWZ,2013,1.315
SWZ,2014,0.762
SWZ,2015,0.85
SWZ,2016,1.022
SWZ,2017,0.971
SWZ,2018,1.015
SWZ,2019,1.099
SWZ,2020,0.989
SWZ,2021,0.989
SWZ,2022,1.028
SWZ,2023,1.03
SWZ,2024,1.045
SXM,1851,0
SXM,1852,0
SXM,1853,0
SXM,1854,0
SXM,1855,0
SXM,1856,0
SXM,1857,0
SXM,1858,0
SXM,1859,0
SXM,1860,0
SXM,1861,0
SXM,1862,0
SXM,1863,0
SXM,1864,0
SXM,1865,0
SXM,1866,0
SXM,1867,0
SXM,1868,0
SXM,1869,0
SXM,1870,0
SXM,1871,0
SXM,1872,0
SXM,1873,0
SXM,1874,0
SXM,1875,0
SXM,1876,0
SXM,1877,0
SXM,1878,0
SXM,1879,0
SXM,1880,0
SXM,1881,0
SXM,1882,0
SXM,1883,0
SXM,1884,0
SXM,1885,0
SXM,1886,0
SXM,1887,0
SXM,1888,0
SXM,1889,0
SXM,1890,0
SXM,1891,0
SXM,1892,0
SXM,1893,0
SXM,1894,0
SXM,1895,0
SXM,1896,0
SXM,1897,0
SXM,1898,0
SXM,1899,0
SXM,1900,0
SXM,1901,0
SXM,1902,0
SXM,1903,0
SXM,1904,0
SXM,1905,0
SXM,1906,0
SXM,1907,0
SXM,1908,0
SXM,1909,0
SXM,1910,0
SXM,1911,0
SXM,1912,0
SXM,1913,0
SXM,1914,0
SXM,1915,0
SXM,1916,0
SXM,1917,0
SXM,1918,0
SXM,1919,0
SXM,1920,0
SXM,1921,0
SXM,1922,0
SXM,1923,0
SXM,1924,0
SXM,1925,0
SXM,1926,0
SXM,1927,0
SXM,1928,0
SXM,1929,0
SXM,1930,0
SXM,1931,0
SXM,1932,0
SXM,1933,0
SXM,1934,0
SXM,1935,0
SXM,1936,0
SXM,1937,0
SXM,1938,0
SXM,1939,0
SXM,1940,0
SXM,1941,0
SXM,1942,0
SXM,1943,0
SXM,1944,0
SXM,1945,0
SXM,1946,0
SXM,1947,0
SXM,1948,0
SXM,1949,0
SXM,1950,0.683
SXM,1951,1.077
SXM,1952,0.622
SXM,1953,0.719
SXM,1954,1.455
SXM,1955,1.204
SXM,1956,1.557
SXM,1957,1.063
SXM,1958,0.931
SXM,1959,1.199
SXM,1960,1.031
SXM,1961,1.076
SXM,1962,1.181
SXM,1963,1.132
SXM,1964,1.1
SXM,1965,0.987
SXM,1966,0.923
SXM,1967,1.137
SXM,1968,1.057
SXM,1969,1.384
SXM,1970,1.548
SXM,1971,1.347
SXM,1972,1.306
SXM,1973,1.449
SXM,1974,1.313
SXM,1975,0.951
SXM,1976,2.032
SXM,1977,1.061
SXM,1978,0.904
SXM,1979,0.948
SXM,1980,0.976
SXM,1981,0.929
SXM,1982,1.039
SXM,1983,0.534
SXM,1984,1.333
SXM,1985,1.561
SXM,1986,0.299
SXM,1987,0.266
SXM,1988,0.262
SXM,1989,0.499
SXM,1990,0.534
SXM,1991,0.426
SXM,1992,0.351
SXM,1993,0.542
SXM,1994,0.52
SXM,1995,0.514
SXM,1996,0.481
SXM,1997,0.503
SXM,1998,0.028
SXM,1999,0.208
SXM,2000,0.553
SXM,2001,0.563
SXM,2002,0.542
SXM,2003,0.543
SXM,2004,0.57
SXM,2005,0.564
SXM,2006,0.588
SXM,2007,0.662
SXM,2008,0.637
SXM,2009,0.652
SXM,2010,0.449
SXM,2011,0.573
SXM,2012,0.7
SXM,2013,0.714
SXM,2014,0.725
SXM,2015,0.744
SXM,2016,0.747
SXM,2017,0.703
SXM,2018,0.685
SXM,2019,0.689
SXM,2020,0.652
SXM,2021,0.682
SXM,2022,0.692
SXM,2023,0.691
SXM,2024,0.718
SYC,1850,0
SYC,1851,0
SYC,1852,0
SYC,1853,0
SYC,1854,0
SYC,1855,0
SYC,1856,0
SYC,1857,0
SYC,1858,0
SYC,1859,0
SYC,1860,0
SYC,1861,0
SYC,1862,0
SYC,1863,0
SYC,1864,0
SYC,1865,0
SYC,1866,0
SYC,1867,0
SYC,1868,0
SYC,1869,0
SYC,1870,0
SYC,1871,0
SYC,1872,0
SYC,1873,0
SYC,1874,0
SYC,1875,0
SYC,1876,0
SYC,1877,0
SYC,1878,0
SYC,1879,0
SYC,1880,0
SYC,1881,0
SYC,1882,0
SYC,1883,0
SYC,1884,0
SYC,1885,0
SYC,1886,0
SYC,1887,0
SYC,1888,0
SYC,1889,0
SYC,1890,0
SYC,1891,0
SYC,1892,0
SYC,1893,0
SYC,1894,0
SYC,1895,0
SYC,1896,0
SYC,1897,0
SYC,1898,0
SYC,1899,0
SYC,1900,0
SYC,1901,0
SYC,1902,0
SYC,1903,0
SYC,1904,0
SYC,1905,0
SYC,1906,0
SYC,1907,0
SYC,1908,0
SYC,1909,0
SYC,1910,0
SYC,1911,0
SYC,1912,0
SYC,1913,0
SYC,1914,0
SYC,1915,0
SYC,1916,0
SYC,1917,0
SYC,1918,0
SYC,1919,0
SYC,1920,0
SYC,1921,0
SYC,1922,0
SYC,1923,0
SYC,1924,0
SYC,1925,0
SYC,1926,0
SYC,1927,0
SYC,1928,0
SYC,1929,0
SYC,1930,0
SYC,1931,0
SYC,1932,0
SYC,1933,0
SYC,1934,0
SYC,1935,0
SYC,1936,0
SYC,1937,0
SYC,1938,0
SYC,1939,0
SYC,1940,0
SYC,1941,0
SYC,1942,0
SYC,1943,0
SYC,1944,0
SYC,1945,0
SYC,1946,0
SYC,1947,0
SYC,1948,0
SYC,1949,0
SYC,1950,0
SYC,1951,0
SYC,1952,0
SYC,1953,0
SYC,1954,0
SYC,1955,0
SYC,1956,0
SYC,1957,0
SYC,1958,0
SYC,1959,0
SYC,1960,0
SYC,1961,0
SYC,1962,0
SYC,1963,0.007
SYC,1964,0.007
SYC,1965,0.007
SYC,1966,0.007
SYC,1967,0.007
SYC,1968,0.007
SYC,1969,0.007
SYC,1970,0.029
SYC,1971,0.033
SYC,1972,0.044
SYC,1973,0.048
SYC,1974,0.055
SYC,1975,0.059
SYC,1976,0.081
SYC,1977,0.084
SYC,1978,0.077
SYC,1979,0.121
SYC,1980,0.095
SYC,1981,0.099
SYC,1982,0.084
SYC,1983,0.099
SYC,1984,0.099
SYC,1985,0.15
SYC,1986,0.165
SYC,1987,0.202
SYC,1988,0.198
SYC,1989,0.234
SYC,1990,0.15
SYC,1991,0.172
SYC,1992,0.172
SYC,1993,0.183
SYC,1994,0.202
SYC,1995,0.198
SYC,1996,0.234
SYC,1997,0.271
SYC,1998,0.289
SYC,1999,0.304
SYC,2000,0.319
SYC,2001,0.341
SYC,2002,0.348
SYC,2003,0.341
SYC,2004,0.377
SYC,2005,0.381
SYC,2006,0.385
SYC,2007,0.403
SYC,2008,0.414
SYC,2009,0.443
SYC,2010,0.44
SYC,2011,0.403
SYC,2012,0.418
SYC,2013,0.414
SYC,2014,0.458
SYC,2015,0.498
SYC,2016,0.553
SYC,2017,0.575
SYC,2018,0.597
SYC,2019,0.59
SYC,2020,0.597
SYC,2021,0.612
SYC,2022,0.629
SYC,2023,0.641
SYC,2024,0.653
SYR,1850,0
SYR,1851,0
SYR,1852,0
SYR,1853,0
SYR,1854,0
SYR,1855,0
SYR,1856,0
SYR,1857,0
SYR,1858,0
SYR,1859,0
SYR,1860,0
SYR,1861,0
SYR,1862,0
SYR,1863,0
SYR,1864,0
SYR,1865,0
SYR,1866,0
SYR,1867,0
SYR,1868,0
SYR,1869,0
SYR,1870,0
SYR,1871,0
SYR,1872,0
SYR,1873,0
SYR,1874,0
SYR,1875,0
SYR,1876,0
SYR,1877,0
SYR,1878,0
SYR,1879,0
SYR,1880,0
SYR,1881,0
SYR,1882,0
SYR,1883,0
SYR,1884,0
SYR,1885,0
SYR,1886,0
SYR,1887,0
SYR,1888,0
SYR,1889,0
SYR,1890,0
SYR,1891,0
SYR,1892,0
SYR,1893,0
SYR,1894,0
SYR,1895,0
SYR,1896,0
SYR,1897,0
SYR,1898,0
SYR,1899,0
SYR,1900,0
SYR,1901,0
SYR,1902,0
SYR,1903,0
SYR,1904,0
SYR,1905,0
SYR,1906,0
SYR,1907,0
SYR,1908,0
SYR,1909,0
SYR,1910,0
SYR,1911,0
SYR,1912,0
SYR,1913,0
SYR,1914,0
SYR,1915,0
SYR,1916,0
SYR,1917,0
SYR,1918,0
SYR,1919,0
SYR,1920,0
SYR,1921,0
SYR,1922,0
SYR,1923,0
SYR,1924,0
SYR,1925,0
SYR,1926,0
SYR,1927,0
SYR,1928,0
SYR,1929,0
SYR,1930,0
SYR,1931,0.004
SYR,1932,0.011
SYR,1933,0.015
SYR,1934,0.011
SYR,1935,0.015
SYR,1936,0.029
SYR,1937,0.062
SYR,1938,0.062
SYR,1939,0.058
SYR,1940,0.022
SYR,1941,0.022
SYR,1942,0.055
SYR,1943,0.036
SYR,1944,0.018
SYR,1945,0.018
SYR,1946,0.022
SYR,1947,0.025
SYR,1948,0.025
SYR,1949,0.029
SYR,1950,0.414
SYR,1951,0.381
SYR,1952,0.476
SYR,1953,0.512
SYR,1954,0.578
SYR,1955,1.644
SYR,1956,2.003
SYR,1957,1.981
SYR,1958,2.168
SYR,1959,2.226
SYR,1960,3.219
SYR,1961,3.061
SYR,1962,3.2
SYR,1963,3.606
SYR,1964,4.361
SYR,1965,3.672
SYR,1966,4.911
SYR,1967,4.603
SYR,1968,5.954
SYR,1969,7.233
SYR,1970,6.65
SYR,1971,8.874
SYR,1972,7.756
SYR,1973,7.885
SYR,1974,9.654
SYR,1975,11.171
SYR,1976,13.742
SYR,1977,14.644
SYR,1978,15.199
SYR,1979,22.515
SYR,1980,20.768
SYR,1981,26.593
SYR,1982,24.44
SYR,1983,27.896
SYR,1984,33.01
SYR,1985,29.569
SYR,1986,31.266
SYR,1987,36.137
SYR,1988,36.86
SYR,1989,34.476
SYR,1990,37.265
SYR,1991,42.425
SYR,1992,42.803
SYR,1993,45.522
SYR,1994,45.956
SYR,1995,46.392
SYR,1996,47.446
SYR,1997,49.605
SYR,1998,53.496
SYR,1999,55.534
SYR,2000,54.527
SYR,2001,51.343
SYR,2002,40.727
SYR,2003,55.377
SYR,2004,51.692
SYR,2005,51.162
SYR,2006,54.04
SYR,2007,66.973
SYR,2008,68.084
SYR,2009,63.261
SYR,2010,62.057
SYR,2011,59.078
SYR,2012,46.339
SYR,2013,34.257
SYR,2014,34.869
SYR,2015,31.115
SYR,2016,29.162
SYR,2017,34.473
SYR,2018,31.771
SYR,2019,33.492
SYR,2020,32.344
SYR,2021,32.508
SYR,2022,31.423
SYR,2023,31.674
SYR,2024,31.778
TCA,1850,0
TCA,1851,0
TCA,1852,0
TCA,1853,0
TCA,1854,0
TCA,1855,0
TCA,1856,0
TCA,1857,0
TCA,1858,0
TCA,1859,0
TCA,1860,0
TCA,1861,0
TCA,1862,0
TCA,1863,0
TCA,1864,0
TCA,1865,0
TCA,1866,0
TCA,1867,0
TCA,1868,0
TCA,1869,0
TCA,1870,0
TCA,1871,0
TCA,1872,0
TCA,1873,0
TCA,1874,0
TCA,1875,0
TCA,1876,0
TCA,1877,0
TCA,1878,0
TCA,1879,0
TCA,1880,0
TCA,1881,0
TCA,1882,0
TCA,1883,0
TCA,1884,0
TCA,1885,0
TCA,1886,0
TCA,1887,0
TCA,1888,0
TCA,1889,0
TCA,1890,0
TCA,1891,0
TCA,1892,0
TCA,1893,0
TCA,1894,0
TCA,1895,0
TCA,1896,0
TCA,1897,0
TCA,1898,0
TCA,1899,0
TCA,1900,0
TCA,1901,0
TCA,1902,0
TCA,1903,0
TCA,1904,0
TCA,1905,0
TCA,1906,0
TCA,1907,0
TCA,1908,0
TCA,1909,0
TCA,1910,0
TCA,1911,0
TCA,1912,0
TCA,1913,0
TCA,1914,0
TCA,1915,0
TCA,1916,0
TCA,1917,0
TCA,1918,0
TCA,1919,0
TCA,1920,0
TCA,1921,0
TCA,1922,0
TCA,1923,0
TCA,1924,0
TCA,1925,0
TCA,1926,0
TCA,1927,0
TCA,1928,0
TCA,1929,0
TCA,1930,0
TCA,1931,0
TCA,1932,0
TCA,1933,0
TCA,1934,0
TCA,1935,0
TCA,1936,0
TCA,1937,0
TCA,1938,0
TCA,1939,0
TCA,1940,0
TCA,1941,0
TCA,1942,0
TCA,1943,0
TCA,1944,0
TCA,1945,0
TCA,1946,0
TCA,1947,0
TCA,1948,0
TCA,1949,0
TCA,1950,0
TCA,1951,0
TCA,1952,0
TCA,1953,0
TCA,1954,0
TCA,1955,0
TCA,1956,0
TCA,1957,0
TCA,1958,0
TCA,1959,0
TCA,1960,0
TCA,1961,0
TCA,1962,0
TCA,1963,0
TCA,1964,0
TCA,1965,0
TCA,1966,0
TCA,1967,0
TCA,1968,0
TCA,1969,0
TCA,1970,0
TCA,1971,0
TCA,1972,0
TCA,1973,0
TCA,1974,0
TCA,1975,0
TCA,1976,0
TCA,1977,0
TCA,1978,0
TCA,1979,0
TCA,1980,0
TCA,1981,0
TCA,1982,0
TCA,1983,0
TCA,1984,0
TCA,1985,0
TCA,1986,0
TCA,1987,0
TCA,1988,0
TCA,1989,0
TCA,1990,0.059
TCA,1991,0.062
TCA,1992,0.062
TCA,1993,0.066
TCA,1994,0.07
TCA,1995,0.073
TCA,1996,0.073
TCA,1997,0.084
TCA,1998,0.088
TCA,1999,0.099
TCA,2000,0.106
TCA,2001,0.114
TCA,2002,0.15
TCA,2003,0.154
TCA,2004,0.161
TCA,2005,0.187
TCA,2006,0.216
TCA,2007,0.253
TCA,2008,0.264
TCA,2009,0.275
TCA,2010,0.282
TCA,2011,0.282
TCA,2012,0.282
TCA,2013,0.286
TCA,2014,0.308
TCA,2015,0.315
TCA,2016,0.326
TCA,2017,0.352
TCA,2018,0.359
TCA,2019,0.363
TCA,2020,0.359
TCA,2021,0.366
TCA,2022,0.366
TCA,2023,0.365
TCA,2024,0.379
TCD,1850,0
TCD,1851,0
TCD,1852,0
TCD,1853,0
TCD,1854,0
TCD,1855,0
TCD,1856,0
TCD,1857,0
TCD,1858,0
TCD,1859,0
TCD,1860,0
TCD,1861,0
TCD,1862,0
TCD,1863,0
TCD,1864,0
TCD,1865,0
TCD,1866,0
TCD,1867,0
TCD,1868,0
TCD,1869,0
TCD,1870,0
TCD,1871,0
TCD,1872,0
TCD,1873,0
TCD,1874,0
TCD,1875,0
TCD,1876,0
TCD,1877,0
TCD,1878,0
TCD,1879,0
TCD,1880,0
TCD,1881,0
TCD,1882,0
TCD,1883,0
TCD,1884,0
TCD,1885,0
TCD,1886,0
TCD,1887,0
TCD,1888,0
TCD,1889,0
TCD,1890,0
TCD,1891,0
TCD,1892,0
TCD,1893,0
TCD,1894,0
TCD,1895,0
TCD,1896,0
TCD,1897,0
TCD,1898,0
TCD,1899,0
TCD,1900,0
TCD,1901,0
TCD,1902,0
TCD,1903,0
TCD,1904,0
TCD,1905,0
TCD,1906,0
TCD,1907,0
TCD,1908,0
TCD,1909,0
TCD,1910,0
TCD,1911,0
TCD,1912,0
TCD,1913,0
TCD,1914,0
TCD,1915,0
TCD,1916,0
TCD,1917,0
TCD,1918,0
TCD,1919,0
TCD,1920,0
TCD,1921,0
TCD,1922,0
TCD,1923,0
TCD,1924,0
TCD,1925,0
TCD,1926,0
TCD,1927,0
TCD,1928,0
TCD,1929,0
TCD,1930,0
TCD,1931,0
TCD,1932,0
TCD,1933,0
TCD,1934,0
TCD,1935,0
TCD,1936,0
TCD,1937,0
TCD,1938,0
TCD,1939,0
TCD,1940,0
TCD,1941,0
TCD,1942,0
TCD,1943,0
TCD,1944,0
TCD,1945,0
TCD,1946,0
TCD,1947,0
TCD,1948,0
TCD,1949,0
TCD,1950,0.03
TCD,1951,0.039
TCD,1952,0.051
TCD,1953,0.043
TCD,1954,0.046
TCD,1955,0.045
TCD,1956,0.059
TCD,1957,0.063
TCD,1958,0.072
TCD,1959,0.062
TCD,1960,0.055
TCD,1961,0.051
TCD,1962,0.084
TCD,1963,0.092
TCD,1964,0.099
TCD,1965,0.106
TCD,1966,0.084
TCD,1967,0.117
TCD,1968,0.125
TCD,1969,0.161
TCD,1970,0.125
TCD,1971,0.15
TCD,1972,0.121
TCD,1973,0.161
TCD,1974,0.15
TCD,1975,0.183
TCD,1976,0.183
TCD,1977,0.198
TCD,1978,0.194
TCD,1979,0.202
TCD,1980,0.209
TCD,1981,0.209
TCD,1982,0.205
TCD,1983,0.205
TCD,1984,0.216
TCD,1985,0.18
TCD,1986,0.187
TCD,1987,0.198
TCD,1988,0.066
TCD,1989,0.103
TCD,1990,0.377
TCD,1991,0.388
TCD,1992,0.403
TCD,1993,0.399
TCD,1994,0.416
TCD,1995,0.427
TCD,1996,0.443
TCD,1997,0.453
TCD,1998,0.464
TCD,1999,0.474
TCD,2000,0.488
TCD,2001,0.506
TCD,2002,0.531
TCD,2003,0.882
TCD,2004,0.906
TCD,2005,0.929
TCD,2006,0.957
TCD,2007,1.089
TCD,2008,0.872
TCD,2009,1.22
TCD,2010,1.236
TCD,2011,1.277
TCD,2012,1.747
TCD,2013,2.082
TCD,2014,2.183
TCD,2015,2.352
TCD,2016,2.382
TCD,2017,2.341
TCD,2018,2.384
TCD,2019,2.3
TCD,2020,2.356
TCD,2021,2.67
TCD,2022,2.8
TCD,2023,2.848
TCD,2024,2.831
TGO,1850,0
TGO,1851,0
TGO,1852,0
TGO,1853,0
TGO,1854,0
TGO,1855,0
TGO,1856,0
TGO,1857,0
TGO,1858,0
TGO,1859,0
TGO,1860,0
TGO,1861,0
TGO,1862,0
TGO,1863,0
TGO,1864,0
TGO,1865,0
TGO,1866,0
TGO,1867,0
TGO,1868,0
TGO,1869,0
TGO,1870,0
TGO,1871,0
TGO,1872,0
TGO,1873,0
TGO,1874,0
TGO,1875,0
TGO,1876,0
TGO,1877,0
TGO,1878,0
TGO,1879,0
TGO,1880,0
TGO,1881,0
TGO,1882,0
TGO,1883,0
TGO,1884,0
TGO,1885,0
TGO,1886,0
TGO,1887,0
TGO,1888,0
TGO,1889,0
TGO,1890,0
TGO,1891,0
TGO,1892,0
TGO,1893,0
TGO,1894,0
TGO,1895,0
TGO,1896,0
TGO,1897,0
TGO,1898,0
TGO,1899,0
TGO,1900,0
TGO,1901,0
TGO,1902,0
TGO,1903,0
TGO,1904,0
TGO,1905,0
TGO,1906,0
TGO,1907,0
TGO,1908,0
TGO,1909,0
TGO,1910,0
TGO,1911,0
TGO,1912,0
TGO,1913,0
TGO,1914,0
TGO,1915,0
TGO,1916,0
TGO,1917,0
TGO,1918,0
TGO,1919,0
TGO,1920,0
TGO,1921,0
TGO,1922,0
TGO,1923,0
TGO,1924,0
TGO,1925,0
TGO,1926,0
TGO,1927,0
TGO,1928,0
TGO,1929,0
TGO,1930,0
TGO,1931,0
TGO,1932,0
TGO,1933,0
TGO,1934,0
TGO,1935,0
TGO,1936,0
TGO,1937,0
TGO,1938,0
TGO,1939,0
TGO,1940,0
TGO,1941,0
TGO,1942,0
TGO,1943,0
TGO,1944,0
TGO,1945,0
TGO,1946,0
TGO,1947,0
TGO,1948,0
TGO,1949,0
TGO,1950,0.026
TGO,1951,0.026
TGO,1952,0.044
TGO,1953,0.029
TGO,1954,0.033
TGO,1955,0.04
TGO,1956,0.04
TGO,1957,0.048
TGO,1958,0.048
TGO,1959,0.055
TGO,1960,0.066
TGO,1961,0.092
TGO,1962,0.088
TGO,1963,0.106
TGO,1964,0.132
TGO,1965,0.132
TGO,1966,0.18
TGO,1967,0.198
TGO,1968,0.194
TGO,1969,0.242
TGO,1970,0.275
TGO,1971,0.315
TGO,1972,0.405
TGO,1973,0.412
TGO,1974,0.39
TGO,1975,0.311
TGO,1976,0.322
TGO,1977,0.462
TGO,1978,0.355
TGO,1979,1.381
TGO,1980,0.794
TGO,1981,0.706
TGO,1982,0.818
TGO,1983,0.624
TGO,1984,0.695
TGO,1985,0.659
TGO,1986,0.848
TGO,1987,0.925
TGO,1988,0.963
TGO,1989,1.024
TGO,1990,0.978
TGO,1991,1.05
TGO,1992,1.03
TGO,1993,1.069
TGO,1994,1.007
TGO,1995,1.175
TGO,1996,1.265
TGO,1997,0.879
TGO,1998,1.29
TGO,1999,1.85
TGO,2000,1.331
TGO,2001,1.159
TGO,2002,1.322
TGO,2003,1.805
TGO,2004,1.744
TGO,2005,1.722
TGO,2006,1.501
TGO,2007,1.517
TGO,2008,1.523
TGO,2009,2.536
TGO,2010,2.596
TGO,2011,2.504
TGO,2012,2.216
TGO,2013,1.635
TGO,2014,1.491
TGO,2015,1.798
TGO,2016,2.293
TGO,2017,1.912
TGO,2018,2.034
TGO,2019,2.364
TGO,2020,2.751
TGO,2021,2.62
TGO,2022,2.739
TGO,2023,2.671
TGO,2024,2.754
THA,1850,0
THA,1851,0
THA,1852,0
THA,1853,0
THA,1854,0
THA,1855,0
THA,1856,0
THA,1857,0
THA,1858,0
THA,1859,0
THA,1860,0
THA,1861,0
THA,1862,0
THA,1863,0
THA,1864,0
THA,1865,0
THA,1866,0
THA,1867,0
THA,1868,0
THA,1869,0
THA,1870,0
THA,1871,0
THA,1872,0
THA,1873,0
THA,1874,0
THA,1875,0
THA,1876,0
THA,1877,0
THA,1878,0
THA,1879,0
THA,1880,0
THA,1881,0
THA,1882,0
THA,1883,0
THA,1884,0
THA,1885,0
THA,1886,0
THA,1887,0
THA,1888,0
THA,1889,0
THA,1890,0
THA,1891,0
THA,1892,0
THA,1893,0
THA,1894,0
THA,1895,0
THA,1896,0
THA,1897,0
THA,1898,0
THA,1899,0
THA,1900,0
THA,1901,0
THA,1902,0
THA,1903,0
THA,1904,0
THA,1905,0
THA,1906,0
THA,1907,0
THA,1908,0
THA,1909,0
THA,1910,0
THA,1911,0
THA,1912,0
THA,1913,0
THA,1914,0
THA,1915,0
THA,1916,0
THA,1917,0
THA,1918,0
THA,1919,0
THA,1920,0
THA,1921,0
THA,1922,0
THA,1923,0
THA,1924,0
THA,1925,0
THA,1926,0
THA,1927,0
THA,1928,0
THA,1929,0
THA,1930,0
THA,1931,0.029
THA,1932,0.025
THA,1933,0.022
THA,1934,0.025
THA,1935,0.025
THA,1936,0.029
THA,1937,0.036
THA,1938,0.04
THA,1939,0.047
THA,1940,0.058
THA,1941,0.058
THA,1942,0
THA,1943,0.033
THA,1944,0.015
THA,1945,0
THA,1946,0
THA,1947,0.029
THA,1948,0.04
THA,1949,0.062
THA,1950,0.956
THA,1951,1.091
THA,1952,1.278
THA,1953,1.644
THA,1954,2.05
THA,1955,2.373
THA,1956,2.618
THA,1957,2.922
THA,1958,3.017
THA,1959,3.321
THA,1960,3.709
THA,1961,4.141
THA,1962,5.029
THA,1963,5.564
THA,1964,7.474
THA,1965,7.445
THA,1966,9.471
THA,1967,12.157
THA,1968,17.083
THA,1969,14.549
THA,1970,15.362
THA,1971,19.213
THA,1972,21.771
THA,1973,24.357
THA,1974,24.116
THA,1975,24.254
THA,1976,28.564
THA,1977,31.878
THA,1978,34.76
THA,1979,36.396
THA,1980,39.751
THA,1981,37.541
THA,1982,37.357
THA,1983,41.785
THA,1984,45.155
THA,1985,47.865
THA,1986,48.97
THA,1987,53.814
THA,1988,60.732
THA,1989,71.696
THA,1990,86.563
THA,1991,95.045
THA,1992,105.513
THA,1993,121.855
THA,1994,136.87
THA,1995,153.65
THA,1996,173.566
THA,1997,181.203
THA,1998,159.704
THA,1999,167.235
THA,2000,167.352
THA,2001,172.267
THA,2002,184.665
THA,2003,191.088
THA,2004,207.331
THA,2005,214.325
THA,2006,215.825
THA,2007,224.083
THA,2008,224.249
THA,2009,228.836
THA,2010,241.019
THA,2011,244.878
THA,2012,262.348
THA,2013,263.754
THA,2014,272.488
THA,2015,277.099
THA,2016,284.045
THA,2017,283.348
THA,2018,288.305
THA,2019,281.877
THA,2020,271.923
THA,2021,267.142
THA,2022,272.573
THA,2023,264.734
THA,2024,267.76
TJK,1830,0
TJK,1831,0
TJK,1832,0
TJK,1833,0
TJK,1850,0
TJK,1851,0
TJK,1852,0
TJK,1853,0
TJK,1854,0
TJK,1855,0.001
TJK,1856,0
TJK,1857,0
TJK,1858,0.002
TJK,1859,0.002
TJK,1860,0.002
TJK,1861,0.003
TJK,1862,0.003
TJK,1863,0.003
TJK,1864,0.003
TJK,1865,0.003
TJK,1866,0.009
TJK,1867,0.01
TJK,1868,0.009
TJK,1869,0.012
TJK,1870,0.013
TJK,1871,0.017
TJK,1872,0.018
TJK,1873,0.016
TJK,1874,0.02
TJK,1875,0.023
TJK,1876,0.029
TJK,1877,0.029
TJK,1878,0.038
TJK,1879,0.039
TJK,1880,0.046
TJK,1881,0.048
TJK,1882,0.051
TJK,1883,0.058
TJK,1884,0.059
TJK,1885,0.064
TJK,1886,0.066
TJK,1887,0.07
TJK,1888,0.073
TJK,1889,0.078
TJK,1890,0.089
TJK,1891,0.098
TJK,1892,0.103
TJK,1893,0.121
TJK,1894,0.123
TJK,1895,0.142
TJK,1896,0.144
TJK,1897,0.167
TJK,1898,0.187
TJK,1899,0.217
TJK,1900,0.246
TJK,1901,0.253
TJK,1902,0.244
TJK,1903,0.239
TJK,1904,0.265
TJK,1905,0.237
TJK,1906,0.27
TJK,1907,0.303
TJK,1908,0.305
TJK,1909,0.322
TJK,1910,0.315
TJK,1911,0.327
TJK,1912,0.37
TJK,1913,0.402
TJK,1914,0.363
TJK,1915,0.333
TJK,1916,0.355
TJK,1917,0.327
TJK,1918,0.13
TJK,1919,0.111
TJK,1920,0.102
TJK,1921,0.11
TJK,1922,0.134
TJK,1923,0.148
TJK,1924,0.177
TJK,1925,0.174
TJK,1926,0.253
TJK,1927,0.314
TJK,1928,0.348
TJK,1929,0.375
TJK,1930,0.51
TJK,1931,0.613
TJK,1932,0.69
TJK,1933,0.772
TJK,1934,0.933
TJK,1935,1.056
TJK,1936,1.21
TJK,1937,1.238
TJK,1938,1.307
TJK,1939,1.323
TJK,1940,1.585
TJK,1941,1.393
TJK,1942,0.759
TJK,1943,0.793
TJK,1944,1.149
TJK,1945,1.215
TJK,1946,1.364
TJK,1947,1.642
TJK,1948,1.747
TJK,1949,1.985
TJK,1950,2.212
TJK,1951,2.396
TJK,1952,2.566
TJK,1953,2.714
TJK,1954,2.964
TJK,1955,3.361
TJK,1956,3.686
TJK,1957,4.034
TJK,1958,4.306
TJK,1959,4.527
TJK,1960,4.714
TJK,1961,4.863
TJK,1962,5.107
TJK,1963,5.479
TJK,1964,5.829
TJK,1965,6.184
TJK,1966,6.532
TJK,1967,6.833
TJK,1968,7.029
TJK,1969,7.323
TJK,1970,7.704
TJK,1971,8.19
TJK,1972,8.633
TJK,1973,9.014
TJK,1974,9.376
TJK,1975,9.873
TJK,1976,10.262
TJK,1977,10.621
TJK,1978,10.997
TJK,1979,11.093
TJK,1980,11.535
TJK,1981,11.339
TJK,1982,11.558
TJK,1983,11.739
TJK,1984,11.856
TJK,1985,12.779
TJK,1986,12.35
TJK,1987,12.018
TJK,1988,12.968
TJK,1989,12.856
TJK,1990,12.307
TJK,1991,10.015
TJK,1992,7.333
TJK,1993,5.153
TJK,1994,2.345
TJK,1995,2.435
TJK,1996,2.824
TJK,1997,2.15
TJK,1998,2.497
TJK,1999,2.519
TJK,2000,2.236
TJK,2001,2.287
TJK,2002,1.872
TJK,2003,2.072
TJK,2004,2.562
TJK,2005,2.441
TJK,2006,2.656
TJK,2007,3.229
TJK,2008,2.897
TJK,2009,2.445
TJK,2010,2.535
TJK,2011,2.342
TJK,2012,2.934
TJK,2013,2.908
TJK,2014,4.606
TJK,2015,5.307
TJK,2016,6.016
TJK,2017,6.879
TJK,2018,8.081
TJK,2019,8.714
TJK,2020,9.423
TJK,2021,9.384
TJK,2022,10.521
TJK,2023,10.264
TJK,2024,10.74
TKM,1830,0
TKM,1831,0
TKM,1832,0
TKM,1833,0
TKM,1850,0.001
TKM,1851,0
TKM,1852,0
TKM,1853,0
TKM,1854,0
TKM,1855,0.003
TKM,1856,0
TKM,1857,0
TKM,1858,0.004
TKM,1859,0.004
TKM,1860,0.006
TKM,1861,0.007
TKM,1862,0.007
TKM,1863,0.007
TKM,1864,0.008
TKM,1865,0.007
TKM,1866,0.023
TKM,1867,0.027
TKM,1868,0.022
TKM,1869,0.03
TKM,1870,0.033
TKM,1871,0.044
TKM,1872,0.046
TKM,1873,0.043
TKM,1874,0.052
TKM,1875,0.06
TKM,1876,0.074
TKM,1877,0.076
TKM,1878,0.099
TKM,1879,0.101
TKM,1880,0.119
TKM,1881,0.125
TKM,1882,0.132
TKM,1883,0.15
TKM,1884,0.152
TKM,1885,0.166
TKM,1886,0.17
TKM,1887,0.18
TKM,1888,0.188
TKM,1889,0.203
TKM,1890,0.23
TKM,1891,0.253
TKM,1892,0.268
TKM,1893,0.314
TKM,1894,0.32
TKM,1895,0.368
TKM,1896,0.374
TKM,1897,0.433
TKM,1898,0.485
TKM,1899,0.563
TKM,1900,0.638
TKM,1901,0.655
TKM,1902,0.632
TKM,1903,0.619
TKM,1904,0.688
TKM,1905,0.614
TKM,1906,0.701
TKM,1907,0.785
TKM,1908,0.79
TKM,1909,0.834
TKM,1910,0.817
TKM,1911,0.847
TKM,1912,0.96
TKM,1913,1.043
TKM,1914,0.941
TKM,1915,0.864
TKM,1916,0.921
TKM,1917,0.847
TKM,1918,0.338
TKM,1919,0.289
TKM,1920,0.263
TKM,1921,0.285
TKM,1922,0.348
TKM,1923,0.385
TKM,1924,0.458
TKM,1925,0.452
TKM,1926,0.655
TKM,1927,0.815
TKM,1928,0.891
TKM,1929,0.96
TKM,1930,1.313
TKM,1931,1.579
TKM,1932,1.776
TKM,1933,1.989
TKM,1934,2.402
TKM,1935,2.714
TKM,1936,3.105
TKM,1937,3.18
TKM,1938,3.356
TKM,1939,3.398
TKM,1940,4.073
TKM,1941,3.578
TKM,1942,1.968
TKM,1943,2.054
TKM,1944,2.979
TKM,1945,3.136
TKM,1946,3.512
TKM,1947,4.223
TKM,1948,4.482
TKM,1949,5.092
TKM,1950,5.664
TKM,1951,6.13
TKM,1952,6.563
TKM,1953,6.941
TKM,1954,7.571
TKM,1955,8.585
TKM,1956,9.427
TKM,1957,10.324
TKM,1958,11.032
TKM,1959,11.602
TKM,1960,12.086
TKM,1961,12.485
TKM,1962,13.128
TKM,1963,14.102
TKM,1964,15.019
TKM,1965,15.942
TKM,1966,16.844
TKM,1967,17.633
TKM,1968,18.149
TKM,1969,18.917
TKM,1970,19.884
TKM,1971,21.129
TKM,1972,22.248
TKM,1973,23.21
TKM,1974,24.117
TKM,1975,25.369
TKM,1976,26.343
TKM,1977,27.237
TKM,1978,28.179
TKM,1979,28.408
TKM,1980,29.51
TKM,1981,28.976
TKM,1982,29.521
TKM,1983,29.945
TKM,1984,30.215
TKM,1985,32.564
TKM,1986,35.821
TKM,1987,36.389
TKM,1988,37.2
TKM,1989,37.649
TKM,1990,33.361
TKM,1991,30.439
TKM,1992,31.994
TKM,1993,27.516
TKM,1994,34.216
TKM,1995,34.569
TKM,1996,31.654
TKM,1997,31.196
TKM,1998,33.446
TKM,1999,39.797
TKM,2000,39.361
TKM,2001,34.034
TKM,2002,30.131
TKM,2003,40.568
TKM,2004,49.355
TKM,2005,47.929
TKM,2006,49.5
TKM,2007,49.183
TKM,2008,59.438
TKM,2009,52.462
TKM,2010,59.184
TKM,2011,65.155
TKM,2012,66.939
TKM,2013,64.34
TKM,2014,62.799
TKM,2015,63.092
TKM,2016,62.091
TKM,2017,62.957
TKM,2018,61.302
TKM,2019,62.254
TKM,2020,62.905
TKM,2021,91.694
TKM,2022,102.063
TKM,2023,95.421
TKM,2024,81.006
TLS,1850,0
TLS,1851,0
TLS,1852,0
TLS,1853,0
TLS,1854,0
TLS,1855,0
TLS,1856,0
TLS,1857,0
TLS,1858,0
TLS,1859,0
TLS,1860,0
TLS,1861,0
TLS,1862,0
TLS,1863,0
TLS,1864,0
TLS,1865,0
TLS,1866,0
TLS,1867,0
TLS,1868,0
TLS,1869,0
TLS,1870,0
TLS,1871,0
TLS,1872,0
TLS,1873,0
TLS,1874,0
TLS,1875,0
TLS,1876,0
TLS,1877,0
TLS,1878,0
TLS,1879,0
TLS,1880,0
TLS,1881,0
TLS,1882,0
TLS,1883,0
TLS,1884,0
TLS,1885,0
TLS,1886,0
TLS,1887,0
TLS,1888,0
TLS,1889,0
TLS,1890,0
TLS,1891,0
TLS,1892,0
TLS,1893,0
TLS,1894,0
TLS,1895,0
TLS,1896,0
TLS,1897,0
TLS,1898,0
TLS,1899,0
TLS,1900,0
TLS,1901,0
TLS,1902,0
TLS,1903,0
TLS,1904,0
TLS,1905,0
TLS,1906,0
TLS,1907,0
TLS,1908,0
TLS,1909,0
TLS,1910,0
TLS,1911,0
TLS,1912,0
TLS,1913,0
TLS,1914,0
TLS,1915,0
TLS,1916,0
TLS,1917,0
TLS,1918,0
TLS,1919,0
TLS,1920,0
TLS,1921,0
TLS,1922,0
TLS,1923,0
TLS,1924,0
TLS,1925,0
TLS,1926,0
TLS,1927,0
TLS,1928,0
TLS,1929,0
TLS,1930,0
TLS,1931,0
TLS,1932,0
TLS,1933,0
TLS,1934,0
TLS,1935,0
TLS,1936,0
TLS,1937,0
TLS,1938,0
TLS,1939,0
TLS,1940,0
TLS,1941,0
TLS,1942,0
TLS,1943,0
TLS,1944,0
TLS,1945,0
TLS,1946,0
TLS,1947,0
TLS,1948,0
TLS,1949,0
TLS,1950,0
TLS,1951,0
TLS,1952,0
TLS,1953,0
TLS,1954,0
TLS,1955,0
TLS,1956,0
TLS,1957,0
TLS,1958,0
TLS,1959,0
TLS,1960,0
TLS,1961,0
TLS,1962,0
TLS,1963,0
TLS,1964,0
TLS,1965,0
TLS,1966,0
TLS,1967,0
TLS,1968,0
TLS,1969,0
TLS,1970,0
TLS,1971,0
TLS,1972,0
TLS,1973,0
TLS,1974,0
TLS,1975,0
TLS,1976,0
TLS,1977,0
TLS,1978,0
TLS,1979,0
TLS,1980,0
TLS,1981,0
TLS,1982,0
TLS,1983,0
TLS,1984,0
TLS,1985,0
TLS,1986,0
TLS,1987,0
TLS,1988,0
TLS,1989,0
TLS,1990,0
TLS,1991,0
TLS,1992,0
TLS,1993,0
TLS,1994,0
TLS,1995,0
TLS,1996,0
TLS,1997,0
TLS,1998,0.061
TLS,1999,0.153
TLS,2000,0.22
TLS,2001,0.119
TLS,2002,0.262
TLS,2003,0.249
TLS,2004,0.497
TLS,2005,0.321
TLS,2006,0.317
TLS,2007,0.288
TLS,2008,0.285
TLS,2009,0.322
TLS,2010,0.313
TLS,2011,0.434
TLS,2012,0.591
TLS,2013,0.62
TLS,2014,0.627
TLS,2015,0.59
TLS,2016,0.643
TLS,2017,0.693
TLS,2018,0.617
TLS,2019,0.675
TLS,2020,0.646
TLS,2021,0.62
TLS,2022,0.67
TLS,2023,0.637
TLS,2024,0.668
TON,1850,0
TON,1851,0
TON,1852,0
TON,1853,0
TON,1854,0
TON,1855,0
TON,1856,0
TON,1857,0
TON,1858,0
TON,1859,0
TON,1860,0
TON,1861,0
TON,1862,0
TON,1863,0
TON,1864,0
TON,1865,0
TON,1866,0
TON,1867,0
TON,1868,0
TON,1869,0
TON,1870,0
TON,1871,0
TON,1872,0
TON,1873,0
TON,1874,0
TON,1875,0
TON,1876,0
TON,1877,0
TON,1878,0
TON,1879,0
TON,1880,0
TON,1881,0
TON,1882,0
TON,1883,0
TON,1884,0
TON,1885,0
TON,1886,0
TON,1887,0
TON,1888,0
TON,1889,0
TON,1890,0
TON,1891,0
TON,1892,0
TON,1893,0
TON,1894,0
TON,1895,0
TON,1896,0
TON,1897,0
TON,1898,0
TON,1899,0
TON,1900,0
TON,1901,0
TON,1902,0
TON,1903,0
TON,1904,0
TON,1905,0
TON,1906,0
TON,1907,0
TON,1908,0
TON,1909,0
TON,1910,0
TON,1911,0
TON,1912,0
TON,1913,0
TON,1914,0
TON,1915,0
TON,1916,0
TON,1917,0
TON,1918,0
TON,1919,0
TON,1920,0
TON,1921,0
TON,1922,0
TON,1923,0
TON,1924,0
TON,1925,0
TON,1926,0
TON,1927,0
TON,1928,0
TON,1929,0
TON,1930,0
TON,1931,0
TON,1932,0
TON,1933,0
TON,1934,0
TON,1935,0
TON,1936,0
TON,1937,0
TON,1938,0
TON,1939,0
TON,1940,0
TON,1941,0
TON,1942,0
TON,1943,0
TON,1944,0
TON,1945,0
TON,1946,0
TON,1947,0
TON,1948,0
TON,1949,0
TON,1950,0.007
TON,1951,0.007
TON,1952,0.007
TON,1953,0.007
TON,1954,0.007
TON,1955,0.007
TON,1956,0.007
TON,1957,0.007
TON,1958,0.007
TON,1959,0.007
TON,1960,0.011
TON,1961,0.011
TON,1962,0.011
TON,1963,0.011
TON,1964,0.011
TON,1965,0.011
TON,1966,0.011
TON,1967,0.015
TON,1968,0.015
TON,1969,0.011
TON,1970,0.026
TON,1971,0.018
TON,1972,0.022
TON,1973,0.026
TON,1974,0.022
TON,1975,0.033
TON,1976,0.029
TON,1977,0.029
TON,1978,0.037
TON,1979,0.04
TON,1980,0.04
TON,1981,0.048
TON,1982,0.044
TON,1983,0.048
TON,1984,0.048
TON,1985,0.048
TON,1986,0.048
TON,1987,0.055
TON,1988,0.07
TON,1989,0.07
TON,1990,0.081
TON,1991,0.088
TON,1992,0.073
TON,1993,0.084
TON,1994,0.088
TON,1995,0.095
TON,1996,0.077
TON,1997,0.095
TON,1998,0.092
TON,1999,0.11
TON,2000,0.099
TON,2001,0.092
TON,2002,0.095
TON,2003,0.117
TON,2004,0.114
TON,2005,0.114
TON,2006,0.128
TON,2007,0.114
TON,2008,0.106
TON,2009,0.121
TON,2010,0.117
TON,2011,0.106
TON,2012,0.106
TON,2013,0.11
TON,2014,0.106
TON,2015,0.106
TON,2016,0.139
TON,2017,0.143
TON,2018,0.132
TON,2019,0.161
TON,2020,0.139
TON,2021,0.139
TON,2022,0.147
TON,2023,0.146
TON,2024,0.153
TTO,1850,0
TTO,1851,0
TTO,1852,0
TTO,1853,0
TTO,1854,0
TTO,1855,0
TTO,1856,0
TTO,1857,0
TTO,1858,0
TTO,1859,0
TTO,1860,0
TTO,1861,0
TTO,1862,0
TTO,1863,0
TTO,1864,0
TTO,1865,0
TTO,1866,0
TTO,1867,0
TTO,1868,0
TTO,1869,0
TTO,1870,0
TTO,1871,0
TTO,1872,0
TTO,1873,0
TTO,1874,0
TTO,1875,0
TTO,1876,0
TTO,1877,0
TTO,1878,0
TTO,1879,0
TTO,1880,0
TTO,1881,0
TTO,1882,0
TTO,1883,0
TTO,1884,0
TTO,1885,0
TTO,1886,0
TTO,1887,0
TTO,1888,0
TTO,1889,0
TTO,1890,0
TTO,1891,0
TTO,1892,0
TTO,1893,0
TTO,1894,0
TTO,1895,0
TTO,1896,0
TTO,1897,0
TTO,1898,0
TTO,1899,0
TTO,1900,0
TTO,1901,0
TTO,1902,0
TTO,1903,0
TTO,1904,0
TTO,1905,0
TTO,1906,0
TTO,1907,0
TTO,1908,0
TTO,1909,0.026
TTO,1910,0.066
TTO,1911,0.125
TTO,1912,0.198
TTO,1913,0.224
TTO,1914,0.289
TTO,1915,0.333
TTO,1916,0.414
TTO,1917,0.528
TTO,1918,0.769
TTO,1919,0.649
TTO,1920,0.868
TTO,1921,1
TTO,1922,0.982
TTO,1923,1.209
TTO,1924,1.656
TTO,1925,1.946
TTO,1926,1.96
TTO,1927,2.099
TTO,1928,3.232
TTO,1929,3.594
TTO,1930,3.646
TTO,1931,3.074
TTO,1932,3.254
TTO,1933,4.067
TTO,1934,4.778
TTO,1935,5.089
TTO,1936,5.741
TTO,1937,7.247
TTO,1938,8.339
TTO,1939,9.453
TTO,1940,10.736
TTO,1941,9.9
TTO,1942,10.666
TTO,1943,10.274
TTO,1944,10.772
TTO,1945,11.021
TTO,1946,10.937
TTO,1947,12.003
TTO,1948,12.641
TTO,1949,13.751
TTO,1950,2.352
TTO,1951,2.514
TTO,1952,2.796
TTO,1953,2.935
TTO,1954,2.836
TTO,1955,2.722
TTO,1956,2.879
TTO,1957,2.564
TTO,1958,3.477
TTO,1959,3.092
TTO,1960,2.579
TTO,1961,4.598
TTO,1962,7.232
TTO,1963,1.677
TTO,1964,3.792
TTO,1965,5.191
TTO,1966,4.052
TTO,1967,4.634
TTO,1968,4.037
TTO,1969,3.901
TTO,1970,8.99
TTO,1971,8.096
TTO,1972,8.236
TTO,1973,9.39
TTO,1974,10.042
TTO,1975,9.613
TTO,1976,15.911
TTO,1977,16.159
TTO,1978,15.312
TTO,1979,16.707
TTO,1980,16.919
TTO,1981,17.242
TTO,1982,18.405
TTO,1983,16.274
TTO,1984,17.503
TTO,1985,20.722
TTO,1986,17.353
TTO,1987,17.487
TTO,1988,15.831
TTO,1989,16.103
TTO,1990,16.978
TTO,1991,16.964
TTO,1992,19.098
TTO,1993,17.405
TTO,1994,15.342
TTO,1995,14.725
TTO,1996,18.449
TTO,1997,18.9
TTO,1998,19.892
TTO,1999,22.58
TTO,2000,24.35
TTO,2001,26.74
TTO,2002,28.683
TTO,2003,32.37
TTO,2004,32.688
TTO,2005,38.205
TTO,2006,42.708
TTO,2007,45.564
TTO,2008,44.443
TTO,2009,44.417
TTO,2010,47.092
TTO,2011,47.043
TTO,2012,46.159
TTO,2013,45.799
TTO,2014,46.866
TTO,2015,45.534
TTO,2016,39.867
TTO,2017,40.297
TTO,2018,40.307
TTO,2019,40.755
TTO,2020,35.043
TTO,2021,36.389
TTO,2022,37.493
TTO,2023,35.536
TTO,2024,34.576
TUN,1750,0
TUN,1751,0
TUN,1752,0
TUN,1753,0
TUN,1754,0
TUN,1755,0
TUN,1756,0
TUN,1757,0
TUN,1758,0
TUN,1759,0
TUN,1760,0
TUN,1761,0
TUN,1762,0
TUN,1763,0
TUN,1764,0
TUN,1765,0
TUN,1766,0
TUN,1767,0
TUN,1768,0
TUN,1769,0
TUN,1770,0
TUN,1771,0
TUN,1772,0
TUN,1773,0
TUN,1774,0
TUN,1775,0
TUN,1776,0
TUN,1777,0
TUN,1778,0
TUN,1779,0
TUN,1780,0
TUN,1781,0
TUN,1782,0
TUN,1783,0
TUN,1784,0
TUN,1785,0
TUN,1786,0
TUN,1787,0
TUN,1788,0
TUN,1789,0
TUN,1790,0
TUN,1791,0
TUN,1792,0
TUN,1793,0
TUN,1794,0
TUN,1795,0
TUN,1796,0
TUN,1797,0
TUN,1798,0
TUN,1799,0
TUN,1800,0
TUN,1801,0
TUN,1802,0
TUN,1803,0
TUN,1804,0
TUN,1805,0
TUN,1806,0
TUN,1807,0
TUN,1808,0
TUN,1809,0
TUN,1810,0
TUN,1811,0
TUN,1812,0
TUN,1813,0
TUN,1814,0
TUN,1815,0
TUN,1816,0
TUN,1817,0
TUN,1818,0
TUN,1819,0
TUN,1820,0
TUN,1821,0
TUN,1822,0
TUN,1823,0
TUN,1824,0
TUN,1825,0
TUN,1826,0
TUN,1827,0
TUN,1828,0
TUN,1829,0
TUN,1830,0
TUN,1831,0
TUN,1832,0
TUN,1833,0
TUN,1834,0
TUN,1835,0
TUN,1836,0
TUN,1837,0
TUN,1838,0
TUN,1839,0
TUN,1840,0
TUN,1841,0
TUN,1842,0
TUN,1843,0
TUN,1844,0
TUN,1845,0
TUN,1846,0
TUN,1847,0
TUN,1848,0
TUN,1849,0
TUN,1850,0
TUN,1851,0
TUN,1852,0
TUN,1853,0
TUN,1854,0
TUN,1855,0
TUN,1856,0
TUN,1857,0
TUN,1858,0
TUN,1859,0
TUN,1860,0
TUN,1861,0
TUN,1862,0
TUN,1863,0
TUN,1864,0
TUN,1865,0
TUN,1866,0
TUN,1867,0
TUN,1868,0
TUN,1869,0
TUN,1870,0
TUN,1871,0
TUN,1872,0
TUN,1873,0
TUN,1874,0
TUN,1875,0
TUN,1876,0
TUN,1877,0
TUN,1878,0
TUN,1879,0
TUN,1880,0
TUN,1881,0
TUN,1882,0
TUN,1883,0
TUN,1884,0
TUN,1885,0
TUN,1886,0
TUN,1887,0
TUN,1888,0
TUN,1889,0
TUN,1890,0
TUN,1891,0
TUN,1892,0
TUN,1893,0
TUN,1894,0
TUN,1895,0
TUN,1896,0
TUN,1897,0
TUN,1898,0
TUN,1899,0
TUN,1900,0
TUN,1901,0
TUN,1902,0
TUN,1903,0
TUN,1904,0
TUN,1905,0
TUN,1906,0
TUN,1907,0
TUN,1908,0
TUN,1909,0
TUN,1910,0
TUN,1911,0
TUN,1912,0
TUN,1913,0
TUN,1914,0
TUN,1915,0
TUN,1916,0.011
TUN,1917,0.029
TUN,1918,0.04
TUN,1919,0
TUN,1920,0.029
TUN,1921,0.022
TUN,1922,0
TUN,1923,0
TUN,1924,0
TUN,1925,0
TUN,1926,0
TUN,1927,0
TUN,1928,0
TUN,1929,0
TUN,1930,0
TUN,1931,0
TUN,1932,0
TUN,1933,0.018
TUN,1934,0.018
TUN,1935,0.018
TUN,1936,0.025
TUN,1937,0.029
TUN,1938,0.033
TUN,1939,0.033
TUN,1940,0.058
TUN,1941,0.135
TUN,1942,0.161
TUN,1943,0.051
TUN,1944,0.091
TUN,1945,0.095
TUN,1946,0.132
TUN,1947,0.128
TUN,1948,0.146
TUN,1949,0.128
TUN,1950,1.219
TUN,1951,1.377
TUN,1952,1.443
TUN,1953,1.377
TUN,1954,1.406
TUN,1955,1.596
TUN,1956,1.559
TUN,1957,1.574
TUN,1958,1.446
TUN,1959,1.588
TUN,1960,1.724
TUN,1961,1.765
TUN,1962,1.794
TUN,1963,1.944
TUN,1964,2.753
TUN,1965,2.46
TUN,1966,2.882
TUN,1967,3.083
TUN,1968,3.592
TUN,1969,3.852
TUN,1970,3.739
TUN,1971,4.218
TUN,1972,4.753
TUN,1973,4.85
TUN,1974,5.428
TUN,1975,5.594
TUN,1976,5.891
TUN,1977,6.819
TUN,1978,7.603
TUN,1979,8.972
TUN,1980,9.784
TUN,1981,10.2
TUN,1982,9.878
TUN,1983,11.92
TUN,1984,12.193
TUN,1985,12.704
TUN,1986,12.861
TUN,1987,12.717
TUN,1988,13.436
TUN,1989,14.273
TUN,1990,14.622
TUN,1991,16.755
TUN,1992,15.843
TUN,1993,17.18
TUN,1994,16.761
TUN,1995,16.623
TUN,1996,17.211
TUN,1997,17.81
TUN,1998,18.292
TUN,1999,18.709
TUN,2000,19.436
TUN,2001,20.261
TUN,2002,20.38
TUN,2003,21.042
TUN,2004,22.144
TUN,2005,22.516
TUN,2006,22.915
TUN,2007,24.725
TUN,2008,25.453
TUN,2009,25.353
TUN,2010,27.9
TUN,2011,26.429
TUN,2012,28.194
TUN,2013,28.773
TUN,2014,29.875
TUN,2015,31.381
TUN,2016,30.971
TUN,2017,31.677
TUN,2018,31.122
TUN,2019,30.579
TUN,2020,28.845
TUN,2021,31.527
TUN,2022,30.785
TUN,2023,31.738
TUN,2024,32.664
TUR,1850,0
TUR,1851,0
TUR,1852,0
TUR,1853,0
TUR,1854,0
TUR,1855,0
TUR,1856,0
TUR,1857,0
TUR,1858,0
TUR,1859,0
TUR,1860,0
TUR,1861,0
TUR,1862,0
TUR,1863,0
TUR,1864,0
TUR,1865,0.15
TUR,1866,0.209
TUR,1867,0.227
TUR,1868,0.176
TUR,1869,0.267
TUR,1870,0.158
TUR,1871,0.198
TUR,1872,0.245
TUR,1873,0.238
TUR,1874,0.256
TUR,1875,0.352
TUR,1876,0.275
TUR,1877,0.447
TUR,1878,0.326
TUR,1879,0.125
TUR,1880,0.139
TUR,1881,0.183
TUR,1882,0.154
TUR,1883,0.161
TUR,1884,0.176
TUR,1885,0.194
TUR,1886,0.136
TUR,1887,0.245
TUR,1888,0.267
TUR,1889,0.403
TUR,1890,0.366
TUR,1891,0.403
TUR,1892,0.41
TUR,1893,0.425
TUR,1894,0.392
TUR,1895,0.374
TUR,1896,0.443
TUR,1897,0.315
TUR,1898,0.524
TUR,1899,0.671
TUR,1900,1.037
TUR,1901,0.949
TUR,1902,1.048
TUR,1903,1.205
TUR,1904,1.367
TUR,1905,1.532
TUR,1906,1.579
TUR,1907,1.88
TUR,1908,1.722
TUR,1909,1.957
TUR,1910,1.883
TUR,1911,2.228
TUR,1912,1.997
TUR,1913,2.037
TUR,1914,1.663
TUR,1915,1.037
TUR,1916,0.513
TUR,1917,0.392
TUR,1918,0.458
TUR,1919,0.938
TUR,1920,1.403
TUR,1921,0.843
TUR,1922,1.011
TUR,1923,1.473
TUR,1924,2.451
TUR,1925,2.367
TUR,1926,3.008
TUR,1927,3.279
TUR,1928,3.125
TUR,1929,3.55
TUR,1930,3.972
TUR,1931,3.938
TUR,1932,4.001
TUR,1933,4.664
TUR,1934,5.792
TUR,1935,5.935
TUR,1936,5.865
TUR,1937,4.246
TUR,1938,4.634
TUR,1939,4.905
TUR,1940,5.469
TUR,1941,5.619
TUR,1942,4.946
TUR,1943,6.118
TUR,1944,7.023
TUR,1945,7.089
TUR,1946,7.023
TUR,1947,7.477
TUR,1948,7.7
TUR,1949,7.968
TUR,1950,9.488
TUR,1951,10.184
TUR,1952,10.474
TUR,1953,12.965
TUR,1954,13.433
TUR,1955,13.619
TUR,1956,14.362
TUR,1957,15.97
TUR,1958,16.035
TUR,1959,17.192
TUR,1960,16.799
TUR,1961,17.341
TUR,1962,21.605
TUR,1963,22.64
TUR,1964,26.306
TUR,1965,27.353
TUR,1966,31.506
TUR,1967,33.479
TUR,1968,36.265
TUR,1969,38.753
TUR,1970,42.579
TUR,1971,47.644
TUR,1972,53.736
TUR,1973,59.332
TUR,1974,60.961
TUR,1975,65.463
TUR,1976,73.42
TUR,1977,81.2
TUR,1978,76.814
TUR,1979,75.139
TUR,1980,75.318
TUR,1981,79.321
TUR,1982,86.361
TUR,1983,89.956
TUR,1984,95.093
TUR,1985,105.878
TUR,1986,115.872
TUR,1987,128.748
TUR,1988,125.065
TUR,1989,137.933
TUR,1990,154.572
TUR,1991,161.126
TUR,1992,167.234
TUR,1993,174.291
TUR,1994,170.592
TUR,1995,184.675
TUR,1996,203.098
TUR,1997,215.512
TUR,1998,215.586
TUR,1999,211.238
TUR,2000,232.934
TUR,2001,216.872
TUR,2002,224.32
TUR,2003,239.849
TUR,2004,247.843
TUR,2005,267.711
TUR,2006,285.429
TUR,2007,316.497
TUR,2008,312.628
TUR,2009,318.568
TUR,2010,318.71
TUR,2011,344.215
TUR,2012,358.645
TUR,2013,350.634
TUR,2014,367.272
TUR,2015,387.704
TUR,2016,405.552
TUR,2017,430.622
TUR,2018,423.818
TUR,2019,406.568
TUR,2020,416.328
TUR,2021,457.377
TUR,2022,443.603
TUR,2023,486.945
TUR,2024,513.035
TUV,1750,0
TUV,1751,0
TUV,1752,0
TUV,1753,0
TUV,1754,0
TUV,1755,0
TUV,1756,0
TUV,1757,0
TUV,1758,0
TUV,1759,0
TUV,1760,0
TUV,1761,0
TUV,1762,0
TUV,1763,0
TUV,1764,0
TUV,1765,0
TUV,1766,0
TUV,1767,0
TUV,1768,0
TUV,1769,0
TUV,1770,0
TUV,1771,0
TUV,1772,0
TUV,1773,0
TUV,1774,0
TUV,1775,0
TUV,1776,0
TUV,1777,0
TUV,1778,0
TUV,1779,0
TUV,1780,0
TUV,1781,0
TUV,1782,0
TUV,1783,0
TUV,1784,0
TUV,1785,0
TUV,1786,0
TUV,1787,0
TUV,1788,0
TUV,1789,0
TUV,1790,0
TUV,1791,0
TUV,1792,0
TUV,1793,0
TUV,1794,0
TUV,1795,0
TUV,1796,0
TUV,1797,0
TUV,1798,0
TUV,1799,0
TUV,1800,0
TUV,1801,0
TUV,1802,0
TUV,1803,0
TUV,1804,0
TUV,1805,0
TUV,1806,0
TUV,1807,0
TUV,1808,0
TUV,1809,0
TUV,1810,0
TUV,1811,0
TUV,1812,0
TUV,1813,0
TUV,1814,0
TUV,1815,0
TUV,1816,0
TUV,1817,0
TUV,1818,0
TUV,1819,0
TUV,1820,0
TUV,1821,0
TUV,1822,0
TUV,1823,0
TUV,1824,0
TUV,1825,0
TUV,1826,0
TUV,1827,0
TUV,1828,0
TUV,1829,0
TUV,1830,0
TUV,1831,0
TUV,1832,0
TUV,1833,0
TUV,1834,0
TUV,1835,0
TUV,1836,0
TUV,1837,0
TUV,1838,0
TUV,1839,0
TUV,1840,0
TUV,1841,0
TUV,1842,0
TUV,1843,0
TUV,1844,0
TUV,1845,0
TUV,1846,0
TUV,1847,0
TUV,1848,0
TUV,1849,0
TUV,1850,0
TUV,1851,0
TUV,1852,0
TUV,1853,0
TUV,1854,0
TUV,1855,0
TUV,1856,0
TUV,1857,0
TUV,1858,0
TUV,1859,0
TUV,1860,0
TUV,1861,0
TUV,1862,0
TUV,1863,0
TUV,1864,0
TUV,1865,0
TUV,1866,0
TUV,1867,0
TUV,1868,0
TUV,1869,0
TUV,1870,0
TUV,1871,0
TUV,1872,0
TUV,1873,0
TUV,1874,0
TUV,1875,0
TUV,1876,0
TUV,1877,0
TUV,1878,0
TUV,1879,0
TUV,1880,0
TUV,1881,0
TUV,1882,0
TUV,1883,0
TUV,1884,0
TUV,1885,0
TUV,1886,0
TUV,1887,0
TUV,1888,0
TUV,1889,0
TUV,1890,0
TUV,1891,0
TUV,1892,0
TUV,1893,0
TUV,1894,0
TUV,1895,0
TUV,1896,0
TUV,1897,0
TUV,1898,0
TUV,1899,0
TUV,1900,0
TUV,1901,0
TUV,1902,0
TUV,1903,0
TUV,1904,0
TUV,1905,0
TUV,1906,0
TUV,1907,0
TUV,1908,0
TUV,1909,0
TUV,1910,0
TUV,1911,0
TUV,1912,0
TUV,1913,0
TUV,1914,0
TUV,1915,0
TUV,1916,0
TUV,1917,0
TUV,1918,0
TUV,1919,0
TUV,1920,0
TUV,1921,0
TUV,1922,0
TUV,1923,0
TUV,1924,0
TUV,1925,0
TUV,1926,0
TUV,1927,0
TUV,1928,0
TUV,1929,0
TUV,1930,0
TUV,1931,0
TUV,1932,0
TUV,1933,0
TUV,1934,0
TUV,1935,0
TUV,1936,0
TUV,1937,0
TUV,1938,0
TUV,1939,0
TUV,1940,0
TUV,1941,0
TUV,1942,0
TUV,1943,0
TUV,1944,0
TUV,1945,0
TUV,1946,0
TUV,1947,0
TUV,1948,0
TUV,1949,0
TUV,1950,0
TUV,1951,0
TUV,1952,0
TUV,1953,0
TUV,1954,0
TUV,1955,0
TUV,1956,0
TUV,1957,0
TUV,1958,0
TUV,1959,0
TUV,1960,0
TUV,1961,0
TUV,1962,0
TUV,1963,0
TUV,1964,0
TUV,1965,0
TUV,1966,0
TUV,1967,0
TUV,1968,0
TUV,1969,0
TUV,1970,0
TUV,1971,0
TUV,1972,0
TUV,1973,0
TUV,1974,0
TUV,1975,0
TUV,1976,0
TUV,1977,0
TUV,1978,0
TUV,1979,0
TUV,1980,0
TUV,1981,0
TUV,1982,0
TUV,1983,0
TUV,1984,0
TUV,1985,0
TUV,1986,0
TUV,1987,0
TUV,1988,0
TUV,1989,0
TUV,1990,0.004
TUV,1991,0.004
TUV,1992,0.004
TUV,1993,0.007
TUV,1994,0.004
TUV,1995,0.004
TUV,1996,0.004
TUV,1997,0.007
TUV,1998,0.007
TUV,1999,0.007
TUV,2000,0.007
TUV,2001,0.007
TUV,2002,0.011
TUV,2003,0.011
TUV,2004,0.011
TUV,2005,0.011
TUV,2006,0.011
TUV,2007,0.011
TUV,2008,0.007
TUV,2009,0.011
TUV,2010,0.011
TUV,2011,0.011
TUV,2012,0.011
TUV,2013,0.007
TUV,2014,0.007
TUV,2015,0.007
TUV,2016,0.007
TUV,2017,0.007
TUV,2018,0.011
TUV,2019,0.011
TUV,2020,0.011
TUV,2021,0.011
TUV,2022,0.011
TUV,2023,0.011
TUV,2024,0.011
TWN,1750,0
TWN,1751,0
TWN,1752,0
TWN,1753,0
TWN,1754,0
TWN,1755,0
TWN,1756,0
TWN,1757,0
TWN,1758,0
TWN,1759,0
TWN,1760,0
TWN,1761,0
TWN,1762,0
TWN,1763,0
TWN,1764,0
TWN,1765,0
TWN,1766,0
TWN,1767,0
TWN,1768,0
TWN,1769,0
TWN,1770,0
TWN,1771,0
TWN,1772,0
TWN,1773,0
TWN,1774,0
TWN,1775,0
TWN,1776,0
TWN,1777,0
TWN,1778,0
TWN,1779,0
TWN,1780,0
TWN,1781,0
TWN,1782,0
TWN,1783,0
TWN,1784,0
TWN,1785,0
TWN,1786,0
TWN,1787,0
TWN,1788,0
TWN,1789,0
TWN,1790,0
TWN,1791,0
TWN,1792,0
TWN,1793,0
TWN,1794,0
TWN,1795,0
TWN,1796,0
TWN,1797,0
TWN,1798,0
TWN,1799,0
TWN,1800,0
TWN,1801,0
TWN,1802,0
TWN,1803,0
TWN,1804,0
TWN,1805,0
TWN,1806,0
TWN,1807,0
TWN,1808,0
TWN,1809,0
TWN,1810,0
TWN,1811,0
TWN,1812,0
TWN,1813,0
TWN,1814,0
TWN,1815,0
TWN,1816,0
TWN,1817,0
TWN,1818,0
TWN,1819,0
TWN,1820,0
TWN,1821,0
TWN,1822,0
TWN,1823,0
TWN,1824,0
TWN,1825,0
TWN,1826,0
TWN,1827,0
TWN,1828,0
TWN,1829,0
TWN,1830,0
TWN,1831,0
TWN,1832,0
TWN,1833,0
TWN,1834,0
TWN,1835,0
TWN,1836,0
TWN,1837,0
TWN,1838,0
TWN,1839,0
TWN,1840,0
TWN,1841,0
TWN,1842,0
TWN,1843,0
TWN,1844,0
TWN,1845,0
TWN,1846,0
TWN,1847,0
TWN,1848,0
TWN,1849,0
TWN,1850,0
TWN,1851,0
TWN,1852,0
TWN,1853,0
TWN,1854,0
TWN,1855,0
TWN,1856,0
TWN,1857,0
TWN,1858,0
TWN,1859,0
TWN,1860,0
TWN,1861,0
TWN,1862,0
TWN,1863,0
TWN,1864,0
TWN,1865,0
TWN,1866,0
TWN,1867,0
TWN,1868,0
TWN,1869,0
TWN,1870,0
TWN,1871,0
TWN,1872,0
TWN,1873,0
TWN,1874,0
TWN,1875,0
TWN,1876,0
TWN,1877,0
TWN,1878,0
TWN,1879,0
TWN,1880,0
TWN,1881,0
TWN,1882,0
TWN,1883,0
TWN,1884,0
TWN,1885,0
TWN,1886,0
TWN,1887,0
TWN,1888,0
TWN,1889,0
TWN,1890,0
TWN,1891,0
TWN,1892,0
TWN,1893,0
TWN,1894,0
TWN,1895,0
TWN,1896,0.004
TWN,1897,0.051
TWN,1898,0.114
TWN,1899,0.081
TWN,1900,0.11
TWN,1901,0.176
TWN,1902,0.256
TWN,1903,0.216
TWN,1904,0.22
TWN,1905,0.253
TWN,1906,0.275
TWN,1907,0.359
TWN,1908,0.41
TWN,1909,0.487
TWN,1910,0.616
TWN,1911,0.678
TWN,1912,0.74
TWN,1913,0.854
TWN,1914,0.92
TWN,1915,1.015
TWN,1916,1.385
TWN,1917,1.799
TWN,1918,2.143
TWN,1919,2.909
TWN,1920,3.045
TWN,1921,2.755
TWN,1922,3.572
TWN,1923,3.833
TWN,1924,3.994
TWN,1925,4.488
TWN,1926,4.752
TWN,1927,4.928
TWN,1928,4.203
TWN,1929,4.192
TWN,1930,4.243
TWN,1931,3.774
TWN,1932,3.594
TWN,1933,4.195
TWN,1934,4.173
TWN,1935,4.364
TWN,1936,4.734
TWN,1937,5.251
TWN,1938,5.899
TWN,1939,7.181
TWN,1940,7.768
TWN,1941,7.935
TWN,1942,6.418
TWN,1943,6.425
TWN,1944,4.63
TWN,1945,2.187
TWN,1946,2.862
TWN,1947,3.619
TWN,1948,4.539
TWN,1949,4.473
TWN,1950,3.784
TWN,1951,4.908
TWN,1952,6.392
TWN,1953,6.472
TWN,1954,6.487
TWN,1955,7.197
TWN,1956,7.685
TWN,1957,8.183
TWN,1958,9.57
TWN,1959,10.991
TWN,1960,11.874
TWN,1961,12.529
TWN,1962,14.165
TWN,1963,15.109
TWN,1964,16.907
TWN,1965,17.845
TWN,1966,19.462
TWN,1967,21.97
TWN,1968,24.141
TWN,1969,26.291
TWN,1970,28.734
TWN,1971,31.475
TWN,1972,35.872
TWN,1973,40.245
TWN,1974,39.31
TWN,1975,43.454
TWN,1976,56.1
TWN,1977,61.13
TWN,1978,71.028
TWN,1979,75.766
TWN,1980,83.515
TWN,1981,75.052
TWN,1982,70.035
TWN,1983,76.553
TWN,1984,77.606
TWN,1985,76.449
TWN,1986,86.162
TWN,1987,90.519
TWN,1988,106.38
TWN,1989,115.01
TWN,1990,124.258
TWN,1991,133.631
TWN,1992,142.432
TWN,1993,154.046
TWN,1994,161.564
TWN,1995,170.064
TWN,1996,178.059
TWN,1997,190.782
TWN,1998,200.546
TWN,1999,208.023
TWN,2000,226.934
TWN,2001,231.431
TWN,2002,238.567
TWN,2003,249.129
TWN,2004,259.367
TWN,2005,266.888
TWN,2006,276.552
TWN,2007,280.08
TWN,2008,266.975
TWN,2009,253.028
TWN,2010,270.718
TWN,2011,276.771
TWN,2012,273.282
TWN,2013,274.576
TWN,2014,276.959
TWN,2015,276.264
TWN,2016,280.197
TWN,2017,285.736
TWN,2018,284.151
TWN,2019,274.704
TWN,2020,272.464
TWN,2021,283.821
TWN,2022,273.989
TWN,2023,267.127
TWN,2024,262.345
TZA,1850,0
TZA,1851,0
TZA,1852,0
TZA,1853,0
TZA,1854,0
TZA,1855,0
TZA,1856,0
TZA,1857,0
TZA,1858,0
TZA,1859,0
TZA,1860,0
TZA,1861,0
TZA,1862,0
TZA,1863,0
TZA,1864,0
TZA,1865,0
TZA,1866,0
TZA,1867,0
TZA,1868,0
TZA,1869,0
TZA,1870,0
TZA,1871,0
TZA,1872,0
TZA,1873,0
TZA,1874,0
TZA,1875,0
TZA,1876,0
TZA,1877,0
TZA,1878,0
TZA,1879,0
TZA,1880,0
TZA,1881,0
TZA,1882,0
TZA,1883,0
TZA,1884,0
TZA,1885,0
TZA,1886,0
TZA,1887,0
TZA,1888,0
TZA,1889,0
TZA,1890,0
TZA,1891,0
TZA,1892,0
TZA,1893,0
TZA,1894,0
TZA,1895,0
TZA,1896,0
TZA,1897,0
TZA,1898,0
TZA,1899,0
TZA,1900,0
TZA,1901,0
TZA,1902,0
TZA,1903,0
TZA,1904,0
TZA,1905,0
TZA,1906,0
TZA,1907,0
TZA,1908,0
TZA,1909,0
TZA,1910,0
TZA,1911,0
TZA,1912,0
TZA,1913,0
TZA,1914,0
TZA,1915,0
TZA,1916,0
TZA,1917,0
TZA,1918,0
TZA,1919,0
TZA,1920,0
TZA,1921,0
TZA,1922,0
TZA,1923,0
TZA,1924,0
TZA,1925,0
TZA,1926,0
TZA,1927,0
TZA,1928,0
TZA,1929,0
TZA,1930,0
TZA,1931,0
TZA,1932,0
TZA,1933,0
TZA,1934,0
TZA,1935,0
TZA,1936,0
TZA,1937,0
TZA,1938,0
TZA,1939,0
TZA,1940,0
TZA,1941,0
TZA,1942,0
TZA,1943,0
TZA,1944,0
TZA,1945,0
TZA,1946,0
TZA,1947,0
TZA,1948,0
TZA,1949,0
TZA,1950,0.498
TZA,1951,0.447
TZA,1952,0.539
TZA,1953,0.528
TZA,1954,0.539
TZA,1955,0.557
TZA,1956,0.66
TZA,1957,0.762
TZA,1958,0.802
TZA,1959,0.689
TZA,1960,0.828
TZA,1961,0.703
TZA,1962,0.766
TZA,1963,0.802
TZA,1964,1.033
TZA,1965,1.161
TZA,1966,1.37
TZA,1967,1.758
TZA,1968,1.652
TZA,1969,1.795
TZA,1970,1.765
TZA,1971,2.461
TZA,1972,2.164
TZA,1973,3.183
TZA,1974,2.303
TZA,1975,2.282
TZA,1976,2.786
TZA,1977,2.008
TZA,1978,2.197
TZA,1979,2.063
TZA,1980,1.874
TZA,1981,2.107
TZA,1982,2.148
TZA,1983,2.196
TZA,1984,2.347
TZA,1985,2.338
TZA,1986,2.278
TZA,1987,2.368
TZA,1988,2.272
TZA,1989,2.162
TZA,1990,2.112
TZA,1991,2.255
TZA,1992,2.178
TZA,1993,2.426
TZA,1994,2.063
TZA,1995,2.434
TZA,1996,2.527
TZA,1997,2.824
TZA,1998,2.481
TZA,1999,2.459
TZA,2000,2.572
TZA,2001,3.041
TZA,2002,3.486
TZA,2003,3.687
TZA,2004,4.221
TZA,2005,5.356
TZA,2006,5.876
TZA,2007,5.706
TZA,2008,5.989
TZA,2009,5.807
TZA,2010,7.194
TZA,2011,8.44
TZA,2012,10.367
TZA,2013,11.251
TZA,2014,10.997
TZA,2015,12.783
TZA,2016,13.529
TZA,2017,13.513
TZA,2018,14.233
TZA,2019,16.191
TZA,2020,15.952
TZA,2021,17.678
TZA,2022,19.702
TZA,2023,20.31
TZA,2024,20.018
UGA,1850,0
UGA,1851,0
UGA,1852,0
UGA,1853,0
UGA,1854,0
UGA,1855,0
UGA,1856,0
UGA,1857,0
UGA,1858,0
UGA,1859,0
UGA,1860,0
UGA,1861,0
UGA,1862,0
UGA,1863,0
UGA,1864,0
UGA,1865,0
UGA,1866,0
UGA,1867,0
UGA,1868,0
UGA,1869,0
UGA,1870,0
UGA,1871,0
UGA,1872,0
UGA,1873,0
UGA,1874,0
UGA,1875,0
UGA,1876,0
UGA,1877,0
UGA,1878,0
UGA,1879,0
UGA,1880,0
UGA,1881,0
UGA,1882,0
UGA,1883,0
UGA,1884,0
UGA,1885,0
UGA,1886,0
UGA,1887,0
UGA,1888,0
UGA,1889,0
UGA,1890,0
UGA,1891,0
UGA,1892,0
UGA,1893,0
UGA,1894,0
UGA,1895,0
UGA,1896,0
UGA,1897,0
UGA,1898,0
UGA,1899,0
UGA,1900,0
UGA,1901,0
UGA,1902,0
UGA,1903,0
UGA,1904,0
UGA,1905,0
UGA,1906,0
UGA,1907,0
UGA,1908,0
UGA,1909,0
UGA,1910,0
UGA,1911,0
UGA,1912,0
UGA,1913,0
UGA,1914,0
UGA,1915,0
UGA,1916,0
UGA,1917,0
UGA,1918,0
UGA,1919,0
UGA,1920,0
UGA,1921,0
UGA,1922,0
UGA,1923,0
UGA,1924,0
UGA,1925,0
UGA,1926,0
UGA,1927,0
UGA,1928,0
UGA,1929,0
UGA,1930,0
UGA,1931,0
UGA,1932,0
UGA,1933,0
UGA,1934,0
UGA,1935,0
UGA,1936,0
UGA,1937,0
UGA,1938,0
UGA,1939,0
UGA,1940,0
UGA,1941,0
UGA,1942,0
UGA,1943,0
UGA,1944,0
UGA,1945,0
UGA,1946,0
UGA,1947,0
UGA,1948,0
UGA,1949,0
UGA,1950,0.106
UGA,1951,0.139
UGA,1952,0.143
UGA,1953,0.209
UGA,1954,0.22
UGA,1955,0.264
UGA,1956,0.264
UGA,1957,0.278
UGA,1958,0.293
UGA,1959,0.414
UGA,1960,0.421
UGA,1961,0.406
UGA,1962,0.428
UGA,1963,0.432
UGA,1964,0.491
UGA,1965,0.626
UGA,1966,0.732
UGA,1967,0.809
UGA,1968,0.981
UGA,1969,1.175
UGA,1970,1.443
UGA,1971,1.438
UGA,1972,1.378
UGA,1973,1.176
UGA,1974,1.19
UGA,1975,1.129
UGA,1976,0.985
UGA,1977,0.802
UGA,1978,0.695
UGA,1979,0.671
UGA,1980,0.63
UGA,1981,0.531
UGA,1982,0.545
UGA,1983,0.617
UGA,1984,0.58
UGA,1985,0.617
UGA,1986,0.702
UGA,1987,0.772
UGA,1988,0.863
UGA,1989,0.804
UGA,1990,0.761
UGA,1991,0.783
UGA,1992,0.801
UGA,1993,0.797
UGA,1994,0.712
UGA,1995,0.925
UGA,1996,1.018
UGA,1997,1.062
UGA,1998,1.209
UGA,1999,1.255
UGA,2000,1.361
UGA,2001,1.417
UGA,2002,1.443
UGA,2003,1.513
UGA,2004,1.607
UGA,2005,2.018
UGA,2006,2.387
UGA,2007,2.706
UGA,2008,2.78
UGA,2009,2.996
UGA,2010,3.57
UGA,2011,3.828
UGA,2012,3.627
UGA,2013,3.755
UGA,2014,4.09
UGA,2015,4.529
UGA,2016,4.817
UGA,2017,5.406
UGA,2018,5.549
UGA,2019,5.761
UGA,2020,5.571
UGA,2021,6.232
UGA,2022,6.128
UGA,2023,6.236
UGA,2024,6.334
UKR,1830,0.004
UKR,1831,0.004
UKR,1832,0.003
UKR,1833,0.004
UKR,1850,0.022
UKR,1851,0
UKR,1852,0
UKR,1853,0
UKR,1854,0
UKR,1855,0.067
UKR,1856,0
UKR,1857,0
UKR,1858,0.094
UKR,1859,0.1
UKR,1860,0.131
UKR,1861,0.167
UKR,1862,0.151
UKR,1863,0.158
UKR,1864,0.177
UKR,1865,0.169
UKR,1866,0.534
UKR,1867,0.613
UKR,1868,0.51
UKR,1869,0.692
UKR,1870,0.751
UKR,1871,1.014
UKR,1872,1.041
UKR,1873,0.977
UKR,1874,1.186
UKR,1875,1.365
UKR,1876,1.695
UKR,1877,1.73
UKR,1878,2.261
UKR,1879,2.32
UKR,1880,2.721
UKR,1881,2.866
UKR,1882,3.019
UKR,1883,3.436
UKR,1884,3.489
UKR,1885,3.8
UKR,1886,3.898
UKR,1887,4.124
UKR,1888,4.302
UKR,1889,4.646
UKR,1890,5.262
UKR,1891,5.793
UKR,1892,6.132
UKR,1893,7.188
UKR,1894,7.321
UKR,1895,8.412
UKR,1896,8.563
UKR,1897,9.901
UKR,1898,11.104
UKR,1899,12.882
UKR,1900,14.592
UKR,1901,14.981
UKR,1902,14.469
UKR,1903,14.154
UKR,1904,15.747
UKR,1905,14.057
UKR,1906,16.033
UKR,1907,17.959
UKR,1908,18.069
UKR,1909,19.074
UKR,1910,18.706
UKR,1911,19.394
UKR,1912,21.969
UKR,1913,23.865
UKR,1914,21.539
UKR,1915,19.77
UKR,1916,21.071
UKR,1917,19.392
UKR,1918,7.734
UKR,1919,6.606
UKR,1920,6.024
UKR,1921,6.533
UKR,1922,7.967
UKR,1923,8.801
UKR,1924,10.485
UKR,1925,10.349
UKR,1926,14.994
UKR,1927,18.642
UKR,1928,20.709
UKR,1929,22.303
UKR,1930,30.323
UKR,1931,36.428
UKR,1932,41.041
UKR,1933,45.866
UKR,1934,55.479
UKR,1935,62.798
UKR,1936,72.009
UKR,1937,73.633
UKR,1938,77.716
UKR,1939,78.669
UKR,1940,94.321
UKR,1941,82.861
UKR,1942,45.047
UKR,1943,47.013
UKR,1944,68.178
UKR,1945,72.185
UKR,1946,81.127
UKR,1947,97.692
UKR,1948,103.957
UKR,1949,118.175
UKR,1950,131.731
UKR,1951,142.771
UKR,1952,152.885
UKR,1953,161.745
UKR,1954,176.653
UKR,1955,200.308
UKR,1956,219.607
UKR,1957,240.306
UKR,1958,256.475
UKR,1959,269.626
UKR,1960,280.679
UKR,1961,289.394
UKR,1962,303.653
UKR,1963,325.609
UKR,1964,346.245
UKR,1965,367.247
UKR,1966,387.781
UKR,1967,405.413
UKR,1968,416.737
UKR,1969,433.97
UKR,1970,456.476
UKR,1971,484.372
UKR,1972,509.616
UKR,1973,531.097
UKR,1974,551.258
UKR,1975,579.427
UKR,1976,601.716
UKR,1977,622.134
UKR,1978,643.431
UKR,1979,648.771
UKR,1980,674.349
UKR,1981,661.273
UKR,1982,673.809
UKR,1983,683.29
UKR,1984,689.314
UKR,1985,743.673
UKR,1986,740.756
UKR,1987,734.119
UKR,1988,727.528
UKR,1989,683.856
UKR,1990,706.526
UKR,1991,633.194
UKR,1992,589.505
UKR,1993,510.495
UKR,1994,419.63
UKR,1995,390.173
UKR,1996,351.834
UKR,1997,340.586
UKR,1998,328.878
UKR,1999,298.636
UKR,2000,285.663
UKR,2001,303.876
UKR,2002,295.901
UKR,2003,307.245
UKR,2004,310.626
UKR,2005,313.513
UKR,2006,333.054
UKR,2007,336.829
UKR,2008,325.983
UKR,2009,277.593
UKR,2010,294.366
UKR,2011,308.376
UKR,2012,304.43
UKR,2013,297.54
UKR,2014,257.703
UKR,2015,223.85
UKR,2016,234.106
UKR,2017,223.288
UKR,2018,231.9
UKR,2019,222.188
UKR,2020,207.101
UKR,2021,210.636
UKR,2022,143.04
UKR,2023,139.325
UKR,2024,142.498
URY,1850,0
URY,1851,0
URY,1852,0
URY,1853,0
URY,1854,0
URY,1855,0
URY,1856,0.033
URY,1857,0.047
URY,1858,0.109
URY,1859,0.062
URY,1860,0.068
URY,1861,0.101
URY,1862,0.084
URY,1863,0.127
URY,1864,0.108
URY,1865,0.166
URY,1866,0.304
URY,1867,0.319
URY,1868,0.467
URY,1869,0.431
URY,1870,0.318
URY,1871,0.249
URY,1872,0.336
URY,1873,0.265
URY,1874,0.463
URY,1875,0.304
URY,1876,0.311
URY,1877,0.363
URY,1878,0.337
URY,1879,0.303
URY,1880,0.357
URY,1881,0.426
URY,1882,0.346
URY,1883,0.443
URY,1884,0.548
URY,1885,0.655
URY,1886,0.452
URY,1887,0.651
URY,1888,0.748
URY,1889,1.23
URY,1890,0.705
URY,1891,0.587
URY,1892,0.497
URY,1893,0.598
URY,1894,0.77
URY,1895,0.755
URY,1896,0.787
URY,1897,0.619
URY,1898,0.938
URY,1899,0.947
URY,1900,1.218
URY,1901,1.238
URY,1902,1.739
URY,1903,1.513
URY,1904,1.048
URY,1905,0.923
URY,1906,1.675
URY,1907,2.186
URY,1908,2.53
URY,1909,2.475
URY,1910,2.598
URY,1911,2.501
URY,1912,2.343
URY,1913,2.123
URY,1914,1.651
URY,1915,1.243
URY,1916,0.824
URY,1917,0.789
URY,1918,1.029
URY,1919,1.059
URY,1920,1
URY,1921,0.821
URY,1922,1.298
URY,1923,1.123
URY,1924,1.254
URY,1925,0.904
URY,1926,0.829
URY,1927,0.754
URY,1928,0.622
URY,1929,0.874
URY,1930,0.73
URY,1931,0.853
URY,1932,0.726
URY,1933,0.791
URY,1934,0.741
URY,1935,0.832
URY,1936,0.891
URY,1937,0.792
URY,1938,0.727
URY,1939,0.845
URY,1940,0.941
URY,1941,0.769
URY,1942,0.555
URY,1943,0.804
URY,1944,0.703
URY,1945,0.855
URY,1946,0.517
URY,1947,0.429
URY,1948,0.459
URY,1949,0.459
URY,1950,2.508
URY,1951,2.622
URY,1952,3.153
URY,1953,3.505
URY,1954,3.736
URY,1955,3.919
URY,1956,4.022
URY,1957,4.432
URY,1958,3.977
URY,1959,4.388
URY,1960,4.315
URY,1961,4.117
URY,1962,4.007
URY,1963,4.315
URY,1964,4.553
URY,1965,5.516
URY,1966,5.399
URY,1967,4.879
URY,1968,4.878
URY,1969,5.589
URY,1970,5.736
URY,1971,5.802
URY,1972,6.069
URY,1973,5.769
URY,1974,5.677
URY,1975,5.962
URY,1976,5.888
URY,1977,5.641
URY,1978,5.732
URY,1979,6.266
URY,1980,5.824
URY,1981,5.362
URY,1982,4.86
URY,1983,3.808
URY,1984,3.442
URY,1985,3.288
URY,1986,3.17
URY,1987,3.549
URY,1988,4.793
URY,1989,4.863
URY,1990,3.977
URY,1991,4.537
URY,1992,5.151
URY,1993,4.447
URY,1994,4.041
URY,1995,4.565
URY,1996,5.414
URY,1997,5.522
URY,1998,5.651
URY,1999,6.689
URY,2000,5.277
URY,2001,5.041
URY,2002,4.569
URY,2003,4.537
URY,2004,5.574
URY,2005,5.737
URY,2006,6.611
URY,2007,5.96
URY,2008,8.218
URY,2009,7.99
URY,2010,6.322
URY,2011,7.686
URY,2012,8.605
URY,2013,7.491
URY,2014,6.684
URY,2015,6.738
URY,2016,6.52
URY,2017,6.151
URY,2018,6.57
URY,2019,6.408
URY,2020,6.477
URY,2021,7.829
URY,2022,7.501
URY,2023,7.627
URY,2024,7.973
USA,1800,0.253
USA,1801,0.267
USA,1802,0.289
USA,1803,0.297
USA,1804,0.333
USA,1805,0.341
USA,1806,0.333
USA,1807,0.377
USA,1808,0.392
USA,1809,0.403
USA,1810,0.418
USA,1811,0.447
USA,1812,0.484
USA,1813,0.52
USA,1814,0.561
USA,1815,0.601
USA,1816,0.663
USA,1817,0.718
USA,1818,0.78
USA,1819,0.762
USA,1820,0.791
USA,1821,0.828
USA,1822,0.865
USA,1823,0.901
USA,1824,1.015
USA,1825,1.136
USA,1826,1.315
USA,1827,1.447
USA,1828,1.594
USA,1829,1.795
USA,1830,2.088
USA,1831,2.264
USA,1832,3.023
USA,1833,3.528
USA,1834,3.382
USA,1835,4.316
USA,1836,4.73
USA,1837,5.305
USA,1838,5.031
USA,1839,5.518
USA,1840,5.873
USA,1841,6.214
USA,1842,6.918
USA,1843,7.764
USA,1844,9.307
USA,1845,11.205
USA,1846,12.71
USA,1847,15.07
USA,1848,16.785
USA,1849,18.221
USA,1850,19.793
USA,1851,24.633
USA,1852,26.791
USA,1853,30.162
USA,1854,33.159
USA,1855,38.161
USA,1856,40.037
USA,1857,41.055
USA,1858,41.649
USA,1859,45.32
USA,1860,47.438
USA,1861,45.679
USA,1862,47.449
USA,1863,54.81
USA,1864,58.657
USA,1865,58.822
USA,1866,59.232
USA,1867,72.866
USA,1868,82.352
USA,1869,93.696
USA,1870,98.62
USA,1871,103.021
USA,1872,126.305
USA,1873,139.507
USA,1874,134.297
USA,1875,135.748
USA,1876,132.82
USA,1877,147.176
USA,1878,143.904
USA,1879,175.469
USA,1880,198.856
USA,1881,210.401
USA,1882,235.664
USA,1883,254.231
USA,1884,267.922
USA,1885,272.507
USA,1886,287.837
USA,1887,307.937
USA,1888,374.415
USA,1889,336.124
USA,1890,402.412
USA,1891,428.107
USA,1892,451.177
USA,1893,454.759
USA,1894,425.745
USA,1895,480.673
USA,1896,481.673
USA,1897,501.2
USA,1898,546.327
USA,1899,626.823
USA,1900,664.132
USA,1901,723.192
USA,1902,766.652
USA,1903,896.953
USA,1904,884.803
USA,1905,989.991
USA,1906,1039.964
USA,1907,1208.486
USA,1908,1057.522
USA,1909,1171.651
USA,1910,1278.53
USA,1911,1265.776
USA,1912,1351.018
USA,1913,1450.855
USA,1914,1325.944
USA,1915,1375.452
USA,1916,1527.24
USA,1917,1679.331
USA,1918,1754.117
USA,1919,1486.433
USA,1920,1747.167
USA,1921,1432.479
USA,1922,1446.013
USA,1923,1909.034
USA,1924,1711.687
USA,1925,1758.185
USA,1926,1906.048
USA,1927,1862.839
USA,1928,1830.965
USA,1929,1963.506
USA,1930,1744.916
USA,1931,1484.959
USA,1932,1257.814
USA,1933,1348.877
USA,1934,1436.239
USA,1935,1492.321
USA,1936,1713.412
USA,1937,1792.61
USA,1938,1515.75
USA,1939,1670.92
USA,1940,1874.985
USA,1941,2043.585
USA,1942,2198.265
USA,1943,2272.059
USA,1944,2444.904
USA,1945,2359.552
USA,1946,2257.494
USA,1947,2485.854
USA,1948,2582.559
USA,1949,2164.862
USA,1950,2541.485
USA,1951,2618.704
USA,1952,2551.216
USA,1953,2612.971
USA,1954,2489.462
USA,1955,2728.508
USA,1956,2859.988
USA,1957,2835.772
USA,1958,2747.108
USA,1959,2831.908
USA,1960,2897.308
USA,1961,2886.862
USA,1962,2993.898
USA,1963,3126.484
USA,1964,3264.306
USA,1965,3399.539
USA,1966,3571.417
USA,1967,3705.461
USA,1968,3840.923
USA,1969,4035.156
USA,1970,4339.704
USA,1971,4365.483
USA,1972,4573.034
USA,1973,4777.725
USA,1974,4608.462
USA,1975,4414.455
USA,1976,4621.539
USA,1977,4749.501
USA,1978,4897.339
USA,1979,4908.766
USA,1980,4730.218
USA,1981,4543.633
USA,1982,4311.918
USA,1983,4346.381
USA,1984,4479.379
USA,1985,4495.378
USA,1986,4498.136
USA,1987,4691.93
USA,1988,4897.776
USA,1989,4960.238
USA,1990,5131.761
USA,1991,5076.413
USA,1992,5178.77
USA,1993,5279.52
USA,1994,5361.863
USA,1995,5425.837
USA,1996,5601.094
USA,1997,5673.144
USA,1998,5736.36
USA,1999,5800.281
USA,2000,6023.158
USA,2001,5903.562
USA,2002,5947.819
USA,2003,6006.44
USA,2004,6111.545
USA,2005,6126.903
USA,2006,6045.326
USA,2007,6121.542
USA,2008,5919.221
USA,2009,5486.104
USA,2010,5669.25
USA,2011,5538.973
USA,2012,5331.467
USA,2013,5473.436
USA,2014,5531.385
USA,2015,5368.497
USA,2016,5245.362
USA,2017,5195.417
USA,2018,5361.236
USA,2019,5235.912
USA,2020,4689.954
USA,2021,5020.111
USA,2022,5055.403
USA,2023,4918.407
USA,2024,4904.12
UZB,1830,0
UZB,1831,0.001
UZB,1832,0
UZB,1833,0
UZB,1850,0.003
UZB,1851,0
UZB,1852,0
UZB,1853,0
UZB,1854,0
UZB,1855,0.009
UZB,1856,0
UZB,1857,0
UZB,1858,0.013
UZB,1859,0.013
UZB,1860,0.018
UZB,1861,0.022
UZB,1862,0.02
UZB,1863,0.021
UZB,1864,0.024
UZB,1865,0.023
UZB,1866,0.072
UZB,1867,0.082
UZB,1868,0.068
UZB,1869,0.093
UZB,1870,0.101
UZB,1871,0.136
UZB,1872,0.14
UZB,1873,0.131
UZB,1874,0.159
UZB,1875,0.183
UZB,1876,0.227
UZB,1877,0.232
UZB,1878,0.303
UZB,1879,0.311
UZB,1880,0.365
UZB,1881,0.385
UZB,1882,0.405
UZB,1883,0.461
UZB,1884,0.468
UZB,1885,0.51
UZB,1886,0.523
UZB,1887,0.553
UZB,1888,0.577
UZB,1889,0.623
UZB,1890,0.706
UZB,1891,0.777
UZB,1892,0.823
UZB,1893,0.964
UZB,1894,0.982
UZB,1895,1.129
UZB,1896,1.149
UZB,1897,1.328
UZB,1898,1.49
UZB,1899,1.728
UZB,1900,1.958
UZB,1901,2.01
UZB,1902,1.941
UZB,1903,1.899
UZB,1904,2.113
UZB,1905,1.886
UZB,1906,2.151
UZB,1907,2.41
UZB,1908,2.424
UZB,1909,2.559
UZB,1910,2.51
UZB,1911,2.602
UZB,1912,2.948
UZB,1913,3.202
UZB,1914,2.89
UZB,1915,2.653
UZB,1916,2.827
UZB,1917,2.602
UZB,1918,1.038
UZB,1919,0.886
UZB,1920,0.808
UZB,1921,0.876
UZB,1922,1.069
UZB,1923,1.181
UZB,1924,1.407
UZB,1925,1.389
UZB,1926,2.012
UZB,1927,2.501
UZB,1928,2.689
UZB,1929,2.894
UZB,1930,3.97
UZB,1931,4.783
UZB,1932,5.377
UZB,1933,6.042
UZB,1934,7.291
UZB,1935,8.223
UZB,1936,9.39
UZB,1937,9.63
UZB,1938,10.166
UZB,1939,10.293
UZB,1940,12.359
UZB,1941,10.829
UZB,1942,6.044
UZB,1943,6.308
UZB,1944,9.148
UZB,1945,9.581
UZB,1946,10.694
UZB,1947,12.841
UZB,1948,13.598
UZB,1949,15.434
UZB,1950,17.14
UZB,1951,18.527
UZB,1952,19.819
UZB,1953,20.944
UZB,1954,22.817
UZB,1955,25.861
UZB,1956,28.426
UZB,1957,31.159
UZB,1958,33.335
UZB,1959,35.064
UZB,1960,36.543
UZB,1961,37.812
UZB,1962,39.819
UZB,1963,42.851
UZB,1964,45.714
UZB,1965,48.565
UZB,1966,51.335
UZB,1967,53.776
UZB,1968,55.396
UZB,1969,57.767
UZB,1970,60.628
UZB,1971,64.492
UZB,1972,67.864
UZB,1973,70.769
UZB,1974,73.506
UZB,1975,77.3
UZB,1976,80.283
UZB,1977,83.003
UZB,1978,85.864
UZB,1979,86.553
UZB,1980,89.878
UZB,1981,88.283
UZB,1982,89.966
UZB,1983,91.261
UZB,1984,92.106
UZB,1985,99.282
UZB,1986,95.238
UZB,1987,97.685
UZB,1988,101.107
UZB,1989,104.127
UZB,1990,103.123
UZB,1991,102.324
UZB,1992,110.991
UZB,1993,115.619
UZB,1994,109.787
UZB,1995,104.804
UZB,1996,108.189
UZB,1997,109.029
UZB,1998,120.976
UZB,1999,123.588
UZB,2000,123.478
UZB,2001,126.223
UZB,2002,132.577
UZB,2003,130.296
UZB,2004,129.099
UZB,2005,121.602
UZB,2006,124.899
UZB,2007,123.823
UZB,2008,128.387
UZB,2009,109.23
UZB,2010,107.668
UZB,2011,116.755
UZB,2012,118.86
UZB,2013,112.395
UZB,2014,107.496
UZB,2015,103.374
UZB,2016,109.837
UZB,2017,108.883
UZB,2018,102.33
UZB,2019,107.947
UZB,2020,108.139
UZB,2021,123.162
UZB,2022,119.105
UZB,2023,122.872
UZB,2024,139.234
VAT,1850,0
VAT,1851,0
VAT,1852,0
VAT,1853,0
VAT,1854,0
VAT,1855,0
VAT,1856,0
VAT,1857,0
VAT,1858,0
VAT,1859,0
VAT,1860,0
VAT,1861,0
VAT,1862,0
VAT,1863,0
VAT,1864,0
VAT,1865,0
VAT,1866,0
VAT,1867,0
VAT,1868,0
VAT,1869,0
VAT,1870,0
VAT,1871,0
VAT,1872,0
VAT,1873,0
VAT,1874,0
VAT,1875,0
VAT,1876,0
VAT,1877,0
VAT,1878,0
VAT,1879,0
VAT,1880,0
VAT,1881,0
VAT,1882,0
VAT,1883,0
VAT,1884,0
VAT,1885,0
VAT,1886,0
VAT,1887,0
VAT,1888,0
VAT,1889,0
VAT,1890,0
VAT,1891,0
VAT,1892,0
VAT,1893,0
VAT,1894,0
VAT,1895,0
VAT,1896,0
VAT,1897,0
VAT,1898,0
VAT,1899,0
VAT,1900,0
VAT,1901,0
VAT,1902,0
VAT,1903,0
VAT,1904,0
VAT,1905,0
VAT,1906,0
VAT,1907,0
VAT,1908,0
VAT,1909,0
VAT,1910,0
VAT,1911,0
VAT,1912,0
VAT,1913,0
VAT,1914,0
VAT,1915,0
VAT,1916,0
VAT,1917,0
VAT,1918,0
VAT,1919,0
VAT,1920,0
VAT,1921,0
VAT,1922,0
VAT,1923,0
VAT,1924,0
VAT,1925,0
VAT,1926,0
VAT,1927,0
VAT,1928,0
VAT,1929,0
VAT,1930,0
VAT,1931,0
VAT,1932,0
VAT,1933,0
VAT,1934,0
VAT,1935,0
VAT,1936,0
VAT,1937,0
VAT,1938,0
VAT,1939,0
VAT,1940,0
VAT,1941,0
VAT,1942,0
VAT,1943,0
VAT,1944,0
VAT,1945,0
VAT,1946,0
VAT,1947,0
VAT,1948,0
VAT,1949,0
VAT,1950,0
VAT,1951,0
VAT,1952,0
VAT,1953,0
VAT,1954,0
VAT,1955,0
VAT,1956,0
VAT,1957,0
VAT,1958,0
VAT,1959,0
VAT,1960,0
VAT,1961,0
VAT,1962,0
VAT,1963,0
VAT,1964,0
VAT,1965,0
VAT,1966,0
VAT,1967,0
VAT,1968,0
VAT,1969,0
VAT,1970,0
VAT,1971,0
VAT,1972,0
VAT,1973,0
VAT,1974,0
VAT,1975,0
VAT,1976,0
VAT,1977,0
VAT,1978,0
VAT,1979,0
VAT,1980,0
VAT,1981,0
VAT,1982,0
VAT,1983,0
VAT,1984,0
VAT,1985,0
VAT,1986,0
VAT,1987,0
VAT,1988,0
VAT,1989,0
VAT,1990,0
VAT,1991,0
VAT,1992,0
VAT,1993,0
VAT,1994,0
VAT,1995,0
VAT,1996,0
VAT,1997,0
VAT,1998,0
VAT,1999,0
VAT,2000,0
VAT,2001,0
VAT,2002,0
VAT,2003,0
VAT,2004,0
VAT,2005,0
VAT,2006,0
VAT,2007,0
VAT,2008,0
VAT,2009,0
VAT,2010,0
VAT,2011,0
VAT,2012,0
VAT,2013,0
VAT,2014,0
VAT,2015,0
VAT,2016,0
VAT,2017,0
VAT,2018,0
VAT,2019,0
VAT,2020,0
VAT,2021,0
VAT,2022,0
VAT,2023,0
VAT,2024,0
VCT,1850,0
VCT,1851,0
VCT,1852,0
VCT,1853,0
VCT,1854,0
VCT,1855,0
VCT,1856,0
VCT,1857,0
VCT,1858,0
VCT,1859,0
VCT,1860,0
VCT,1861,0
VCT,1862,0
VCT,1863,0
VCT,1864,0
VCT,1865,0
VCT,1866,0
VCT,1867,0
VCT,1868,0
VCT,1869,0
VCT,1870,0
VCT,1871,0
VCT,1872,0
VCT,1873,0
VCT,1874,0
VCT,1875,0
VCT,1876,0
VCT,1877,0
VCT,1878,0
VCT,1879,0
VCT,1880,0
VCT,1881,0
VCT,1882,0
VCT,1883,0
VCT,1884,0
VCT,1885,0
VCT,1886,0
VCT,1887,0
VCT,1888,0
VCT,1889,0
VCT,1890,0
VCT,1891,0
VCT,1892,0
VCT,1893,0
VCT,1894,0
VCT,1895,0
VCT,1896,0
VCT,1897,0
VCT,1898,0
VCT,1899,0
VCT,1900,0
VCT,1901,0
VCT,1902,0
VCT,1903,0
VCT,1904,0
VCT,1905,0
VCT,1906,0
VCT,1907,0
VCT,1908,0
VCT,1909,0
VCT,1910,0
VCT,1911,0
VCT,1912,0
VCT,1913,0
VCT,1914,0
VCT,1915,0
VCT,1916,0
VCT,1917,0
VCT,1918,0
VCT,1919,0
VCT,1920,0
VCT,1921,0
VCT,1922,0
VCT,1923,0
VCT,1924,0
VCT,1925,0
VCT,1926,0
VCT,1927,0
VCT,1928,0
VCT,1929,0
VCT,1930,0
VCT,1931,0
VCT,1932,0
VCT,1933,0
VCT,1934,0
VCT,1935,0
VCT,1936,0
VCT,1937,0
VCT,1938,0
VCT,1939,0
VCT,1940,0
VCT,1941,0
VCT,1942,0
VCT,1943,0
VCT,1944,0
VCT,1945,0
VCT,1946,0
VCT,1947,0
VCT,1948,0
VCT,1949,0
VCT,1950,0.004
VCT,1951,0.004
VCT,1952,0.011
VCT,1953,0.007
VCT,1954,0.007
VCT,1955,0.007
VCT,1956,0.007
VCT,1957,0.007
VCT,1958,0.011
VCT,1959,0.011
VCT,1960,0.011
VCT,1961,0.011
VCT,1962,0.011
VCT,1963,0.015
VCT,1964,0.018
VCT,1965,0.015
VCT,1966,0.018
VCT,1967,0.018
VCT,1968,0.022
VCT,1969,0.029
VCT,1970,0.029
VCT,1971,0.029
VCT,1972,0.037
VCT,1973,0.04
VCT,1974,0.033
VCT,1975,0.033
VCT,1976,0.033
VCT,1977,0.033
VCT,1978,0.037
VCT,1979,0.029
VCT,1980,0.037
VCT,1981,0.037
VCT,1982,0.04
VCT,1983,0.048
VCT,1984,0.066
VCT,1985,0.066
VCT,1986,0.066
VCT,1987,0.077
VCT,1988,0.066
VCT,1989,0.077
VCT,1990,0.081
VCT,1991,0.084
VCT,1992,0.084
VCT,1993,0.103
VCT,1994,0.121
VCT,1995,0.128
VCT,1996,0.132
VCT,1997,0.132
VCT,1998,0.161
VCT,1999,0.165
VCT,2000,0.143
VCT,2001,0.176
VCT,2002,0.187
VCT,2003,0.202
VCT,2004,0.22
VCT,2005,0.22
VCT,2006,0.22
VCT,2007,0.238
VCT,2008,0.22
VCT,2009,0.278
VCT,2010,0.224
VCT,2011,0.216
VCT,2012,0.231
VCT,2013,0.216
VCT,2014,0.256
VCT,2015,0.234
VCT,2016,0.242
VCT,2017,0.213
VCT,2018,0.242
VCT,2019,0.22
VCT,2020,0.238
VCT,2021,0.234
VCT,2022,0.247
VCT,2023,0.246
VCT,2024,0.256
VEN,1850,0
VEN,1851,0
VEN,1852,0
VEN,1853,0
VEN,1854,0
VEN,1855,0
VEN,1856,0
VEN,1857,0
VEN,1858,0
VEN,1859,0
VEN,1860,0
VEN,1861,0
VEN,1862,0
VEN,1863,0
VEN,1864,0
VEN,1865,0
VEN,1866,0
VEN,1867,0
VEN,1868,0
VEN,1869,0
VEN,1870,0.001
VEN,1871,0.001
VEN,1872,0.001
VEN,1873,0.001
VEN,1874,0.002
VEN,1875,0.001
VEN,1876,0.002
VEN,1877,0.003
VEN,1878,0.003
VEN,1879,0.003
VEN,1880,0.003
VEN,1881,0.003
VEN,1882,0.002
VEN,1883,0.001
VEN,1884,0.003
VEN,1885,0.032
VEN,1886,0.026
VEN,1887,0.044
VEN,1888,0.061
VEN,1889,0.073
VEN,1890,0.089
VEN,1891,0.098
VEN,1892,0.078
VEN,1893,0.085
VEN,1894,0.071
VEN,1895,0.072
VEN,1896,0.063
VEN,1897,0.068
VEN,1898,0.052
VEN,1899,0.054
VEN,1900,0.038
VEN,1901,0.05
VEN,1902,0.051
VEN,1903,0.035
VEN,1904,0.063
VEN,1905,0.046
VEN,1906,0.035
VEN,1907,0.048
VEN,1908,0.037
VEN,1909,0.037
VEN,1910,0.03
VEN,1911,0.042
VEN,1912,0.059
VEN,1913,0.068
VEN,1914,0.086
VEN,1915,0.09
VEN,1916,0.12
VEN,1917,0.096
VEN,1918,0.161
VEN,1919,0.21
VEN,1920,0.138
VEN,1921,0.188
VEN,1922,0.247
VEN,1923,0.386
VEN,1924,0.341
VEN,1925,0.627
VEN,1926,1.062
VEN,1927,1.042
VEN,1928,1.94
VEN,1929,2.012
VEN,1930,0.06
VEN,1931,0.058
VEN,1932,3.851
VEN,1933,2.873
VEN,1934,5.278
VEN,1935,6.028
VEN,1936,3.207
VEN,1937,9.447
VEN,1938,6.177
VEN,1939,7.048
VEN,1940,12.386
VEN,1941,15.094
VEN,1942,11.588
VEN,1943,10.368
VEN,1944,15.149
VEN,1945,15.782
VEN,1946,17.974
VEN,1947,20.531
VEN,1948,25.59
VEN,1949,28.775
VEN,1950,38.341
VEN,1951,47.38
VEN,1952,50.743
VEN,1953,47.855
VEN,1954,51.199
VEN,1955,59.751
VEN,1956,65.008
VEN,1957,69.583
VEN,1958,54.455
VEN,1959,65.149
VEN,1960,57.017
VEN,1961,51.88
VEN,1962,54.056
VEN,1963,56.152
VEN,1964,56.55
VEN,1965,60.73
VEN,1966,56.974
VEN,1967,65.752
VEN,1968,65.572
VEN,1969,68.933
VEN,1970,74.489
VEN,1971,62.5
VEN,1972,62.514
VEN,1973,66.433
VEN,1974,75.058
VEN,1975,63.754
VEN,1976,57.278
VEN,1977,63.658
VEN,1978,68.605
VEN,1979,76.468
VEN,1980,90.671
VEN,1981,91.829
VEN,1982,93.249
VEN,1983,92.953
VEN,1984,93.058
VEN,1985,101.094
VEN,1986,109.32
VEN,1987,110.754
VEN,1988,115.854
VEN,1989,108.651
VEN,1990,120.864
VEN,1991,114.221
VEN,1992,104.739
VEN,1993,123.052
VEN,1994,119.06
VEN,1995,124.83
VEN,1996,118.347
VEN,1997,129.755
VEN,1998,134.993
VEN,1999,143.126
VEN,2000,142.902
VEN,2001,130.618
VEN,2002,164.233
VEN,2003,154.364
VEN,2004,142.842
VEN,2005,148.408
VEN,2006,155.841
VEN,2007,154.167
VEN,2008,155.758
VEN,2009,152.176
VEN,2010,189.582
VEN,2011,168.713
VEN,2012,175.845
VEN,2013,198.452
VEN,2014,175.992
VEN,2015,166.328
VEN,2016,152.733
VEN,2017,139.093
VEN,2018,111.24
VEN,2019,105.43
VEN,2020,80.901
VEN,2021,94.902
VEN,2022,108.424
VEN,2023,119.588
VEN,2024,116.042
VGB,1850,0
VGB,1851,0
VGB,1852,0
VGB,1853,0
VGB,1854,0
VGB,1855,0
VGB,1856,0
VGB,1857,0
VGB,1858,0
VGB,1859,0
VGB,1860,0
VGB,1861,0
VGB,1862,0
VGB,1863,0
VGB,1864,0
VGB,1865,0
VGB,1866,0
VGB,1867,0
VGB,1868,0
VGB,1869,0
VGB,1870,0
VGB,1871,0
VGB,1872,0
VGB,1873,0
VGB,1874,0
VGB,1875,0
VGB,1876,0
VGB,1877,0
VGB,1878,0
VGB,1879,0
VGB,1880,0
VGB,1881,0
VGB,1882,0
VGB,1883,0
VGB,1884,0
VGB,1885,0
VGB,1886,0
VGB,1887,0
VGB,1888,0
VGB,1889,0
VGB,1890,0
VGB,1891,0
VGB,1892,0
VGB,1893,0
VGB,1894,0
VGB,1895,0
VGB,1896,0
VGB,1897,0
VGB,1898,0
VGB,1899,0
VGB,1900,0
VGB,1901,0
VGB,1902,0
VGB,1903,0
VGB,1904,0
VGB,1905,0
VGB,1906,0
VGB,1907,0
VGB,1908,0
VGB,1909,0
VGB,1910,0
VGB,1911,0
VGB,1912,0
VGB,1913,0
VGB,1914,0
VGB,1915,0
VGB,1916,0
VGB,1917,0
VGB,1918,0
VGB,1919,0
VGB,1920,0
VGB,1921,0
VGB,1922,0
VGB,1923,0
VGB,1924,0
VGB,1925,0
VGB,1926,0
VGB,1927,0
VGB,1928,0
VGB,1929,0
VGB,1930,0
VGB,1931,0
VGB,1932,0
VGB,1933,0
VGB,1934,0
VGB,1935,0
VGB,1936,0
VGB,1937,0
VGB,1938,0
VGB,1939,0
VGB,1940,0
VGB,1941,0
VGB,1942,0
VGB,1943,0
VGB,1944,0
VGB,1945,0
VGB,1946,0
VGB,1947,0
VGB,1948,0
VGB,1949,0
VGB,1950,0
VGB,1951,0
VGB,1952,0
VGB,1953,0
VGB,1954,0
VGB,1955,0
VGB,1956,0
VGB,1957,0
VGB,1958,0
VGB,1959,0
VGB,1960,0
VGB,1961,0
VGB,1962,0.004
VGB,1963,0.004
VGB,1964,0.007
VGB,1965,0.007
VGB,1966,0.011
VGB,1967,0.004
VGB,1968,0.015
VGB,1969,0.018
VGB,1970,0.018
VGB,1971,0.022
VGB,1972,0.022
VGB,1973,0.026
VGB,1974,0.026
VGB,1975,0.026
VGB,1976,0.026
VGB,1977,0.029
VGB,1978,0.029
VGB,1979,0.029
VGB,1980,0.029
VGB,1981,0.044
VGB,1982,0.037
VGB,1983,0.04
VGB,1984,0.04
VGB,1985,0.048
VGB,1986,0.055
VGB,1987,0.062
VGB,1988,0.066
VGB,1989,0.066
VGB,1990,0.066
VGB,1991,0.073
VGB,1992,0.081
VGB,1993,0.084
VGB,1994,0.088
VGB,1995,0.088
VGB,1996,0.099
VGB,1997,0.103
VGB,1998,0.103
VGB,1999,0.114
VGB,2000,0.117
VGB,2001,0.128
VGB,2002,0.139
VGB,2003,0.147
VGB,2004,0.154
VGB,2005,0.165
VGB,2006,0.18
VGB,2007,0.183
VGB,2008,0.191
VGB,2009,0.194
VGB,2010,0.213
VGB,2011,0.209
VGB,2012,0.209
VGB,2013,0.213
VGB,2014,0.216
VGB,2015,0.224
VGB,2016,0.227
VGB,2017,0.18
VGB,2018,0.158
VGB,2019,0.183
VGB,2020,0.18
VGB,2021,0.183
VGB,2022,0.186
VGB,2023,0.185
VGB,2024,0.193
VNM,1850,0
VNM,1851,0
VNM,1852,0
VNM,1853,0
VNM,1854,0
VNM,1855,0
VNM,1856,0
VNM,1857,0
VNM,1858,0
VNM,1859,0
VNM,1860,0
VNM,1861,0
VNM,1862,0
VNM,1863,0
VNM,1864,0
VNM,1865,0
VNM,1866,0
VNM,1867,0
VNM,1868,0
VNM,1869,0
VNM,1870,0
VNM,1871,0
VNM,1872,0
VNM,1873,0
VNM,1874,0
VNM,1875,0
VNM,1876,0
VNM,1877,0
VNM,1878,0
VNM,1879,0
VNM,1880,0
VNM,1881,0
VNM,1882,0
VNM,1883,0
VNM,1884,0
VNM,1885,0
VNM,1886,0
VNM,1887,0
VNM,1888,0
VNM,1889,0
VNM,1890,0
VNM,1891,0
VNM,1892,0.213
VNM,1893,0.663
VNM,1894,0.304
VNM,1895,0.18
VNM,1896,0.363
VNM,1897,0.524
VNM,1898,0.656
VNM,1899,0.733
VNM,1900,0.513
VNM,1901,0.502
VNM,1902,0.399
VNM,1903,0.557
VNM,1904,0.802
VNM,1905,0.791
VNM,1906,0.835
VNM,1907,0.85
VNM,1908,0.92
VNM,1909,1.019
VNM,1910,1.323
VNM,1911,1.158
VNM,1912,1.14
VNM,1913,1.352
VNM,1914,1.645
VNM,1915,1.707
VNM,1916,1.817
VNM,1917,1.737
VNM,1918,1.689
VNM,1919,1.766
VNM,1920,1.858
VNM,1921,2.444
VNM,1922,2.627
VNM,1923,2.803
VNM,1924,3.279
VNM,1925,3.616
VNM,1926,3.422
VNM,1927,3.957
VNM,1928,5.297
VNM,1929,5.323
VNM,1930,5.272
VNM,1931,4.656
VNM,1932,4.627
VNM,1933,4.275
VNM,1934,4.283
VNM,1935,4.763
VNM,1936,5.873
VNM,1937,6.239
VNM,1938,6.352
VNM,1939,7.092
VNM,1940,6.77
VNM,1941,6.327
VNM,1942,3.385
VNM,1943,2.769
VNM,1944,1.425
VNM,1945,0.616
VNM,1946,0.714
VNM,1947,0.711
VNM,1948,1
VNM,1949,1.077
VNM,1950,1.48
VNM,1951,1.285
VNM,1952,1.864
VNM,1953,1.75
VNM,1954,2.67
VNM,1955,3.524
VNM,1956,2.908
VNM,1957,2.876
VNM,1958,5.015
VNM,1959,6.605
VNM,1960,7.484
VNM,1961,7.978
VNM,1962,9.338
VNM,1963,9.11
VNM,1964,11.788
VNM,1965,13.15
VNM,1966,19.181
VNM,1967,22.962
VNM,1968,23.601
VNM,1969,27.056
VNM,1970,28.173
VNM,1971,24.504
VNM,1972,23.035
VNM,1973,25.068
VNM,1974,19.058
VNM,1975,21.771
VNM,1976,13.899
VNM,1977,15.247
VNM,1978,15.388
VNM,1979,16.25
VNM,1980,16.789
VNM,1981,17.695
VNM,1982,18.342
VNM,1983,19.27
VNM,1984,17.495
VNM,1985,21.097
VNM,1986,20.585
VNM,1987,23.297
VNM,1988,23.073
VNM,1989,17.398
VNM,1990,21.299
VNM,1991,21.376
VNM,1992,21.466
VNM,1993,22.853
VNM,1994,27.362
VNM,1995,30.088
VNM,1996,35.482
VNM,1997,45.502
VNM,1998,47.866
VNM,1999,48.548
VNM,2000,53.935
VNM,2001,60.983
VNM,2002,69.531
VNM,2003,77.261
VNM,2004,88.939
VNM,2005,95.842
VNM,2006,99.656
VNM,2007,101.433
VNM,2008,114.3
VNM,2009,124.493
VNM,2010,139.564
VNM,2011,152.564
VNM,2012,144.288
VNM,2013,151.459
VNM,2014,180.048
VNM,2015,213.391
VNM,2016,221.027
VNM,2017,227.694
VNM,2018,255.468
VNM,2019,339.312
VNM,2020,362.599
VNM,2021,314.197
VNM,2022,322.653
VNM,2023,347.399
VNM,2024,370.931
VUT,1850,0
VUT,1851,0
VUT,1852,0
VUT,1853,0
VUT,1854,0
VUT,1855,0
VUT,1856,0
VUT,1857,0
VUT,1858,0
VUT,1859,0
VUT,1860,0
VUT,1861,0
VUT,1862,0
VUT,1863,0
VUT,1864,0
VUT,1865,0
VUT,1866,0
VUT,1867,0
VUT,1868,0
VUT,1869,0
VUT,1870,0
VUT,1871,0
VUT,1872,0
VUT,1873,0
VUT,1874,0
VUT,1875,0
VUT,1876,0
VUT,1877,0
VUT,1878,0
VUT,1879,0
VUT,1880,0
VUT,1881,0
VUT,1882,0
VUT,1883,0
VUT,1884,0
VUT,1885,0
VUT,1886,0
VUT,1887,0
VUT,1888,0
VUT,1889,0
VUT,1890,0
VUT,1891,0
VUT,1892,0
VUT,1893,0
VUT,1894,0
VUT,1895,0
VUT,1896,0
VUT,1897,0
VUT,1898,0
VUT,1899,0
VUT,1900,0
VUT,1901,0
VUT,1902,0
VUT,1903,0
VUT,1904,0
VUT,1905,0
VUT,1906,0
VUT,1907,0
VUT,1908,0
VUT,1909,0
VUT,1910,0
VUT,1911,0
VUT,1912,0
VUT,1913,0
VUT,1914,0
VUT,1915,0
VUT,1916,0
VUT,1917,0
VUT,1918,0
VUT,1919,0
VUT,1920,0
VUT,1921,0
VUT,1922,0
VUT,1923,0
VUT,1924,0
VUT,1925,0
VUT,1926,0
VUT,1927,0
VUT,1928,0
VUT,1929,0
VUT,1930,0
VUT,1931,0
VUT,1932,0
VUT,1933,0
VUT,1934,0
VUT,1935,0
VUT,1936,0
VUT,1937,0
VUT,1938,0
VUT,1939,0
VUT,1940,0
VUT,1941,0
VUT,1942,0
VUT,1943,0
VUT,1944,0
VUT,1945,0
VUT,1946,0
VUT,1947,0
VUT,1948,0
VUT,1949,0
VUT,1950,0
VUT,1951,0
VUT,1952,0
VUT,1953,0
VUT,1954,0
VUT,1955,0
VUT,1956,0
VUT,1957,0
VUT,1958,0
VUT,1959,0
VUT,1960,0
VUT,1961,0
VUT,1962,0.04
VUT,1963,0.033
VUT,1964,0.062
VUT,1965,0.048
VUT,1966,0.077
VUT,1967,0.084
VUT,1968,0.062
VUT,1969,0.044
VUT,1970,0.04
VUT,1971,0.059
VUT,1972,0.062
VUT,1973,0.055
VUT,1974,0.062
VUT,1975,0.055
VUT,1976,0.044
VUT,1977,0.051
VUT,1978,0.059
VUT,1979,0.062
VUT,1980,0.062
VUT,1981,0.051
VUT,1982,0.051
VUT,1983,0.055
VUT,1984,0.055
VUT,1985,0.121
VUT,1986,0.059
VUT,1987,0.048
VUT,1988,0.066
VUT,1989,0.062
VUT,1990,0.066
VUT,1991,0.066
VUT,1992,0.062
VUT,1993,0.062
VUT,1994,0.062
VUT,1995,0.066
VUT,1996,0.073
VUT,1997,0.077
VUT,1998,0.077
VUT,1999,0.081
VUT,2000,0.084
VUT,2001,0.081
VUT,2002,0.077
VUT,2003,0.077
VUT,2004,0.073
VUT,2005,0.073
VUT,2006,0.073
VUT,2007,0.077
VUT,2008,0.088
VUT,2009,0.121
VUT,2010,0.125
VUT,2011,0.132
VUT,2012,0.117
VUT,2013,0.11
VUT,2014,0.158
VUT,2015,0.132
VUT,2016,0.15
VUT,2017,0.139
VUT,2018,0.176
VUT,2019,0.165
VUT,2020,0.205
VUT,2021,0.216
VUT,2022,0.189
VUT,2023,0.188
VUT,2024,0.197
WLF,1851,0
WLF,1852,0
WLF,1853,0
WLF,1854,0
WLF,1855,0
WLF,1856,0
WLF,1857,0
WLF,1858,0
WLF,1859,0
WLF,1860,0
WLF,1861,0
WLF,1862,0
WLF,1863,0
WLF,1864,0
WLF,1865,0
WLF,1866,0
WLF,1867,0
WLF,1868,0
WLF,1869,0
WLF,1870,0
WLF,1871,0
WLF,1872,0
WLF,1873,0
WLF,1874,0
WLF,1875,0
WLF,1876,0
WLF,1877,0
WLF,1878,0
WLF,1879,0
WLF,1880,0
WLF,1881,0
WLF,1882,0
WLF,1883,0
WLF,1884,0
WLF,1885,0
WLF,1886,0
WLF,1887,0
WLF,1888,0
WLF,1889,0
WLF,1890,0
WLF,1891,0
WLF,1892,0
WLF,1893,0
WLF,1894,0
WLF,1895,0
WLF,1896,0
WLF,1897,0
WLF,1898,0
WLF,1899,0
WLF,1900,0
WLF,1901,0
WLF,1902,0
WLF,1903,0
WLF,1904,0
WLF,1905,0
WLF,1906,0
WLF,1907,0
WLF,1908,0
WLF,1909,0
WLF,1910,0
WLF,1911,0
WLF,1912,0
WLF,1913,0
WLF,1914,0
WLF,1915,0
WLF,1916,0
WLF,1917,0
WLF,1918,0
WLF,1919,0
WLF,1920,0
WLF,1921,0
WLF,1922,0
WLF,1923,0
WLF,1924,0
WLF,1925,0
WLF,1926,0
WLF,1927,0
WLF,1928,0
WLF,1929,0
WLF,1930,0
WLF,1931,0
WLF,1932,0
WLF,1933,0
WLF,1934,0
WLF,1935,0
WLF,1936,0
WLF,1937,0
WLF,1938,0
WLF,1939,0
WLF,1940,0
WLF,1941,0
WLF,1942,0
WLF,1943,0
WLF,1944,0
WLF,1945,0
WLF,1946,0
WLF,1947,0
WLF,1948,0
WLF,1949,0
WLF,1950,0
WLF,1951,0
WLF,1952,0
WLF,1953,0
WLF,1954,0
WLF,1955,0
WLF,1956,0
WLF,1957,0
WLF,1958,0
WLF,1959,0
WLF,1960,0
WLF,1961,0
WLF,1962,0
WLF,1963,0
WLF,1964,0
WLF,1965,0
WLF,1966,0
WLF,1967,0
WLF,1968,0
WLF,1969,0
WLF,1970,0
WLF,1971,0
WLF,1972,0
WLF,1973,0
WLF,1974,0
WLF,1975,0
WLF,1976,0
WLF,1977,0
WLF,1978,0
WLF,1979,0
WLF,1980,0
WLF,1981,0
WLF,1982,0
WLF,1983,0
WLF,1984,0
WLF,1985,0
WLF,1986,0
WLF,1987,0
WLF,1988,0
WLF,1989,0
WLF,1990,0.018
WLF,1991,0.018
WLF,1992,0.018
WLF,1993,0.022
WLF,1994,0.022
WLF,1995,0.022
WLF,1996,0.022
WLF,1997,0.022
WLF,1998,0.022
WLF,1999,0.022
WLF,2000,0.022
WLF,2001,0.026
WLF,2002,0.026
WLF,2003,0.026
WLF,2004,0.026
WLF,2005,0.026
WLF,2006,0.026
WLF,2007,0.026
WLF,2008,0.026
WLF,2009,0.026
WLF,2010,0.026
WLF,2011,0.026
WLF,2012,0.026
WLF,2013,0.026
WLF,2014,0.026
WLF,2015,0.026
WLF,2016,0.026
WLF,2017,0.026
WLF,2018,0.026
WLF,2019,0.026
WLF,2020,0.029
WLF,2021,0.029
WLF,2022,0.029
WLF,2023,0.029
WLF,2024,0.031
WSM,1850,0
WSM,1851,0
WSM,1852,0
WSM,1853,0
WSM,1854,0
WSM,1855,0
WSM,1856,0
WSM,1857,0
WSM,1858,0
WSM,1859,0
WSM,1860,0
WSM,1861,0
WSM,1862,0
WSM,1863,0
WSM,1864,0
WSM,1865,0
WSM,1866,0
WSM,1867,0
WSM,1868,0
WSM,1869,0
WSM,1870,0
WSM,1871,0
WSM,1872,0
WSM,1873,0
WSM,1874,0
WSM,1875,0
WSM,1876,0
WSM,1877,0
WSM,1878,0
WSM,1879,0
WSM,1880,0
WSM,1881,0
WSM,1882,0
WSM,1883,0
WSM,1884,0
WSM,1885,0
WSM,1886,0
WSM,1887,0
WSM,1888,0
WSM,1889,0
WSM,1890,0
WSM,1891,0
WSM,1892,0
WSM,1893,0
WSM,1894,0
WSM,1895,0
WSM,1896,0
WSM,1897,0
WSM,1898,0
WSM,1899,0
WSM,1900,0
WSM,1901,0
WSM,1902,0
WSM,1903,0
WSM,1904,0
WSM,1905,0
WSM,1906,0
WSM,1907,0
WSM,1908,0
WSM,1909,0
WSM,1910,0
WSM,1911,0
WSM,1912,0
WSM,1913,0
WSM,1914,0
WSM,1915,0
WSM,1916,0
WSM,1917,0
WSM,1918,0
WSM,1919,0
WSM,1920,0
WSM,1921,0
WSM,1922,0
WSM,1923,0
WSM,1924,0
WSM,1925,0
WSM,1926,0
WSM,1927,0
WSM,1928,0
WSM,1929,0
WSM,1930,0
WSM,1931,0
WSM,1932,0
WSM,1933,0
WSM,1934,0
WSM,1935,0
WSM,1936,0
WSM,1937,0
WSM,1938,0
WSM,1939,0
WSM,1940,0
WSM,1941,0
WSM,1942,0
WSM,1943,0
WSM,1944,0
WSM,1945,0
WSM,1946,0
WSM,1947,0
WSM,1948,0
WSM,1949,0
WSM,1950,0.004
WSM,1951,0.004
WSM,1952,0.007
WSM,1953,0.007
WSM,1954,0.011
WSM,1955,0.011
WSM,1956,0.011
WSM,1957,0.015
WSM,1958,0.011
WSM,1959,0.015
WSM,1960,0.015
WSM,1961,0.018
WSM,1962,0.018
WSM,1963,0.022
WSM,1964,0.026
WSM,1965,0.029
WSM,1966,0.026
WSM,1967,0.026
WSM,1968,0.029
WSM,1969,0.029
WSM,1970,0.029
WSM,1971,0.037
WSM,1972,0.037
WSM,1973,0.037
WSM,1974,0.044
WSM,1975,0.059
WSM,1976,0.044
WSM,1977,0.073
WSM,1978,0.099
WSM,1979,0.084
WSM,1980,0.077
WSM,1981,0.073
WSM,1982,0.066
WSM,1983,0.066
WSM,1984,0.07
WSM,1985,0.077
WSM,1986,0.081
WSM,1987,0.077
WSM,1988,0.084
WSM,1989,0.084
WSM,1990,0.092
WSM,1991,0.095
WSM,1992,0.099
WSM,1993,0.106
WSM,1994,0.099
WSM,1995,0.11
WSM,1996,0.125
WSM,1997,0.125
WSM,1998,0.139
WSM,1999,0.139
WSM,2000,0.143
WSM,2001,0.154
WSM,2002,0.161
WSM,2003,0.161
WSM,2004,0.169
WSM,2005,0.172
WSM,2006,0.169
WSM,2007,0.18
WSM,2008,0.161
WSM,2009,0.169
WSM,2010,0.187
WSM,2011,0.191
WSM,2012,0.191
WSM,2013,0.191
WSM,2014,0.202
WSM,2015,0.227
WSM,2016,0.238
WSM,2017,0.234
WSM,2018,0.234
WSM,2019,0.26
WSM,2020,0.234
WSM,2021,0.267
WSM,2022,0.236
WSM,2023,0.235
WSM,2024,0.246
YEM,1850,0
YEM,1851,0
YEM,1852,0
YEM,1853,0
YEM,1854,0
YEM,1855,0
YEM,1856,0
YEM,1857,0
YEM,1858,0
YEM,1859,0
YEM,1860,0
YEM,1861,0
YEM,1862,0
YEM,1863,0
YEM,1864,0
YEM,1865,0
YEM,1866,0
YEM,1867,0
YEM,1868,0
YEM,1869,0
YEM,1870,0
YEM,1871,0
YEM,1872,0
YEM,1873,0
YEM,1874,0
YEM,1875,0
YEM,1876,0
YEM,1877,0
YEM,1878,0
YEM,1879,0
YEM,1880,0
YEM,1881,0
YEM,1882,0
YEM,1883,0
YEM,1884,0
YEM,1885,0
YEM,1886,0
YEM,1887,0
YEM,1888,0
YEM,1889,0
YEM,1890,0
YEM,1891,0
YEM,1892,0
YEM,1893,0
YEM,1894,0
YEM,1895,0
YEM,1896,0
YEM,1897,0
YEM,1898,0
YEM,1899,0
YEM,1900,0
YEM,1901,0
YEM,1902,0
YEM,1903,0
YEM,1904,0
YEM,1905,0
YEM,1906,0
YEM,1907,0
YEM,1908,0
YEM,1909,0
YEM,1910,0
YEM,1911,0
YEM,1912,0
YEM,1913,0
YEM,1914,0
YEM,1915,0
YEM,1916,0
YEM,1917,0
YEM,1918,0
YEM,1919,0
YEM,1920,0
YEM,1921,0
YEM,1922,0
YEM,1923,0
YEM,1924,0
YEM,1925,0
YEM,1926,0
YEM,1927,0
YEM,1928,0
YEM,1929,0
YEM,1930,0
YEM,1931,0
YEM,1932,0
YEM,1933,0
YEM,1934,0
YEM,1935,0
YEM,1936,0
YEM,1937,0
YEM,1938,0
YEM,1939,0
YEM,1940,0
YEM,1941,0
YEM,1942,0
YEM,1943,0
YEM,1944,0
YEM,1945,0
YEM,1946,0
YEM,1947,0
YEM,1948,0
YEM,1949,0
YEM,1950,0.059
YEM,1951,0.04
YEM,1952,0.059
YEM,1953,0.07
YEM,1954,4.455
YEM,1955,2.484
YEM,1956,2.33
YEM,1957,2.957
YEM,1958,1.883
YEM,1959,2.601
YEM,1960,3.631
YEM,1961,2.664
YEM,1962,3.884
YEM,1963,2.917
YEM,1964,3.631
YEM,1965,3.928
YEM,1966,3.462
YEM,1967,3.052
YEM,1968,11.637
YEM,1969,4.675
YEM,1970,2.51
YEM,1971,1.971
YEM,1972,1.495
YEM,1973,2.73
YEM,1974,2.246
YEM,1975,2.169
YEM,1976,2.565
YEM,1977,2.978
YEM,1978,3.103
YEM,1979,3.22
YEM,1980,3.315
YEM,1981,4.227
YEM,1982,5.94
YEM,1983,6.314
YEM,1984,7.149
YEM,1985,8.632
YEM,1986,8.245
YEM,1987,8.665
YEM,1988,9.585
YEM,1989,9.976
YEM,1990,9.572
YEM,1991,9.182
YEM,1992,9.926
YEM,1993,8.679
YEM,1994,9.964
YEM,1995,11.138
YEM,1996,11.375
YEM,1997,12.26
YEM,1998,12.931
YEM,1999,14.796
YEM,2000,15.832
YEM,2001,17.194
YEM,2002,16.707
YEM,2003,18.609
YEM,2004,20.109
YEM,2005,21.797
YEM,2006,23.906
YEM,2007,23.676
YEM,2008,24.537
YEM,2009,26.897
YEM,2010,25.818
YEM,2011,22.625
YEM,2012,20.467
YEM,2013,27.281
YEM,2014,26.592
YEM,2015,14.123
YEM,2016,10.044
YEM,2017,9.214
YEM,2018,11.504
YEM,2019,11.788
YEM,2020,10.757
YEM,2021,10.608
YEM,2022,10.404
YEM,2023,10.141
YEM,2024,10.123
ZAF,1850,0
ZAF,1851,0
ZAF,1852,0
ZAF,1853,0
ZAF,1854,0
ZAF,1855,0
ZAF,1856,0
ZAF,1857,0
ZAF,1858,0
ZAF,1859,0
ZAF,1860,0
ZAF,1861,0
ZAF,1862,0
ZAF,1863,0
ZAF,1864,0
ZAF,1865,0
ZAF,1866,0
ZAF,1867,0
ZAF,1868,0
ZAF,1869,0
ZAF,1870,0
ZAF,1871,0
ZAF,1872,0
ZAF,1873,0
ZAF,1874,0
ZAF,1875,0
ZAF,1876,0
ZAF,1877,0
ZAF,1878,0
ZAF,1879,0
ZAF,1880,0
ZAF,1881,0
ZAF,1882,0
ZAF,1883,0
ZAF,1884,0.022
ZAF,1885,0.037
ZAF,1886,0.048
ZAF,1887,0.048
ZAF,1888,0.081
ZAF,1889,0.132
ZAF,1890,0.297
ZAF,1891,0.297
ZAF,1892,0.48
ZAF,1893,1.799
ZAF,1894,2.433
ZAF,1895,3.338
ZAF,1896,4.258
ZAF,1897,4.778
ZAF,1898,6.049
ZAF,1899,5.518
ZAF,1900,2.33
ZAF,1901,3.909
ZAF,1902,5.826
ZAF,1903,7.782
ZAF,1904,8.768
ZAF,1905,10.028
ZAF,1906,11.465
ZAF,1907,12.652
ZAF,1908,13.007
ZAF,1909,14.975
ZAF,1910,16.979
ZAF,1911,16.341
ZAF,1912,17.349
ZAF,1913,18.983
ZAF,1914,18.401
ZAF,1915,18.511
ZAF,1916,21.812
ZAF,1917,23.34
ZAF,1918,22.222
ZAF,1919,23.138
ZAF,1920,25.666
ZAF,1921,25.414
ZAF,1922,21.786
ZAF,1923,26.443
ZAF,1924,27.777
ZAF,1925,28.953
ZAF,1926,30.43
ZAF,1927,29.561
ZAF,1928,29.623
ZAF,1929,30.769
ZAF,1930,28.722
ZAF,1931,25.567
ZAF,1932,23.456
ZAF,1933,25.332
ZAF,1934,28.871
ZAF,1935,32.157
ZAF,1936,35.252
ZAF,1937,36.816
ZAF,1938,38.699
ZAF,1939,40.157
ZAF,1940,41.517
ZAF,1941,44.327
ZAF,1942,48.423
ZAF,1943,48.764
ZAF,1944,54.567
ZAF,1945,55.868
ZAF,1946,56.043
ZAF,1947,55.834
ZAF,1948,57.098
ZAF,1949,60.586
ZAF,1950,60.914
ZAF,1951,65.068
ZAF,1952,70.832
ZAF,1953,70.974
ZAF,1954,73.879
ZAF,1955,82.929
ZAF,1956,87.252
ZAF,1957,89.644
ZAF,1958,96.253
ZAF,1959,94.473
ZAF,1960,97.847
ZAF,1961,102.12
ZAF,1962,105.67
ZAF,1963,109.725
ZAF,1964,119.546
ZAF,1965,128.14
ZAF,1966,128.235
ZAF,1967,133.76
ZAF,1968,137.954
ZAF,1969,143.143
ZAF,1970,149.622
ZAF,1971,168.407
ZAF,1972,171.557
ZAF,1973,173.352
ZAF,1974,176.548
ZAF,1975,185.005
ZAF,1976,192.909
ZAF,1977,199.738
ZAF,1978,201.88
ZAF,1979,218.671
ZAF,1980,228.201
ZAF,1981,257.079
ZAF,1982,280.437
ZAF,1983,291.906
ZAF,1984,315.597
ZAF,1985,323.865
ZAF,1986,330.501
ZAF,1987,328.672
ZAF,1988,342.662
ZAF,1989,340.715
ZAF,1990,312.934
ZAF,1991,326.03
ZAF,1992,301.329
ZAF,1993,320.353
ZAF,1994,338.701
ZAF,1995,361.712
ZAF,1996,363.732
ZAF,1997,385.215
ZAF,1998,377.273
ZAF,1999,374.869
ZAF,2000,378.333
ZAF,2001,371.602
ZAF,2002,356.501
ZAF,2003,404.406
ZAF,2004,449.322
ZAF,2005,416.205
ZAF,2006,446.744
ZAF,2007,465.034
ZAF,2008,494.673
ZAF,2009,474.512
ZAF,2010,467.353
ZAF,2011,474.273
ZAF,2012,461.438
ZAF,2013,456.188
ZAF,2014,481.638
ZAF,2015,457.473
ZAF,2016,457.05
ZAF,2017,440.01
ZAF,2018,453.766
ZAF,2019,470.727
ZAF,2020,435.298
ZAF,2021,439.464
ZAF,2022,428.782
ZAF,2023,436.604
ZAF,2024,439.831
ZMB,1850,0
ZMB,1851,0
ZMB,1852,0
ZMB,1853,0
ZMB,1854,0
ZMB,1855,0
ZMB,1856,0
ZMB,1857,0
ZMB,1858,0
ZMB,1859,0
ZMB,1860,0
ZMB,1861,0
ZMB,1862,0
ZMB,1863,0
ZMB,1864,0
ZMB,1865,0
ZMB,1866,0
ZMB,1867,0
ZMB,1868,0
ZMB,1869,0
ZMB,1870,0
ZMB,1871,0
ZMB,1872,0
ZMB,1873,0
ZMB,1874,0
ZMB,1875,0
ZMB,1876,0
ZMB,1877,0
ZMB,1878,0
ZMB,1879,0
ZMB,1880,0
ZMB,1881,0
ZMB,1882,0
ZMB,1883,0
ZMB,1884,0
ZMB,1885,0
ZMB,1886,0
ZMB,1887,0
ZMB,1888,0
ZMB,1889,0
ZMB,1890,0
ZMB,1891,0
ZMB,1892,0
ZMB,1893,0
ZMB,1894,0
ZMB,1895,0
ZMB,1896,0
ZMB,1897,0
ZMB,1898,0
ZMB,1899,0
ZMB,1900,0
ZMB,1901,0
ZMB,1902,0
ZMB,1903,0
ZMB,1904,0
ZMB,1905,0
ZMB,1906,0
ZMB,1907,0
ZMB,1908,0
ZMB,1909,0
ZMB,1910,0
ZMB,1911,0
ZMB,1912,0
ZMB,1913,0
ZMB,1914,0
ZMB,1915,0
ZMB,1916,0
ZMB,1917,0
ZMB,1918,0
ZMB,1919,0
ZMB,1920,0
ZMB,1921,0
ZMB,1922,0
ZMB,1923,0
ZMB,1924,0
ZMB,1925,0
ZMB,1926,0
ZMB,1927,0
ZMB,1928,0
ZMB,1929,0
ZMB,1930,0
ZMB,1931,0
ZMB,1932,0
ZMB,1933,0
ZMB,1934,0
ZMB,1935,0
ZMB,1936,0
ZMB,1937,0
ZMB,1938,0
ZMB,1939,0
ZMB,1940,0
ZMB,1941,0
ZMB,1942,0
ZMB,1943,0
ZMB,1944,0
ZMB,1945,0
ZMB,1946,0
ZMB,1947,0
ZMB,1948,0
ZMB,1949,0
ZMB,1950,2.33
ZMB,1951,2.569
ZMB,1952,2.89
ZMB,1953,3.15
ZMB,1954,3.464
ZMB,1955,4.085
ZMB,1956,4.453
ZMB,1957,4.584
ZMB,1958,4.095
ZMB,1959,4.568
ZMB,1960,4.355
ZMB,1961,3.709
ZMB,1962,3.583
ZMB,1963,3.444
ZMB,1964,3.275
ZMB,1965,3.912
ZMB,1966,3.498
ZMB,1967,4.788
ZMB,1968,4.568
ZMB,1969,4.271
ZMB,1970,3.766
ZMB,1971,3.79
ZMB,1972,4.061
ZMB,1973,4.586
ZMB,1974,4.197
ZMB,1975,4.076
ZMB,1976,4.019
ZMB,1977,3.735
ZMB,1978,3.471
ZMB,1979,3.596
ZMB,1980,3.523
ZMB,1981,3.358
ZMB,1982,3.511
ZMB,1983,3.261
ZMB,1984,2.804
ZMB,1985,2.733
ZMB,1986,2.866
ZMB,1987,2.674
ZMB,1988,3.109
ZMB,1989,2.57
ZMB,1990,2.407
ZMB,1991,2.382
ZMB,1992,2.425
ZMB,1993,2.466
ZMB,1994,2.393
ZMB,1995,2.142
ZMB,1996,1.838
ZMB,1997,2.354
ZMB,1998,2.278
ZMB,1999,1.778
ZMB,2000,1.784
ZMB,2001,1.886
ZMB,2002,1.961
ZMB,2003,2.074
ZMB,2004,2.104
ZMB,2005,2.243
ZMB,2006,2.231
ZMB,2007,2.298
ZMB,2008,2.553
ZMB,2009,2.94
ZMB,2010,3.121
ZMB,2011,3.379
ZMB,2012,4.177
ZMB,2013,4.427
ZMB,2014,5.283
ZMB,2015,5.522
ZMB,2016,5.978
ZMB,2017,7.459
ZMB,2018,8.658
ZMB,2019,8.846
ZMB,2020,9.991
ZMB,2021,9.35
ZMB,2022,10.939
ZMB,2023,11.831
ZMB,2024,12.043
ZWE,1750,0
ZWE,1751,0
ZWE,1752,0
ZWE,1753,0
ZWE,1754,0
ZWE,1755,0
ZWE,1756,0
ZWE,1757,0
ZWE,1758,0
ZWE,1759,0
ZWE,1760,0
ZWE,1761,0
ZWE,1762,0
ZWE,1763,0
ZWE,1764,0
ZWE,1765,0
ZWE,1766,0
ZWE,1767,0
ZWE,1768,0
ZWE,1769,0
ZWE,1770,0
ZWE,1771,0
ZWE,1772,0
ZWE,1773,0
ZWE,1774,0
ZWE,1775,0
ZWE,1776,0
ZWE,1777,0
ZWE,1778,0
ZWE,1779,0
ZWE,1780,0
ZWE,1781,0
ZWE,1782,0
ZWE,1783,0
ZWE,1784,0
ZWE,1785,0
ZWE,1786,0
ZWE,1787,0
ZWE,1788,0
ZWE,1789,0
ZWE,1790,0
ZWE,1791,0
ZWE,1792,0
ZWE,1793,0
ZWE,1794,0
ZWE,1795,0
ZWE,1796,0
ZWE,1797,0
ZWE,1798,0
ZWE,1799,0
ZWE,1800,0
ZWE,1801,0
ZWE,1802,0
ZWE,1803,0
ZWE,1804,0
ZWE,1805,0
ZWE,1806,0
ZWE,1807,0
ZWE,1808,0
ZWE,1809,0
ZWE,1810,0
ZWE,1811,0
ZWE,1812,0
ZWE,1813,0
ZWE,1814,0
ZWE,1815,0
ZWE,1816,0
ZWE,1817,0
ZWE,1818,0
ZWE,1819,0
ZWE,1820,0
ZWE,1821,0
ZWE,1822,0
ZWE,1823,0
ZWE,1824,0
ZWE,1825,0
ZWE,1826,0
ZWE,1827,0
ZWE,1828,0
ZWE,1829,0
ZWE,1830,0
ZWE,1831,0
ZWE,1832,0
ZWE,1833,0
ZWE,1834,0
ZWE,1835,0
ZWE,1836,0
ZWE,1837,0
ZWE,1838,0
ZWE,1839,0
ZWE,1840,0
ZWE,1841,0
ZWE,1842,0
ZWE,1843,0
ZWE,1844,0
ZWE,1845,0
ZWE,1846,0
ZWE,1847,0
ZWE,1848,0
ZWE,1849,0
ZWE,1850,0
ZWE,1851,0
ZWE,1852,0
ZWE,1853,0
ZWE,1854,0
ZWE,1855,0
ZWE,1856,0
ZWE,1857,0
ZWE,1858,0
ZWE,1859,0
ZWE,1860,0
ZWE,1861,0
ZWE,1862,0
ZWE,1863,0
ZWE,1864,0
ZWE,1865,0
ZWE,1866,0
ZWE,1867,0
ZWE,1868,0
ZWE,1869,0
ZWE,1870,0
ZWE,1871,0
ZWE,1872,0
ZWE,1873,0
ZWE,1874,0
ZWE,1875,0
ZWE,1876,0
ZWE,1877,0
ZWE,1878,0
ZWE,1879,0
ZWE,1880,0
ZWE,1881,0
ZWE,1882,0
ZWE,1883,0
ZWE,1884,0
ZWE,1885,0
ZWE,1886,0
ZWE,1887,0
ZWE,1888,0
ZWE,1889,0
ZWE,1890,0
ZWE,1891,0
ZWE,1892,0
ZWE,1893,0
ZWE,1894,0
ZWE,1895,0
ZWE,1896,0
ZWE,1897,0
ZWE,1898,0
ZWE,1899,0
ZWE,1900,0
ZWE,1901,0
ZWE,1902,0
ZWE,1903,0.114
ZWE,1904,0.143
ZWE,1905,0.234
ZWE,1906,0.253
ZWE,1907,0.278
ZWE,1908,0.396
ZWE,1909,0.41
ZWE,1910,0.432
ZWE,1911,0.513
ZWE,1912,0.52
ZWE,1913,0.583
ZWE,1914,0.843
ZWE,1915,0.986
ZWE,1916,1.183
ZWE,1917,1.323
ZWE,1918,1.18
ZWE,1919,1.227
ZWE,1920,1.389
ZWE,1921,1.385
ZWE,1922,1.242
ZWE,1923,1.484
ZWE,1924,1.568
ZWE,1925,1.828
ZWE,1926,2.323
ZWE,1927,2.411
ZWE,1928,2.906
ZWE,1929,2.752
ZWE,1930,2.492
ZWE,1931,1.557
ZWE,1932,1.161
ZWE,1933,1.282
ZWE,1934,1.707
ZWE,1935,1.843
ZWE,1936,1.869
ZWE,1937,2.733
ZWE,1938,2.77
ZWE,1939,2.968
ZWE,1940,3.426
ZWE,1941,3.745
ZWE,1942,4.14
ZWE,1943,4.719
ZWE,1944,4.796
ZWE,1945,4.462
ZWE,1946,4.312
ZWE,1947,4.037
ZWE,1948,4.536
ZWE,1949,5.129
ZWE,1950,3.18
ZWE,1951,3.506
ZWE,1952,3.944
ZWE,1953,4.299
ZWE,1954,4.727
ZWE,1955,5.574
ZWE,1956,6.077
ZWE,1957,6.255
ZWE,1958,5.588
ZWE,1959,6.233
ZWE,1960,5.943
ZWE,1961,5.061
ZWE,1962,4.889
ZWE,1963,4.7
ZWE,1964,4.469
ZWE,1965,5.209
ZWE,1966,6.041
ZWE,1967,5.294
ZWE,1968,6.378
ZWE,1969,6.744
ZWE,1970,8.154
ZWE,1971,8.733
ZWE,1972,8.216
ZWE,1973,9.271
ZWE,1974,9.047
ZWE,1975,8.311
ZWE,1976,10.855
ZWE,1977,9.284
ZWE,1978,9.28
ZWE,1979,9.432
ZWE,1980,9.614
ZWE,1981,9.405
ZWE,1982,8.78
ZWE,1983,10.425
ZWE,1984,9.88
ZWE,1985,10.214
ZWE,1986,13.068
ZWE,1987,15.17
ZWE,1988,16.029
ZWE,1989,16.114
ZWE,1990,15.537
ZWE,1991,15.491
ZWE,1992,16.702
ZWE,1993,16.032
ZWE,1994,17.383
ZWE,1995,15.017
ZWE,1996,14.894
ZWE,1997,13.901
ZWE,1998,14.127
ZWE,1999,15.724
ZWE,2000,13.815
ZWE,2001,12.509
ZWE,2002,11.896
ZWE,2003,10.61
ZWE,2004,9.429
ZWE,2005,10.698
ZWE,2006,10.365
ZWE,2007,9.835
ZWE,2008,7.72
ZWE,2009,8.25
ZWE,2010,8.754
ZWE,2011,10.363
ZWE,2012,11.257
ZWE,2013,11.671
ZWE,2014,11.946
ZWE,2015,12.017
ZWE,2016,10.588
ZWE,2017,9.831
ZWE,2018,11.209
ZWE,2019,10.267
ZWE,2020,8.491
ZWE,2021,10.223
ZWE,2022,12.232
ZWE,2023,13.443
ZWE,2024,13.701
